Test potential (mV),Aslanidi 2009 atrial,Test potential (mV),Aslanidi 2009 Purkinje,Test potential (mV),Bartolucci 2020 (epi),Test potential (mV),Beeler-Reuter 1977,Test potential (mV),Bondarenko 2004 apical,Test potential (mV),Cabo 2003 (Non-infarcted) (ICaL),Test potential (mV),Corrias 2011,Test potential (mV),Cortassa 2006 (ICaL),Test potential (mV),Courtemanche 1998,Test potential (mV),Decker 2009,Test potential (mV),Demir 1994,Test potential (mV),DiFrancesco 1985 ICaL study,Test potential (mV),Dokos 1996 (ICaL Only),Test potential (mV),Faber 2007 (ICaL),Test potential (mV),Fink 2008,Test potential (mV),Fox 2002,Test potential (mV),Grandi 2010 ICaL study,Test potential (mV),Grandi 2011,Test potential (mV),Heijman 2011,Test potential (mV),Hilgemann 1987,Test potential (mV),Hund 2008 (NZ)(ICaL),Test potential (mV),Hund Rudy 2004,Test potential (mV),Inada 2009 (atrio-nodal),Test potential (mV),Iyer 2004 ICaL study,Test potential (mV),Jafri 1998,Test potential (mV),Kernik 2019 (ICaL),Test potential (mV),Koivumaki 2011 ICaL study,Test potential (mV),Kurata 2002 ICaL study,Test potential (mV),Li 2010,Test potential (mV),Li 2011 (ICaL),Test potential (mV),Lindblad 1996,Test potential (mV),Liu 1993 (ICaL),Test potential (mV),Livshitz 2007 (ICaL),Test potential (mV),Lovell 2004 (ICaL),Test potential (mV),Luo 1994 ICaL study,Test potential (mV),Mahajan 2008,Test potential (mV),Matsuoka 2003 ICaL study,Test potential (mV),McAllister 1975 (Model B),Test potential (mV),Michailova 2005,Test potential (mV),Noble 1991 ICaL study,Test potential (mV),Noble 1998 ICaL study,Test potential (mV),Nordin 1993 (ICaL),Test potential (mV),Nygren 1998,Test potential (mV),O'Hara 2011 ICaL study,Test potential (mV),Paci 2013 (atrial-like),Test potential (mV),Pandit 2001 (epi),Test potential (mV),Pasek 2006,Test potential (mV),Priebe 1998,Test potential (mV),Ramirez 2000,Test potential (mV),Sato 2006 (ICaL),Test potential (mV),Shannon 2004 ICaL study,Test potential (mV),ten Tusscher 2004 (epi),Test potential (mV),ten Tusscher 2006 (epi),Test potential (mV),Tomek 2019 ICaL study,Test potential (mV),Trovato 2020,Test potential (mV),Varela 2016 (right atrium),Test potential (mV),Wilders 1991 (ICaL),Test potential (mV),Winslow 1999 ICaL study,Test potential (mV),Zeng 1995 (ICaL),Test potential (mV),Zhang 2000
-60.01,-0.00402572,-60.01,-0.00090482,-60.01,-0.000011153,-60.01,-0.0519471,-60.01,-1.63585e-11,-60.01,-0.0000658183,-60.01,-0.000436657,-60.01,-5.3344e-14,-60.01,-0.00479806,-60.01,-0.00696989,-60.01,-0.00130181,-60.01,-0.000305308,-60.01,-0.000999068,-60.01,-0.000405856,-60.01,-0.00141909,-60.01,-0.00295815,-60.01,-0.000891817,-60.01,-0.00146184,-60.01,-0.00000639698,-60.01,-0.000371749,-60.01,-0.00100981,-60.01,-1.17283e-9,-60.01,-0.000568056,-60.01,-0.0000184055,-60.01,-4.00218e-11,-60.01,-0.0157074,-60.01,-0.000729194,-60.01,-0.00130434,-60.01,-0.00133281,-60.01,-0.00362232,-60.01,-0.00155298,-60.01,-0.0001167,-60.01,-0.000441164,-60.01,-0.0999248,-60.01,-0.0022875,-60.01,-0.00507171,-60.01,-0.000777998,-60.01,-0.130721,-60.01,-4.94158e-14,-60.01,-0.000213467,-60.01,-0.000198622,-60.01,-0.0000151912,-60.01,-0.000424906,-60.01,-0.0000114406,-60.01,-0.00319088,-60.01,-6.19736e-8,-60.01,-0.00125328,-60.01,-0.0000259438,-60.01,-0.00060003,-60.01,-0.00128339,-60.01,-0.00310648,-60.01,-0.00456718,-60.01,-0.00485173,-60.01,-5.86345e-63,-60.01,-0.0000238836,-60.01,-0.0000262167,-60.01,-0.00256708,-60.01,-4.74435e-14,-60.01,-0.00227995,-60.01,-0.00520135
-58.01,-0.0049235,-58.01,-0.00116959,-58.01,-0.0000173339,-58.01,-0.0615718,-58.01,-6.42298e-11,-58.01,-0.0000905501,-58.01,-0.000621452,-58.01,-2.12509e-13,-58.01,-0.00605861,-58.01,-0.00834009,-58.01,-0.00178089,-58.01,-0.00049163,-58.01,-0.00132952,-58.01,-0.000606186,-58.01,-0.00180276,-58.01,-0.00394534,-58.01,-0.00120344,-58.01,-0.00197404,-58.01,-0.0000114141,-58.01,-0.000598774,-58.01,-0.00130006,-58.01,-5.48564e-7,-58.01,-0.000756002,-58.01,-0.000032254,-58.01,-1.58997e-10,-58.01,-0.0202749,-58.01,-0.00100973,-58.01,-0.0017849,-58.01,-0.00175991,-58.01,-0.00452906,-58.01,-0.00186504,-58.01,-0.000220467,-58.01,-0.000828297,-58.01,-0.108388,-58.01,-0.00304842,-58.01,-0.00630301,-58.01,-0.00111916,-58.01,-0.169624,-58.01,-1.96844e-13,-58.01,-0.00034416,-58.01,-0.000320265,-58.01,-0.0000326184,-58.01,-0.000589793,-58.01,-0.0000177809,-58.01,-0.00411126,-58.01,-1.35698e-7,-58.01,-0.00180999,-58.01,-0.0000460654,-58.01,-0.000823909,-58.01,-0.00170333,-58.01,-0.00419541,-58.01,-0.00577323,-58.01,-0.00616476,-58.01,-2.65731e-53,-58.01,-0.0000371118,-58.01,-0.000038454,-58.01,-0.00340438,-58.01,-1.89119e-13,-58.01,-0.00303843,-58.01,-0.0069976
-56.01,-0.00604615,-56.01,-0.00150802,-56.01,-0.0000269167,-56.01,-0.0729718,-56.01,-2.49088e-10,-56.01,-0.000124487,-56.01,-0.000884239,-56.01,-8.45578e-13,-56.01,-0.00764696,-56.01,-0.00997055,-56.01,-0.00243438,-56.01,-0.000790413,-56.01,-0.00176855,-56.01,-0.000901004,-56.01,-0.00228822,-56.01,-0.00525657,-56.01,-0.00162189,-56.01,-0.00266258,-56.01,-0.0000203432,-56.01,-0.000962534,-56.01,-0.00166944,-56.01,-0.0000268411,-56.01,-0.00100584,-56.01,-0.0000562654,-56.01,-6.30172e-10,-56.01,-0.02613,-56.01,-0.00139686,-56.01,-0.00244125,-56.01,-0.00232113,-56.01,-0.0056576,-56.01,-0.0022471,-56.01,-0.000424066,-56.01,-0.00128173,-56.01,-0.118783,-56.01,-0.00405722,-56.01,-0.00782649,-56.01,-0.00161887,-56.01,-0.217469,-56.01,-7.83205e-13,-56.01,-0.000554136,-56.01,-0.000515771,-56.01,-0.0000692778,-56.01,-0.0008184,-56.01,-0.0000276107,-56.01,-0.00529194,-56.01,-2.97028e-7,-56.01,-0.00261146,-56.01,-0.00008061,-56.01,-0.00113096,-56.01,-0.00225634,-56.01,-0.00565999,-56.01,-0.00729079,-56.01,-0.00782668,-56.01,-4.00773e-45,-56.01,-0.0000576148,-56.01,-0.0000563841,-56.01,-0.00451062,-56.01,-7.53042e-13,-56.01,-0.00404402,-56.01,-0.00935488
-54.01,-0.00745562,-54.01,-0.00193962,-54.01,-0.0000417588,-54.01,-0.0864343,-54.01,-9.50588e-10,-54.01,-0.000171046,-54.01,-0.00125777,-54.01,-3.36008e-12,-54.01,-0.00964688,-54.01,-0.0119084,-54.01,-0.0033245,-54.01,-0.00126822,-54.01,-0.00235167,-54.01,-0.00133208,-54.01,-0.00290197,-54.01,-0.00699556,-54.01,-0.00218275,-54.01,-0.00358659,-54.01,-0.0000362108,-54.01,-0.00154299,-54.01,-0.00213828,-54.01,-0.000283332,-54.01,-0.00133778,-54.01,-0.0000976481,-54.01,-2.49029e-9,-54.01,-0.0336157,-54.01,-0.0019301,-54.01,-0.00333709,-54.01,-0.0030582,-54.01,-0.00706085,-54.01,-0.0027168,-54.01,-0.000825838,-54.01,-0.00178187,-54.01,-0.131439,-54.01,-0.0053921,-54.01,-0.00970941,-54.01,-0.00235754,-54.01,-0.274895,-54.01,-3.11222e-12,-54.01,-0.000890789,-54.01,-0.000829403,-54.01,-0.000145255,-54.01,-0.00113521,-54.01,-0.0000428355,-54.01,-0.00680464,-54.01,-6.49914e-7,-54.01,-0.00376397,-54.01,-0.000139016,-54.01,-0.00155191,-54.01,-0.00298264,-54.01,-0.00762893,-54.01,-0.00919799,-54.01,-0.00992804,-54.01,-3.3825e-38,-54.01,-0.0000893619,-54.01,-0.0000826433,-54.01,-0.00596956,-54.01,-2.99485e-12,-54.01,-0.0053747,-54.01,-0.0124155
-52.01,-0.00923197,-52.01,-0.00248898,-52.01,-0.0000647232,-52.01,-0.102265,-52.01,-3.55424e-9,-52.01,-0.000234648,-52.01,-0.00178838,-52.01,-1.33315e-11,-52.01,-0.0121628,-52.01,-0.0142086,-52.01,-0.00453476,-52.01,-0.0020294,-52.01,-0.00312574,-52.01,-0.00195791,-52.01,-0.00367735,-52.01,-0.00929772,-52.01,-0.00293299,-52.01,-0.00482414,-52.01,-0.0000643594,-52.01,-0.00246353,-52.01,-0.00273196,-52.01,-0.00114514,-52.01,-0.00177854,-52.01,-0.000168485,-52.01,-9.80441e-9,-52.01,-0.0431553,-52.01,-0.00266295,-52.01,-0.00455886,-52.01,-0.004025,-52.01,-0.00880358,-52.01,-0.00329669,-52.01,-0.00161838,-52.01,-0.00236094,-52.01,-0.146702,-52.01,-0.00715464,-52.01,-0.0120338,-52.01,-0.00346064,-52.01,-0.341845,-52.01,-1.23491e-11,-52.01,-0.00142911,-52.01,-0.00133139,-52.01,-0.000299923,-52.01,-0.00157405,-52.01,-0.0000663919,-52.01,-0.00874021,-52.01,-0.00000142143,-52.01,-0.00541919,-52.01,-0.00023626,-52.01,-0.00212872,-52.01,-0.0039338,-52.01,-0.0102684,-52.01,-0.0115917,-52.01,-0.0125823,-52.01,-2.48134e-32,-52.01,-0.000138468,-52.01,-0.000121081,-52.01,-0.00788922,-52.01,-1.18942e-11,-52.01,-0.00713178,-52.01,-0.0163526
-50.01,-0.0114786,-50.01,-0.00318725,-50.01,-0.000100216,-50.01,-0.120775,-50.01,-1.29552e-8,-50.01,-0.000321688,-50.01,-0.00254154,-50.01,-5.27997e-11,-50.01,-0.0153245,-50.01,-0.0169355,-50.01,-0.00617666,-50.01,-0.00323547,-50.01,-0.00415269,-50.01,-0.0028594,-50.01,-0.00465621,-50.01,-0.0123388,-50.01,-0.0039343,-50.01,-0.00647777,-50.01,-0.000114187,-50.01,-0.00390967,-50.01,-0.00348236,-50.01,-0.0026841,-50.01,-0.0023634,-50.01,-0.000288804,-50.01,-3.8415e-8,-50.01,-0.0552653,-50.01,-0.00366771,-50.01,-0.00622361,-50.01,-0.00529143,-50.01,-0.0109643,-50.01,-0.00401563,-50.01,-0.00317111,-50.01,-0.00306661,-50.01,-0.164929,-50.01,-0.0094761,-50.01,-0.0148994,-50.01,-0.00512614,-50.01,-0.417291,-50.01,-4.89181e-11,-50.01,-0.00228695,-50.01,-0.0021326,-50.01,-0.000608061,-50.01,-0.00218156,-50.01,-0.0001028,-50.01,-0.0112135,-50.01,-0.00000310716,-50.01,-0.0077931,-50.01,-0.000395684,-50.01,-0.00291863,-50.01,-0.0051757,-50.01,-0.0137973,-50.01,-0.0145919,-50.01,-0.0159311,-50.01,-2.29747e-27,-50.01,-0.00021434,-50.01,-0.000177313,-50.01,-0.0104075,-50.01,-4.71632e-11,-50.01,-0.00944614,-50.01,-0.0213931
-48.01,-0.0143293,-48.01,-0.00407397,-48.01,-0.000155012,-48.01,-0.142251,-48.01,-4.59799e-8,-48.01,-0.000440565,-48.01,-0.00360941,-48.01,-2.08667e-10,-48.01,-0.0192928,-48.01,-0.0201635,-48.01,-0.008398,-48.01,-0.0051314,-48.01,-0.00551414,-48.01,-0.00414676,-48.01,-0.00589101,-48.01,-0.0163459,-48.01,-0.00526734,-48.01,-0.00868134,-48.01,-0.000202152,-48.01,-0.00614884,-48.01,-0.00442958,-48.01,-0.00470704,-48.01,-0.00313886,-48.01,-0.000491393,-48.01,-1.49567e-7,-48.01,-0.0705651,-48.01,-0.0050435,-48.01,-0.00848939,-48.01,-0.00694796,-48.01,-0.0136359,-48.01,-0.00491065,-48.01,-0.00617042,-48.01,-0.00395033,-48.01,-0.186471,-48.01,-0.0125251,-48.01,-0.0184268,-48.01,-0.0076685,-48.01,-0.499063,-48.01,-1.93397e-10,-48.01,-0.00364779,-48.01,-0.00340686,-48.01,-0.00120642,-48.01,-0.00302205,-48.01,-0.000159008,-48.01,-0.0143694,-48.01,-0.00000678765,-48.01,-0.0111925,-48.01,-0.00065301,-48.01,-0.00399962,-48.01,-0.00679231,-48.01,-0.0184984,-48.01,-0.0183462,-48.01,-0.0201508,-48.01,-3.68281e-23,-48.01,-0.000331433,-48.01,-0.000259516,-48.01,-0.013698,-48.01,-1.86663e-10,-48.01,-0.012486,-48.01,-0.0278645
-46.01,-0.0179564,-46.01,-0.0051993,-46.01,-0.000239508,-46.01,-0.16692,-46.01,-1.69415e-7,-46.01,-0.00060273,-46.01,-0.00512125,-46.01,-8.22529e-10,-46.01,-0.0242655,-46.01,-0.0239791,-46.01,-0.0113934,-46.01,-0.00807727,-46.01,-0.00731752,-46.01,-0.00596773,-46.01,-0.00744718,-46.01,-0.0216116,-46.01,-0.0070371,-46.01,-0.0116082,-46.01,-0.000356901,-46.01,-0.00954103,-46.01,-0.00562431,-46.01,-0.00707831,-46.01,-0.00416602,-46.01,-0.000829145,-46.01,-5.77463e-7,-46.01,-0.0897827,-46.01,-0.00693615,-46.01,-0.0115687,-46.01,-0.00911138,-46.01,-0.0169244,-46.01,-0.00602921,-46.01,-0.0118326,-46.01,-0.00506985,-46.01,-0.211648,-46.01,-0.0165168,-46.01,-0.0227617,-46.01,-0.011588,-46.01,-0.583907,-46.01,-7.62779e-10,-46.01,-0.00579358,-46.01,-0.0054244,-46.01,-0.00233462,-46.01,-0.00418395,-46.01,-0.000245679,-46.01,-0.0183895,-46.01,-0.0000148153,-46.01,-0.0160516,-46.01,-0.00106189,-46.01,-0.00547766,-46.01,-0.00889039,-46.01,-0.0247289,-46.01,-0.023036,-46.01,-0.0254598,-46.01,-1.33583e-19,-46.01,-0.000511924,-46.01,-0.000379586,-46.01,-0.0179752,-46.01,-7.37099e-10,-46.01,-0.0164659,-46.01,-0.0362694
-44.01,-0.0225819,-44.01,-0.00662668,-44.01,-0.000369642,-44.01,-0.194891,-44.01,-9.3479e-7,-44.01,-0.000823675,-44.01,-0.00725748,-44.01,-3.2319e-9,-44.01,-0.0304848,-44.01,-0.0284822,-44.01,-0.0154174,-44.01,-0.0125781,-44.01,-0.00970379,-44.01,-0.00853635,-44.01,-0.00940607,-44.01,-0.0285124,-44.01,-0.0093795,-44.01,-0.015481,-44.01,-0.00062787,-44.01,-0.0145204,-44.01,-0.00713064,-44.01,-0.00980246,-44.01,-0.00552492,-44.01,-0.00138599,-44.01,-0.0000022045,-44.01,-0.11375,-44.01,-0.00957921,-44.01,-0.0157462,-44.01,-0.011932,-44.01,-0.020953,-44.01,-0.00743216,-44.01,-0.0221635,-44.01,-0.00649444,-44.01,-0.240723,-44.01,-0.0217235,-44.01,-0.028078,-44.01,-0.0176742,-44.01,-0.667834,-44.01,-2.99969e-9,-44.01,-0.00914986,-44.01,-0.00860032,-44.01,-0.00439396,-44.01,-0.00578867,-44.01,-0.00037916,-44.01,-0.0235005,-44.01,-0.0000323006,-44.01,-0.0229826,-44.01,-0.00170137,-44.01,-0.00749637,-44.01,-0.0116057,-44.01,-0.0329253,-44.01,-0.0288833,-44.01,-0.0321268,-44.01,-1.37553e-16,-44.01,-0.000789776,-44.01,-0.000554787,-44.01,-0.0234962,-44.01,-2.90251e-9,-44.01,-0.0216576,-44.01,-0.0473736
-42.01,-0.0284899,-42.01,-0.00843571,-42.01,-0.000569806,-42.01,-0.226087,-42.01,-0.00000956094,-42.01,-0.00112432,-42.01,-0.0102683,-42.01,-1.26477e-8,-42.01,-0.0382448,-42.01,-0.0337879,-42.01,-0.0208014,-42.01,-0.0192959,-42.01,-0.0128572,-42.01,-0.0121127,-42.01,-0.0118685,-42.01,-0.0375329,-42.01,-0.0124696,-42.01,-0.0205824,-42.01,-0.00109935,-42.01,-0.0215265,-42.01,-0.00902955,-42.01,-0.0129747,-42.01,-0.00731994,-42.01,-0.00229257,-42.01,-0.00000828852,-42.01,-0.143379,-42.01,-0.0133018,-42.01,-0.0214,-42.01,-0.0156027,-42.01,-0.0258932,-42.01,-0.00919713,-42.01,-0.0401241,-42.01,-0.00830972,-42.01,-0.273878,-42.01,-0.0284872,-42.01,-0.0345836,-42.01,-0.0271443,-42.01,-0.746712,-42.01,-1.17531e-8,-42.01,-0.0143435,-42.01,-0.0135623,-42.01,-0.00802631,-42.01,-0.00800235,-42.01,-0.000584458,-42.01,-0.0299835,-42.01,-0.0000703134,-42.01,-0.032843,-42.01,-0.00268557,-42.01,-0.0102496,-42.01,-0.015111,-42.01,-0.0435957,-42.01,-0.0361577,-42.01,-0.0404809,-42.01,-4.87293e-14,-42.01,-0.00121692,-42.01,-0.00081013,-42.01,-0.0305583,-42.01,-1.13887e-8,-42.01,-0.0284023,-42.01,-0.0622895
-40.01,-0.0360409,-40.01,-0.0107246,-40.01,-0.000877267,-40.01,-0.26017,-40.01,-0.0000582708,-40.01,-0.00153282,-40.01,-0.0144979,-40.01,-4.92394e-8,-40.01,-0.0478983,-40.01,-0.040028,-40.01,-0.0279765,-40.01,-0.0290288,-40.01,-0.0170175,-40.01,-0.0170349,-40.01,-0.014959,-40.01,-0.0492969,-40.01,-0.0165314,-40.01,-0.0272675,-40.01,-0.00191263,-40.01,-0.0309008,-40.01,-0.0114228,-40.01,-0.0167237,-40.01,-0.00968642,-40.01,-0.00374791,-40.01,-0.0000305271,-40.01,-0.179622,-40.01,-0.0184737,-40.01,-0.0290292,-40.01,-0.0203694,-40.01,-0.0319752,-40.01,-0.0114224,-40.01,-0.06936,-40.01,-0.0106215,-40.01,-0.311184,-40.01,-0.0372328,-40.01,-0.0425243,-40.01,-0.041789,-40.01,-0.816948,-40.01,-4.58315e-8,-40.01,-0.0222704,-40.01,-0.0212392,-40.01,-0.0142075,-40.01,-0.0110515,-40.01,-0.000899768,-40.01,-0.0381838,-40.01,-0.000152722,-40.01,-0.0468227,-40.01,-0.0041758,-40.01,-0.0139976,-40.01,-0.0196266,-40.01,-0.0572989,-40.01,-0.0451854,-40.01,-0.0509216,-40.01,-6.98883e-12,-40.01,-0.00187256,-40.01,-0.00118176,-40.01,-0.0394843,-40.01,-4.44805e-8,-40.01,-0.0371239,-40.01,-0.0825288
-38.01,-0.0456858,-38.01,-0.0136106,-38.01,-0.00134885,-38.01,-0.296498,-38.01,-0.0000906586,-38.01,-0.00208712,-38.01,-0.0204158,-38.01,-1.904e-7,-38.01,-0.0598638,-38.01,-0.0473528,-38.01,-0.0375041,-38.01,-0.0426695,-38.01,-0.0224943,-38.01,-0.0237273,-38.01,-0.018831,-38.01,-0.0646028,-38.01,-0.0218503,-38.01,-0.0359771,-38.01,-0.00329871,-38.01,-0.0428521,-38.01,-0.0144363,-38.01,-0.0211543,-38.01,-0.0127986,-38.01,-0.00604766,-38.01,-0.00010935,-38.01,-0.223387,-38.01,-0.025551,-38.01,-0.0392851,-38.01,-0.0265441,-38.01,-0.0394442,-38.01,-0.014231,-38.01,-0.113051,-38.01,-0.0135567,-38.01,-0.3526,-38.01,-0.0484824,-38.01,-0.0521908,-38.01,-0.064026,-38.01,-0.876024,-38.01,-1.77613e-7,-38.01,-0.0341665,-38.01,-0.0329674,-38.01,-0.0243295,-38.01,-0.0152432,-38.01,-0.0013833,-38.01,-0.0485197,-38.01,-0.000330627,-38.01,-0.0665476,-38.01,-0.00639491,-38.01,-0.0190874,-38.01,-0.0254333,-38.01,-0.0746286,-38.01,-0.0563572,-38.01,-0.0639296,-38.01,-4.65802e-10,-38.01,-0.00287723,-38.01,-0.00172179,-38.01,-0.0505964,-38.01,-1.72675e-7,-38.01,-0.0483436,-38.01,-0.109985
-36.01,-0.0579731,-36.01,-0.0172295,-36.01,-0.00207104,-36.01,-0.334158,-36.01,-0.0000686355,-36.01,-0.00283812,-36.01,-0.0286559,-36.01,-7.29657e-7,-36.01,-0.0746281,-36.01,-0.0559331,-36.01,-0.0501125,-36.01,-0.0612186,-36.01,-0.0296841,-36.01,-0.0327078,-36.01,-0.0236723,-36.01,-0.0844595,-36.01,-0.028787,-36.01,-0.0472511,-36.01,-0.00562216,-36.01,-0.0576422,-36.01,-0.0182225,-36.01,-0.02628,-36.01,-0.0168789,-36.01,-0.00961865,-36.01,-0.000377401,-36.01,-0.275423,-36.01,-0.035165,-36.01,-0.0530057,-36.01,-0.0345182,-36.01,-0.0485653,-36.01,-0.017775,-36.01,-0.171903,-36.01,-0.0172676,-36.01,-0.397959,-36.01,-0.0628686,-36.01,-0.0639242,-36.01,-0.0966664,-36.01,-0.922755,-36.01,-6.82635e-7,-36.01,-0.0516764,-36.01,-0.0505971,-36.01,-0.0402177,-36.01,-0.0209908,-36.01,-0.00212357,-36.01,-0.0614867,-36.01,-0.000712197,-36.01,-0.0941798,-36.01,-0.00964294,-36.01,-0.0259768,-36.01,-0.03289,-36.01,-0.096252,-36.01,-0.0701368,-36.01,-0.0800752,-36.01,-1.62147e-8,-36.01,-0.00441366,-36.01,-0.00250518,-36.01,-0.0641748,-36.01,-6.64917e-7,-36.01,-0.0626928,-36.01,-0.146763
-34.01,-0.0735415,-34.01,-0.02176,-34.01,-0.00317508,-34.01,-0.372122,-34.01,-0.0000840767,-34.01,-0.00385398,-34.01,-0.0400634,-34.01,-0.00000276277,-34.01,-0.0927461,-34.01,-0.0659607,-34.01,-0.0667251,-34.01,-0.0859348,-34.01,-0.0390883,-34.01,-0.0445903,-34.01,-0.0297117,-34.01,-0.110111,-34.01,-0.0377945,-34.01,-0.061744,-34.01,-0.00942963,-34.01,-0.075964,-34.01,-0.0229662,-34.01,-0.0320644,-34.01,-0.0222076,-34.01,-0.0150572,-34.01,-0.00124022,-34.01,-0.336156,-34.01,-0.0481616,-34.01,-0.0712487,-34.01,-0.0447758,-34.01,-0.0596426,-34.01,-0.0222417,-34.01,-0.24255,-34.01,-0.021969,-34.01,-0.44699,-34.01,-0.0811446,-34.01,-0.0781218,-34.01,-0.142214,-34.01,-0.95722,-34.01,-0.00000259462,-34.01,-0.0769069,-34.01,-0.0765562,-34.01,-0.0640159,-34.01,-0.0288445,-34.01,-0.00325475,-34.01,-0.077648,-34.01,-0.00152205,-34.01,-0.132446,-34.01,-0.0143121,-34.01,-0.0352624,-34.01,-0.0424535,-34.01,-0.123031,-34.01,-0.0870665,-34.01,-0.100024,-34.01,-3.25456e-7,-34.01,-0.00675756,-34.01,-0.00363955,-34.01,-0.080417,-34.01,-0.00000253254,-34.01,-0.0809238,-34.01,-0.194761
-32.01,-0.0930843,-32.01,-0.0274517,-32.01,-0.00485953,-32.01,-0.409543,-32.01,-0.000164018,-32.01,-0.00522579,-32.01,-0.0557468,-32.01,-0.000010293,-32.01,-0.114831,-32.01,-0.0776491,-32.01,-0.0884598,-32.01,-0.11854,-32.01,-0.051331,-32.01,-0.0600761,-32.01,-0.0372257,-32.01,-0.14303,-32.01,-0.049436,-32.01,-0.080238,-32.01,-0.015483,-32.01,-0.099206,-32.01,-0.02892,-32.01,-0.0386967,-32.01,-0.0291319,-32.01,-0.0231657,-32.01,-0.00382566,-32.01,-0.405487,-32.01,-0.0656329,-32.01,-0.0953118,-32.01,-0.0579017,-32.01,-0.0730174,-32.01,-0.0278663,-32.01,-0.318297,-32.01,-0.0279529,-32.01,-0.499312,-32.01,-0.104187,-32.01,-0.095241,-32.01,-0.201868,-32.01,-0.980463,-32.01,-0.00000971459,-32.01,-0.112407,-32.01,-0.113784,-32.01,-0.0978924,-32.01,-0.0395263,-32.01,-0.00497958,-32.01,-0.0978449,-32.01,-0.00321147,-32.01,-0.18442,-32.01,-0.0208967,-32.01,-0.0477079,-32.01,-0.0547015,-32.01,-0.15613,-32.01,-0.10777,-32.01,-0.124531,-32.01,-0.00000409581,-32.01,-0.010322,-32.01,-0.00527895,-32.01,-0.0994315,-32.01,-0.00000950387,-32.01,-0.103912,-32.01,-0.255039
-30.01,-0.117282,-30.01,-0.0345825,-30.01,-0.00742357,-30.01,-0.446046,-30.01,-0.000337121,-30.01,-0.0070749,-30.01,-0.0771227,-30.01,-0.0000375214,-30.01,-0.141536,-30.01,-0.0912318,-30.01,-0.116604,-30.01,-0.161207,-30.01,-0.067173,-30.01,-0.0799337,-30.01,-0.0465445,-30.01,-0.18486,-30.01,-0.064403,-30.01,-0.103655,-30.01,-0.0247384,-30.01,-0.129336,-30.01,-0.0364271,-30.01,-0.0466474,-30.01,-0.0380709,-30.01,-0.0349773,-30.01,-0.0108989,-30.01,-0.482561,-30.01,-0.0889432,-30.01,-0.126719,-30.01,-0.0745779,-30.01,-0.0890603,-30.01,-0.034957,-30.01,-0.39232,-30.01,-0.0355446,-30.01,-0.554427,-30.01,-0.13298,-30.01,-0.115799,-30.01,-0.274895,-30.01,-0.994108,-30.01,-0.000035638,-30.01,-0.160936,-30.01,-0.165381,-30.01,-0.143584,-30.01,-0.0539633,-30.01,-0.00760287,-30.01,-0.123399,-30.01,-0.00663698,-30.01,-0.2527,-30.01,-0.0299904,-30.01,-0.0642681,-30.01,-0.0703571,-30.01,-0.196957,-30.01,-0.132947,-30.01,-0.154432,-30.01,-0.0000346942,-30.01,-0.0157199,-30.01,-0.00764335,-30.01,-0.121315,-30.01,-0.000034953,-30.01,-0.132641,-30.01,-0.32729
-28.01,-0.1467,-28.01,-0.0434569,-28.01,-0.0113155,-28.01,-0.481861,-28.01,-0.00067139,-28.01,-0.00956248,-28.01,-0.105925,-28.01,-0.00013284,-28.01,-0.173517,-28.01,-0.106957,-28.01,-0.1526,-28.01,-0.216107,-28.01,-0.0875176,-28.01,-0.10496,-28.01,-0.0580574,-28.01,-0.237243,-28.01,-0.0835304,-28.01,-0.133052,-28.01,-0.038225,-28.01,-0.168467,-28.01,-0.0458845,-28.01,-0.0562776,-28.01,-0.0495128,-28.01,-0.0517555,-28.01,-0.0281968,-28.01,-0.565553,-28.01,-0.119712,-28.01,-0.167142,-28.01,-0.0955562,-28.01,-0.108159,-28.01,-0.0439225,-28.01,-0.460635,-28.01,-0.0451214,-28.01,-0.611671,-28.01,-0.168582,-28.01,-0.140368,-28.01,-0.35889,-28.01,-1,-28.01,-0.000127178,-28.01,-0.224834,-28.01,-0.233829,-28.01,-0.20188,-28.01,-0.0733092,-28.01,-0.0115803,-28.01,-0.154471,-28.01,-0.0132766,-28.01,-0.337604,-28.01,-0.0422593,-28.01,-0.0861006,-28.01,-0.0903094,-28.01,-0.246902,-28.01,-0.163354,-28.01,-0.190594,-28.01,-0.000210052,-28.01,-0.0238476,-28.01,-0.0110455,-28.01,-0.146326,-28.01,-0.000125081,-28.01,-0.168169,-28.01,-0.409796
-26.01,-0.181683,-26.01,-0.0544321,-26.01,-0.0172023,-26.01,-0.517657,-26.01,-0.00132792,-26.01,-0.0129018,-26.01,-0.144125,-26.01,-0.000452386,-26.01,-0.211378,-26.01,-0.125079,-26.01,-0.198033,-26.01,-0.284613,-26.01,-0.113401,-26.01,-0.135925,-26.01,-0.0722151,-26.01,-0.301492,-26.01,-0.107803,-26.01,-0.1696,-26.01,-0.0568123,-26.01,-0.218299,-26.01,-0.0577527,-26.01,-0.0676683,-26.01,-0.0639986,-26.01,-0.0749507,-26.01,-0.065232,-26.01,-0.651542,-26.01,-0.159647,-26.01,-0.218208,-26.01,-0.121596,-26.01,-0.130701,-26.01,-0.0552875,-26.01,-0.522539,-26.01,-0.0571323,-26.01,-0.670136,-26.01,-0.212042,-26.01,-0.169562,-26.01,-0.450525,-26.01,-0.999933,-26.01,-0.000437325,-26.01,-0.304988,-26.01,-0.319771,-26.01,-0.27222,-26.01,-0.0989339,-26.01,-0.0175878,-26.01,-0.192264,-26.01,-0.0253365,-26.01,-0.434883,-26.01,-0.0583738,-26.01,-0.114549,-26.01,-0.115626,-26.01,-0.306995,-26.01,-0.199772,-26.01,-0.233859,-26.01,-0.000956362,-26.01,-0.035994,-26.01,-0.0159277,-26.01,-0.175086,-26.01,-0.000431444,-26.01,-0.211544,-26.01,-0.499716
-24.01,-0.222306,-24.01,-0.0679269,-24.01,-0.0260662,-24.01,-0.554185,-24.01,-0.00272454,-24.01,-0.0173737,-24.01,-0.193698,-24.01,-0.00146418,-24.01,-0.255592,-24.01,-0.145834,-24.01,-0.254467,-24.01,-0.366406,-24.01,-0.145957,-24.01,-0.173494,-24.01,-0.0895267,-24.01,-0.378013,-24.01,-0.13834,-24.01,-0.214501,-24.01,-0.0809403,-24.01,-0.279579,-24.01,-0.0725813,-24.01,-0.0807551,-24.01,-0.0820943,-24.01,-0.106099,-24.01,-0.133421,-24.01,-0.736571,-24.01,-0.21017,-24.01,-0.281153,-24.01,-0.153363,-24.01,-0.157051,-24.01,-0.0696889,-24.01,-0.579094,-24.01,-0.0720976,-24.01,-0.728589,-24.01,-0.264264,-24.01,-0.204008,-24.01,-0.546102,-24.01,-0.99549,-24.01,-0.0014317,-24.01,-0.399714,-24.01,-0.420777,-24.01,-0.352565,-24.01,-0.13235,-24.01,-0.0266183,-24.01,-0.237394,-24.01,-0.0455466,-24.01,-0.535744,-24.01,-0.0788863,-24.01,-0.151077,-24.01,-0.147541,-24.01,-0.377554,-24.01,-0.242941,-24.01,-0.284926,-24.01,-0.00341858,-24.01,-0.0539767,-24.01,-0.0229105,-24.01,-0.208654,-24.01,-0.00141727,-24.01,-0.263673,-24.01,-0.593232
-22.01,-0.268476,-22.01,-0.0844301,-22.01,-0.0393345,-22.01,-0.591931,-22.01,-0.00605652,-22.01,-0.0233464,-22.01,-0.256154,-22.01,-0.00443953,-22.01,-0.306397,-22.01,-0.169422,-22.01,-0.322972,-22.01,-0.458894,-22.01,-0.186343,-22.01,-0.218136,-22.01,-0.110549,-22.01,-0.465656,-22.01,-0.176354,-22.01,-0.268846,-22.01,-0.110462,-22.01,-0.351665,-22.01,-0.0910118,-22.01,-0.0954039,-22.01,-0.104367,-22.01,-0.146653,-22.01,-0.240118,-22.01,-0.815998,-22.01,-0.271582,-22.01,-0.356317,-22.01,-0.191311,-22.01,-0.187535,-22.01,-0.0878698,-22.01,-0.631581,-22.01,-0.0906048,-22.01,-0.785443,-22.01,-0.325813,-22.01,-0.244308,-22.01,-0.641699,-22.01,-0.987969,-22.01,-0.00439724,-22.01,-0.50421,-22.01,-0.530867,-22.01,-0.439615,-22.01,-0.175036,-22.01,-0.0401123,-22.01,-0.281109,-22.01,-0.0767035,-22.01,-0.631635,-22.01,-0.104056,-22.01,-0.197122,-22.01,-0.187411,-22.01,-0.457824,-22.01,-0.293462,-22.01,-0.344194,-22.01,-0.00995099,-22.01,-0.0803003,-22.01,-0.0328561,-22.01,-0.248434,-22.01,-0.00436915,-22.01,-0.325125,-22.01,-0.685559
-20.01,-0.320185,-20.01,-0.104513,-20.01,-0.0590427,-20.01,-0.631316,-20.01,-0.0148579,-20.01,-0.0312994,-20.01,-0.331861,-20.01,-0.012409,-20.01,-0.363685,-20.01,-0.196001,-20.01,-0.403425,-20.01,-0.557271,-20.01,-0.235603,-20.01,-0.270032,-20.01,-0.135862,-20.01,-0.562445,-20.01,-0.22305,-20.01,-0.333367,-20.01,-0.144723,-20.01,-0.432351,-20.01,-0.113773,-20.01,-0.111417,-20.01,-0.131415,-20.01,-0.19775,-20.01,-0.381475,-20.01,-0.885113,-20.01,-0.341138,-20.01,-0.442546,-20.01,-0.235639,-20.01,-0.22242,-20.01,-0.11067,-20.01,-0.680831,-20.01,-0.113305,-20.01,-0.838826,-20.01,-0.396647,-20.01,-0.290973,-20.01,-0.733152,-20.01,-0.978371,-20.01,-0.0124604,-20.01,-0.611183,-20.01,-0.641503,-20.01,-0.529317,-20.01,-0.228143,-20.01,-0.0601238,-20.01,-0.326943,-20.01,-0.121183,-20.01,-0.719107,-20.01,-0.133678,-20.01,-0.253842,-20.01,-0.236596,-20.01,-0.545679,-20.01,-0.351663,-20.01,-0.411563,-20.01,-0.0243324,-20.01,-0.118293,-20.01,-0.0469432,-20.01,-0.295928,-20.01,-0.0124292,-20.01,-0.395863,-20.01,-0.771413
-18.01,-0.377701,-18.01,-0.128848,-18.01,-0.0880067,-18.01,-0.672294,-18.01,-0.0388758,-18.01,-0.0418513,-18.01,-0.419293,-18.01,-0.0314511,-18.01,-0.426886,-18.01,-0.225746,-18.01,-0.493868,-18.01,-0.655367,-18.01,-0.294469,-18.01,-0.328973,-18.01,-0.166029,-18.01,-0.663958,-18.01,-0.279456,-18.01,-0.408102,-18.01,-0.182875,-18.01,-0.518083,-18.01,-0.141673,-18.01,-0.128546,-18.01,-0.163993,-18.01,-0.259941,-18.01,-0.540782,-18.01,-0.939902,-18.01,-0.409815,-18.01,-0.536736,-18.01,-0.286419,-18.01,-0.261906,-18.01,-0.138999,-18.01,-0.727218,-18.01,-0.140907,-18.01,-0.88676,-18.01,-0.475827,-18.01,-0.344332,-18.01,-0.816167,-18.01,-0.967429,-18.01,-0.0320164,-18.01,-0.712608,-18.01,-0.743829,-18.01,-0.617488,-18.01,-0.292128,-18.01,-0.0894968,-18.01,-0.389775,-18.01,-0.180123,-18.01,-0.79802,-18.01,-0.16706,-18.01,-0.321741,-18.01,-0.296258,-18.01,-0.637494,-18.01,-0.417417,-18.01,-0.486194,-18.01,-0.0513218,-18.01,-0.172068,-18.01,-0.0667485,-18.01,-0.352398,-18.01,-0.0320559,-18.01,-0.474955,-18.01,-0.84604
-16.01,-0.441343,-16.01,-0.158215,-16.01,-0.129925,-16.01,-0.713898,-16.01,-0.0989792,-16.01,-0.0557924,-16.01,-0.514622,-16.01,-0.0712287,-16.01,-0.494893,-16.01,-0.258946,-16.01,-0.590243,-16.01,-0.746965,-16.01,-0.363073,-16.01,-0.394295,-16.01,-0.201538,-16.01,-0.763553,-16.01,-0.346165,-16.01,-0.491992,-16.01,-0.224273,-16.01,-0.604556,-16.01,-0.175596,-16.01,-0.146513,-16.01,-0.203202,-16.01,-0.332931,-16.01,-0.69504,-16.01,-0.977699,-16.01,-0.464041,-16.01,-0.633837,-16.01,-0.343894,-16.01,-0.306133,-16.01,-0.173773,-16.01,-0.770835,-16.01,-0.174179,-16.01,-0.927451,-16.01,-0.561268,-16.01,-0.404417,-16.01,-0.886694,-16.01,-0.955645,-16.01,-0.0734385,-16.01,-0.801758,-16.01,-0.831002,-16.01,-0.700374,-16.01,-0.36647,-16.01,-0.131968,-16.01,-0.460743,-16.01,-0.252106,-16.01,-0.866971,-16.01,-0.203373,-16.01,-0.400223,-16.01,-0.367033,-16.01,-0.728359,-16.01,-0.489949,-16.01,-0.566314,-16.01,-0.0954932,-16.01,-0.246021,-16.01,-0.0943089,-16.01,-0.418484,-16.01,-0.0737428,-16.01,-0.560326,-16.01,-0.906223
-14.01,-0.510819,-14.01,-0.193496,-14.01,-0.189216,-14.01,-0.75503,-14.01,-0.216928,-14.01,-0.0741154,-14.01,-0.612025,-14.01,-0.142667,-14.01,-0.566045,-14.01,-0.296002,-14.01,-0.686781,-14.01,-0.827027,-14.01,-0.440632,-14.01,-0.464838,-14.01,-0.24273,-14.01,-0.853444,-14.01,-0.42299,-14.01,-0.582537,-14.01,-0.2687,-14.01,-0.687486,-14.01,-0.216496,-14.01,-0.16502,-14.01,-0.250499,-14.01,-0.41538,-14.01,-0.824567,-14.01,-0.99752,-14.01,-0.506878,-14.01,-0.727592,-14.01,-0.408652,-14.01,-0.355164,-14.01,-0.215802,-14.01,-0.811636,-14.01,-0.213925,-14.01,-0.959536,-14.01,-0.649647,-14.01,-0.470823,-14.01,-0.941483,-14.01,-0.943339,-14.01,-0.14873,-14.01,-0.874498,-14.01,-0.899412,-14.01,-0.775037,-14.01,-0.449634,-14.01,-0.191999,-14.01,-0.53889,-14.01,-0.332506,-14.01,-0.922687,-14.01,-0.242484,-14.01,-0.487205,-14.01,-0.448593,-14.01,-0.812693,-14.01,-0.567659,-14.01,-0.649107,-14.01,-0.159744,-14.01,-0.343442,-14.01,-0.132111,-14.01,-0.493783,-14.01,-0.149516,-14.01,-0.648664,-14.01,-0.950713
-12.01,-0.584577,-12.01,-0.235632,-12.01,-0.270247,-12.01,-0.794628,-12.01,-0.379099,-12.01,-0.0980414,-12.01,-0.704889,-12.01,-0.251833,-12.01,-0.638205,-12.01,-0.337279,-12.01,-0.777034,-12.01,-0.892374,-12.01,-0.525178,-12.01,-0.538953,-12.01,-0.289731,-12.01,-0.926186,-12.01,-0.508588,-12.01,-0.675664,-12.01,-0.316247,-12.01,-0.76328,-12.01,-0.265349,-12.01,-0.183725,-12.01,-0.307334,-12.01,-0.504836,-12.01,-0.918695,-12.01,-1,-12.01,-0.562797,-12.01,-0.811887,-12.01,-0.481285,-12.01,-0.408963,-12.01,-0.26563,-12.01,-0.849493,-12.01,-0.260944,-12.01,-0.982281,-12.01,-0.736586,-12.01,-0.542568,-12.01,-0.978606,-12.01,-0.930695,-12.01,-0.264883,-12.01,-0.929447,-12.01,-0.948521,-12.01,-0.839511,-12.01,-0.539165,-12.01,-0.273996,-12.01,-0.622338,-12.01,-0.414762,-12.01,-0.962588,-12.01,-0.285916,-12.01,-0.579004,-12.01,-0.539165,-12.01,-0.885157,-12.01,-0.648034,-12.01,-0.730833,-12.01,-0.244105,-12.01,-0.464025,-12.01,-0.182914,-12.01,-0.576491,-12.01,-0.265911,-12.01,-0.735602,-12.01,-0.980002
-10.01,-0.659719,-10.01,-0.285522,-10.01,-0.375556,-10.01,-0.831768,-10.01,-0.547466,-10.01,-0.129025,-10.01,-0.787414,-10.01,-0.39349,-10.01,-0.708913,-10.01,-0.38296,-10.01,-0.855229,-10.01,-0.941717,-10.01,-0.61346,-10.01,-0.614573,-10.01,-0.342417,-10.01,-0.976094,-10.01,-0.600152,-10.01,-0.765985,-10.01,-0.367071,-10.01,-0.829423,-10.01,-0.323019,-10.01,-0.202195,-10.01,-0.374449,-10.01,-0.597825,-10.01,-0.975768,-10.01,-0.987014,-10.01,-0.638152,-10.01,-0.882109,-10.01,-0.561531,-10.01,-0.467326,-10.01,-0.323335,-10.01,-0.884199,-10.01,-0.315915,-10.01,-0.995603,-10.01,-0.817146,-10.01,-0.617973,-10.01,-0.997732,-10.01,-0.917799,-10.01,-0.416494,-10.01,-0.967322,-10.01,-0.979896,-10.01,-0.892772,-10.01,-0.631602,-10.01,-0.3805,-10.01,-0.708125,-10.01,-0.493037,-10.01,-0.986775,-10.01,-0.337082,-10.01,-0.670679,-10.01,-0.635159,-10.01,-0.941577,-10.01,-0.727735,-10.01,-0.807205,-10.01,-0.345351,-10.01,-0.600893,-10.01,-0.249253,-10.01,-0.663239,-10.01,-0.416446,-10.01,-0.81621,-10.01,-0.995719
-8.01,-0.73256,-8.01,-0.343836,-8.01,-0.503015,-8.01,-0.865725,-8.01,-0.693338,-8.01,-0.168719,-8.01,-0.855883,-8.01,-0.55053,-8.01,-0.775631,-8.01,-0.433001,-8.01,-0.917389,-8.01,-0.975255,-8.01,-0.70116,-8.01,-0.689323,-8.01,-0.400452,-8.01,-1,-8.01,-0.693349,-8.01,-0.84752,-8.01,-0.421226,-8.01,-0.884537,-8.01,-0.390002,-8.01,-0.21986,-8.01,-0.451206,-8.01,-0.690111,-8.01,-1,-8.01,-0.961163,-8.01,-0.720874,-8.01,-0.935838,-8.01,-0.647404,-8.01,-0.529759,-8.01,-0.388336,-8.01,-0.915441,-8.01,-0.37921,-8.01,-1,-8.01,-0.88657,-8.01,-0.694618,-8.01,-1,-8.01,-0.90467,-8.01,-0.584485,-8.01,-0.990047,-8.01,-0.996121,-8.01,-0.934597,-8.01,-0.722276,-8.01,-0.509291,-8.01,-0.792061,-8.01,-0.564272,-8.01,-0.997953,-8.01,-0.400031,-8.01,-0.75685,-8.01,-0.731164,-8.01,-0.979564,-8.01,-0.802903,-8.01,-0.874042,-8.01,-0.457521,-8.01,-0.739379,-8.01,-0.332521,-8.01,-0.74928,-8.01,-0.581178,-8.01,-0.885733,-8.01,-1
-6.01,-0.799485,-6.01,-0.410764,-6.01,-0.643102,-6.01,-0.895994,-6.01,-0.806739,-6.01,-0.218855,-6.01,-0.909043,-6.01,-0.700918,-6.01,-0.835999,-6.01,-0.487128,-6.01,-0.961795,-6.01,-0.99414,-6.01,-0.783456,-6.01,-0.76068,-6.01,-0.463386,-6.01,-0.997296,-6.01,-0.782646,-6.01,-0.914727,-6.01,-0.478578,-6.01,-0.928216,-6.01,-0.466071,-6.01,-0.236016,-6.01,-0.535275,-6.01,-0.777091,-6.01,-0.998087,-6.01,-0.925289,-6.01,-0.799619,-6.01,-0.972644,-6.01,-0.734862,-6.01,-0.595365,-6.01,-0.459275,-6.01,-0.942778,-6.01,-0.450617,-6.01,-0.996357,-6.01,-0.941049,-6.01,-0.769412,-6.01,-0.987616,-6.01,-0.891282,-6.01,-0.743338,-6.01,-1,-6.01,-1,-6.01,-0.965358,-6.01,-0.805702,-6.01,-0.650548,-6.01,-0.868772,-6.01,-0.628389,-6.01,-1,-6.01,-0.47709,-6.01,-0.832742,-6.01,-0.820503,-6.01,-0.998653,-6.01,-0.869662,-6.01,-0.928001,-6.01,-0.573066,-6.01,-0.860272,-6.01,-0.4317,-6.01,-0.82911,-6.01,-0.735171,-6.01,-0.940364,-6.01,-0.995008
-4.01,-0.857696,-4.01,-0.4857,-4.01,-0.778959,-4.01,-0.922281,-4.01,-0.888914,-4.01,-0.281011,-4.01,-0.947665,-4.01,-0.826589,-4.01,-0.888086,-4.01,-0.544815,-4.01,-0.988763,-4.01,-1,-4.01,-0.855815,-4.01,-0.826147,-4.01,-0.530721,-4.01,-0.969529,-4.01,-0.862081,-4.01,-0.963522,-4.01,-0.53875,-4.01,-0.96076,-4.01,-0.54986,-4.01,-0.249914,-4.01,-0.622803,-4.01,-0.85425,-4.01,-0.976901,-4.01,-0.882124,-4.01,-0.867659,-4.01,-0.993464,-4.01,-0.818203,-4.01,-0.662719,-4.01,-0.534035,-4.01,-0.965634,-4.01,-0.529035,-4.01,-0.985764,-4.01,-0.978282,-4.01,-0.838816,-4.01,-0.963316,-4.01,-0.877588,-4.01,-0.871302,-4.01,-0.999536,-4.01,-0.99412,-4.01,-0.985828,-4.01,-0.87678,-4.01,-0.786866,-4.01,-0.932189,-4.01,-0.687061,-4.01,-0.996446,-4.01,-0.566759,-4.01,-0.895036,-4.01,-0.896374,-4.01,-1,-4.01,-0.92466,-4.01,-0.967124,-4.01,-0.684208,-4.01,-0.947166,-4.01,-0.54224,-4.01,-0.897402,-4.01,-0.858883,-4.01,-0.977793,-4.01,-0.982664
-2.01,-0.905585,-2.01,-0.566947,-2.01,-0.891348,-2.01,-0.944476,-2.01,-0.944684,-2.01,-0.356199,-2.01,-0.973722,-2.01,-0.918177,-2.01,-0.930559,-2.01,-0.605243,-2.01,-1,-2.01,-0.994593,-2.01,-0.91477,-2.01,-0.883438,-2.01,-0.60177,-2.01,-0.919781,-2.01,-0.926289,-2.01,-0.9919,-2.01,-0.601059,-2.01,-0.982913,-2.01,-0.63857,-2.01,-0.260949,-2.01,-0.708995,-2.01,-0.917615,-2.01,-0.942349,-2.01,-0.834071,-2.01,-0.921674,-2.01,-1,-2.01,-0.891075,-2.01,-0.729855,-2.01,-0.609932,-2.01,-0.98331,-2.01,-0.612214,-2.01,-0.969355,-2.01,-0.997643,-2.01,-0.899211,-2.01,-0.929898,-2.01,-0.863526,-2.01,-0.95662,-2.01,-0.990752,-2.01,-0.980668,-2.01,-0.99701,-2.01,-0.932066,-2.01,-0.898359,-2.01,-0.976718,-2.01,-0.742217,-2.01,-0.98958,-2.01,-0.663241,-2.01,-0.94223,-2.01,-0.953235,-2.01,-0.985847,-2.01,-0.96547,-2.01,-0.990924,-2.01,-0.784086,-2.01,-0.992833,-2.01,-0.656014,-2.01,-0.949956,-2.01,-0.943187,-2.01,-0.997387,-2.01,-0.964542
-0.01,-0.942734,-0.01,-0.65157,-0.01,-0.966326,-0.01,-0.96262,-0.01,-0.979033,-0.01,-0.444266,-0.01,-0.989632,-0.01,-0.974559,-0.01,-0.962762,-0.01,-0.667263,-0.01,-0.997892,-0.01,-0.979609,-0.01,-0.958391,-0.01,-0.93063,-0.01,-0.67509,-0.01,-0.851959,-0.01,-0.971463,-0.01,-1,-0.01,-0.664475,-0.01,-0.995643,-0.01,-0.727897,-0.01,-0.268848,-0.01,-0.788956,-0.01,-0.964121,-0.01,-0.899032,-0.01,-0.783124,-0.01,-0.96076,-0.01,-0.994315,-0.01,-0.947806,-0.01,-0.794348,-0.01,-0.684034,-0.01,-0.995025,-0.01,-0.69669,-0.01,-0.948168,-0.01,-1,-0.01,-0.947004,-0.01,-0.889913,-0.01,-0.849037,-0.01,-0.997746,-0.01,-0.975414,-0.01,-0.96141,-0.01,-1,-0.01,-0.970337,-0.01,-0.970676,-0.01,-0.999038,-0.01,-0.794974,-0.01,-0.980221,-0.01,-0.757977,-0.01,-0.974475,-0.01,-0.987914,-0.01,-0.958961,-0.01,-0.990717,-0.01,-1,-0.01,-0.867518,-0.01,-1,-0.01,-0.762956,-0.01,-0.984335,-0.01,-0.988306,-0.01,-1,-0.01,-0.94186
1.99,-0.969634,1.99,-0.735487,1.99,-1,1.99,-0.976865,1.99,-0.996266,1.99,-0.543181,1.99,-0.997726,1.99,-0.999786,1.99,-0.984676,1.99,-0.729376,1.99,-0.984946,1.99,-0.95657,1.99,-0.98635,1.99,-0.966281,1.99,-0.747832,1.99,-0.770102,1.99,-0.995901,1.99,-0.989678,1.99,-0.727601,1.99,-1,1.99,-0.812388,1.99,-0.273659,1.99,-0.858529,1.99,-0.991833,1.99,-0.850327,1.99,-0.730861,1.99,-0.985663,1.99,-0.978547,1.99,-0.984567,1.99,-0.853562,1.99,-0.753511,1.99,-1,1.99,-0.77803,1.99,-0.9231,1.99,-0.987283,1.99,-0.980852,1.99,-0.845508,1.99,-0.834061,1.99,-1,1.99,-0.954951,1.99,-0.937733,1.99,-0.995901,1.99,-0.992324,1.99,-1,1.99,-1,1.99,-0.845199,1.99,-0.967942,1.99,-0.842353,1.99,-0.993088,1.99,-1,1.99,-0.922185,1.99,-1,1.99,-0.995567,1.99,-0.931307,1.99,-0.977349,1.99,-0.853914,1.99,-1,1.99,-1,1.99,-0.987551,1.99,-0.915533
3.99,-0.987324,3.99,-0.813947,3.99,-0.997407,3.99,-0.987439,3.99,-1,3.99,-0.648443,3.99,-1,3.99,-1,3.99,-0.996801,3.99,-0.789754,3.99,-0.963456,3.99,-0.926793,3.99,-0.999621,3.99,-0.989507,3.99,-0.816052,3.99,-0.677847,3.99,-1,3.99,-0.963852,3.99,-0.788692,3.99,-0.997015,3.99,-0.886191,3.99,-0.275767,3.99,-0.914878,3.99,-1,3.99,-0.798638,3.99,-0.678486,3.99,-0.998069,3.99,-0.954701,3.99,-1,3.99,-0.904939,3.99,-0.815971,3.99,-0.997543,3.99,-0.851451,3.99,-0.894868,3.99,-0.962002,3.99,-0.99841,3.99,-0.798399,3.99,-0.818549,3.99,-0.971696,3.99,-0.930507,3.99,-0.910716,3.99,-0.985762,3.99,-1,3.99,-0.991834,3.99,-0.985174,3.99,-0.891564,3.99,-0.951539,3.99,-0.910122,3.99,-1,3.99,-0.99147,3.99,-0.878154,3.99,-0.993811,3.99,-0.979452,3.99,-0.974193,3.99,-0.934832,3.99,-0.923135,3.99,-0.998001,3.99,-0.985997,3.99,-0.962539,3.99,-0.886233
5.99,-0.997047,5.99,-0.882252,5.99,-0.967915,5.99,-0.994619,5.99,-0.99327,5.99,-0.752998,5.99,-0.998034,5.99,-0.981415,5.99,-1,5.99,-0.846311,5.99,-0.935351,5.99,-0.891396,5.99,-1,5.99,-1,5.99,-0.876342,5.99,-0.578115,5.99,-0.985797,5.99,-0.925857,5.99,-0.84573,5.99,-0.987653,5.99,-0.944097,5.99,-0.277843,5.99,-0.956696,5.99,-0.988942,5.99,-0.745686,5.99,-0.626887,5.99,-1,5.99,-0.92453,5.99,-0.995133,5.99,-0.946356,5.99,-0.869683,5.99,-0.987125,5.99,-0.912609,5.99,-0.86404,5.99,-0.926825,5.99,-1,5.99,-0.749907,5.99,-0.802459,5.99,-0.921382,5.99,-0.902988,5.99,-0.88119,5.99,-0.970546,5.99,-0.99585,5.99,-0.956165,5.99,-0.961552,5.99,-0.931974,5.99,-0.929604,5.99,-0.958465,5.99,-0.997297,5.99,-0.965831,5.99,-0.829149,5.99,-0.973511,5.99,-0.954328,5.99,-0.996555,5.99,-0.880879,5.99,-0.969068,5.99,-0.980431,5.99,-0.953759,5.99,-0.927622,5.99,-0.854454
7.99,-1,7.99,-0.936574,7.99,-0.921049,7.99,-0.998705,7.99,-0.978574,7.99,-0.848048,7.99,-0.993015,7.99,-0.949359,7.99,-0.995335,7.99,-0.896825,7.99,-0.902182,7.99,-0.851313,7.99,-0.989642,7.99,-0.998006,7.99,-0.926816,7.99,-0.473019,7.99,-0.956311,7.99,-0.878956,7.99,-0.896551,7.99,-0.972791,7.99,-0.982508,7.99,-0.281857,7.99,-0.984032,7.99,-0.959826,7.99,-0.692734,7.99,-0.576701,7.99,-0.99343,7.99,-0.889482,7.99,-0.972746,7.99,-0.97634,7.99,-0.913704,7.99,-0.968364,7.99,-0.958393,7.99,-0.831071,7.99,-0.884294,7.99,-0.986713,7.99,-0.701023,7.99,-0.785758,7.99,-0.856422,7.99,-0.873107,7.99,-0.849802,7.99,-0.951115,7.99,-0.98235,7.99,-0.90311,7.99,-0.931989,7.99,-0.964204,7.99,-0.901078,7.99,-0.987663,7.99,-0.986937,7.99,-0.927196,7.99,-0.777058,7.99,-0.941227,7.99,-0.923176,7.99,-1,7.99,-0.82156,7.99,-0.993501,7.99,-0.949857,7.99,-0.909479,7.99,-0.885336,7.99,-0.820574
9.99,-0.997181,9.99,-0.974522,9.99,-0.864399,9.99,-1,9.99,-0.957911,9.99,-0.924782,9.99,-0.985806,9.99,-0.908026,9.99,-0.983932,9.99,-0.939124,9.99,-0.865151,9.99,-0.807323,9.99,-0.970698,9.99,-0.984266,9.99,-0.965905,9.99,-0.363913,9.99,-0.914921,9.99,-0.826056,9.99,-0.939027,9.99,-0.953211,9.99,-1,9.99,-0.287779,9.99,-0.997927,9.99,-0.914396,9.99,-0.640746,9.99,-0.52837,9.99,-0.980081,9.99,-0.85071,9.99,-0.936543,9.99,-0.994201,9.99,-0.947865,9.99,-0.940951,9.99,-0.987412,9.99,-0.796331,9.99,-0.836655,9.99,-0.960481,9.99,-0.652481,9.99,-0.768424,9.99,-0.782541,9.99,-0.841436,9.99,-0.817054,9.99,-0.92823,9.99,-0.961683,9.99,-0.840752,9.99,-0.895336,9.99,-0.986563,9.99,-0.865668,9.99,-1,9.99,-0.970606,9.99,-0.879565,9.99,-0.723391,9.99,-0.899571,9.99,-0.887994,9.99,-0.986931,9.99,-0.760825,9.99,-1,9.99,-0.908886,9.99,-0.857859,9.99,-0.837922,9.99,-0.784889
11.99,-0.989328,11.99,-0.995393,11.99,-0.803247,11.99,-0.998803,11.99,-0.932822,11.99,-0.976472,11.99,-0.977017,11.99,-0.86057,11.99,-0.966887,11.99,-0.971287,11.99,-0.825183,11.99,-0.760074,11.99,-0.945104,11.99,-0.959929,11.99,-0.99108,11.99,-0.251516,11.99,-0.864898,11.99,-0.769577,11.99,-0.971277,11.99,-0.9296,11.99,-0.997339,11.99,-0.297701,11.99,-1,11.99,-0.854741,11.99,-0.590456,11.99,-0.482183,11.99,-0.96136,11.99,-0.809111,11.99,-0.89039,11.99,-1,11.99,-0.972629,11.99,-0.904512,11.99,-1,11.99,-0.760145,11.99,-0.785798,11.99,-0.923729,11.99,-0.604815,11.99,-0.750442,11.99,-0.703908,11.99,-0.808423,11.99,-0.783339,11.99,-0.902552,11.99,-0.935639,11.99,-0.774731,11.99,-0.851128,11.99,-0.998353,11.99,-0.823992,11.99,-0.998623,11.99,-0.949678,11.99,-0.826403,11.99,-0.669328,11.99,-0.851261,11.99,-0.849351,11.99,-0.96016,11.99,-0.701062,11.99,-0.992547,11.99,-0.859886,11.99,-0.802272,11.99,-0.787266,11.99,-0.747653
13.99,-0.976907,13.99,-1,13.99,-0.740981,13.99,-0.995397,13.99,-0.904467,13.99,-1,13.99,-0.967068,13.99,-0.809332,13.99,-0.945199,13.99,-0.991858,13.99,-0.78298,13.99,-0.710103,13.99,-0.914488,13.99,-0.926446,13.99,-1,13.99,-0.136057,13.99,-0.809138,13.99,-0.711441,13.99,-0.991871,13.99,-0.902564,13.99,-0.976971,13.99,-0.413372,13.99,-0.992089,13.99,-0.783097,13.99,-0.542394,13.99,-0.438319,13.99,-0.938378,13.99,-0.765372,13.99,-0.837822,13.99,-0.994398,13.99,-0.988874,13.99,-0.858505,13.99,-0.997823,13.99,-0.722794,13.99,-0.733253,13.99,-0.879039,13.99,-0.558414,13.99,-0.731806,13.99,-0.623416,13.99,-0.774432,13.99,-0.748968,13.99,-0.87465,13.99,-0.905619,13.99,-0.708647,13.99,-0.801018,13.99,-1,13.99,-0.777445,13.99,-0.98671,13.99,-0.92523,13.99,-0.770482,13.99,-0.615769,13.99,-0.798807,13.99,-0.807391,13.99,-0.922587,13.99,-0.643624,13.99,-0.974735,13.99,-0.804865,13.99,-0.745055,13.99,-0.734897,13.99,-0.709088
15.99,-0.960147,15.99,-0.990212,15.99,-0.679664,15.99,-0.990042,15.99,-0.8737,15.99,-0.99613,15.99,-0.956246,15.99,-0.75608,15.99,-0.919745,15.99,-1,15.99,-0.739074,15.99,-0.657863,15.99,-0.880148,15.99,-0.885458,15.99,-0.992303,15.99,-0.0174048,15.99,-0.750044,15.99,-0.653117,15.99,-1,15.99,-0.872633,15.99,-0.942326,15.99,-0.542903,15.99,-0.976005,15.99,-0.701713,15.99,-0.496897,15.99,-0.396871,15.99,-0.91199,15.99,-0.720013,15.99,-0.781782,15.99,-0.978482,15.99,-0.997654,15.99,-0.802163,15.99,-0.983288,15.99,-0.684522,15.99,-0.680225,15.99,-0.828885,15.99,-0.513557,15.99,-0.712516,15.99,-0.54301,15.99,-0.739758,15.99,-0.714191,15.99,-0.845017,15.99,-0.872686,15.99,-0.644634,15.99,-0.747479,15.99,-0.992821,15.99,-0.72785,15.99,-0.967023,15.99,-0.898087,15.99,-0.713887,15.99,-0.56339,15.99,-0.744323,15.99,-0.76268,15.99,-0.876981,15.99,-0.589216,15.99,-0.949448,15.99,-0.745442,15.99,-0.687823,15.99,-0.682018,15.99,-0.669389
17.99,-0.939087,17.99,-0.968453,17.99,-0.620492,17.99,-0.982976,17.99,-0.841144,17.99,-0.968612,17.99,-0.944741,17.99,-0.702187,17.99,-0.891269,17.99,-0.995589,17.99,-0.693863,17.99,-0.603731,17.99,-0.84309,17.99,-0.838671,17.99,-0.969679,17.99,0.104828,17.99,-0.689524,17.99,-0.595688,17.99,-0.995554,17.99,-0.840274,17.99,-0.897123,17.99,-0.668365,17.99,-0.953372,17.99,-0.612751,17.99,-0.454134,17.99,-0.357873,17.99,-0.882849,17.99,-0.673422,17.99,-0.724557,17.99,-0.953621,17.99,-1,17.99,-0.734476,17.99,-0.959085,17.99,-0.645537,17.99,-0.627635,17.99,-0.775466,17.99,-0.470442,17.99,-0.692575,17.99,-0.46396,17.99,-0.704641,17.99,-0.67921,17.99,-0.814072,17.99,-0.837631,17.99,-0.583862,17.99,-0.692743,17.99,-0.978598,17.99,-0.67706,17.99,-0.941748,17.99,-0.868866,17.99,-0.658111,17.99,-0.512685,17.99,-0.689477,17.99,-0.716229,17.99,-0.825828,17.99,-0.53816,17.99,-0.918849,17.99,-0.682882,17.99,-0.631713,17.99,-0.629552,17.99,-0.628725
19.99,-0.913633,19.99,-0.937319,19.99,-0.564126,19.99,-0.974416,19.99,-0.807253,19.99,-0.922736,19.99,-0.932679,19.99,-0.648749,19.99,-0.860391,19.99,-0.979201,19.99,-0.647648,19.99,-0.548029,19.99,-0.804071,19.99,-0.787726,19.99,-0.935019,19.99,0.2312,19.99,-0.629032,19.99,-0.539928,19.99,-0.979124,19.99,-0.805897,19.99,-0.844889,19.99,-0.779137,19.99,-0.925575,19.99,-0.51822,19.99,-0.414154,19.99,-0.321312,19.99,-0.851453,19.99,-0.625892,19.99,-0.667831,19.99,-0.921275,19.99,-0.996791,19.99,-0.654186,19.99,-0.927696,19.99,-0.606009,19.99,-0.576176,19.99,-0.720623,19.99,-0.429205,19.99,-0.671994,19.99,-0.387079,19.99,-0.66928,19.99,-0.64419,19.99,-0.782179,19.99,-0.801037,19.99,-0.526893,19.99,-0.638475,19.99,-0.959138,19.99,-0.626652,19.99,-0.912498,19.99,-0.838028,19.99,-0.604168,19.99,-0.464004,19.99,-0.635513,19.99,-0.669137,19.99,-0.771256,19.99,-0.490549,19.99,-0.88449,19.99,-0.618145,19.99,-0.577535,19.99,-0.578191,19.99,-0.587243
21.99,-0.883621,21.99,-0.899197,21.99,-0.51089,21.99,-0.96455,21.99,-0.772359,21.99,-0.864009,21.99,-0.920142,21.99,-0.596636,21.99,-0.827614,21.99,-0.952017,21.99,-0.600652,21.99,-0.491031,21.99,-0.763651,21.99,-0.734098,21.99,-0.891463,21.99,0.362386,21.99,-0.569639,21.99,-0.486367,21.99,-0.951898,21.99,-0.769866,21.99,-0.788625,21.99,-0.86872,21.99,-0.893742,21.99,-0.419925,21.99,-0.376921,21.99,-0.28714,21.99,-0.818178,21.99,-0.577638,21.99,-0.612778,21.99,-0.882922,21.99,-0.988683,21.99,-0.559782,21.99,-0.891216,21.99,-0.566074,21.99,-0.526351,21.99,-0.665817,21.99,-0.389937,21.99,-0.650785,21.99,-0.312877,21.99,-0.63384,21.99,-0.609266,21.99,-0.749647,21.99,-0.763328,21.99,-0.47392,21.99,-0.585809,21.99,-0.935962,21.99,-0.577783,21.99,-0.880396,21.99,-0.805913,21.99,-0.552716,21.99,-0.417584,21.99,-0.583316,21.99,-0.622339,21.99,-0.715016,21.99,-0.446351,21.99,-0.84745,21.99,-0.551954,21.99,-0.525861,21.99,-0.528441,21.99,-0.545066
23.99,-0.84887,23.99,-0.856218,23.99,-0.460909,23.99,-0.953548,23.99,-0.736706,23.99,-0.797308,23.99,-0.907184,23.99,-0.546503,23.99,-0.793343,23.99,-0.915661,23.99,-0.553043,23.99,-0.432972,23.99,-0.722237,23.99,-0.679033,23.99,-0.841935,23.99,0.499128,23.99,-0.512109,23.99,-0.435348,23.99,-0.915504,23.99,-0.732504,23.99,-0.730737,23.99,-0.934554,23.99,-0.85877,23.99,-0.319446,23.99,-0.342355,23.99,-0.25529,23.99,-0.783315,23.99,-0.52882,23.99,-0.560178,23.99,-0.839994,23.99,-0.97609,23.99,-0.44949,23.99,-0.851278,23.99,-0.525837,23.99,-0.478515,23.99,-0.612158,23.99,-0.352689,23.99,-0.628963,23.99,-0.241661,23.99,-0.598463,23.99,-0.574553,23.99,-0.716743,23.99,-0.724815,23.99,-0.424918,23.99,-0.535468,23.99,-0.910164,23.99,-0.531181,23.99,-0.846173,23.99,-0.772769,23.99,-0.504144,23.99,-0.373575,23.99,-0.533482,23.99,-0.576562,23.99,-0.658496,23.99,-0.405461,23.99,-0.808472,23.99,-0.484843,23.99,-0.477053,23.99,-0.480658,23.99,-0.502296
25.99,-0.809226,25.99,-0.810094,25.99,-0.414183,25.99,-0.941557,25.99,-0.700475,25.99,-0.726513,25.99,-0.893839,25.99,-0.498791,25.99,-0.757902,25.99,-0.87201,25.99,-0.504948,25.99,-0.374055,25.99,-0.680124,25.99,-0.623556,25.99,-0.788864,25.99,0.642203,25.99,-0.45696,25.99,-0.387073,25.99,-0.871825,25.99,-0.6941,25.99,-0.673041,25.99,-0.976946,25.99,-0.821364,25.99,-0.218129,25.99,-0.310352,25.99,-0.225673,25.99,-0.747084,25.99,-0.479558,25.99,-0.510509,25.99,-0.793822,25.99,-0.959213,25.99,-0.321239,25.99,-0.809102,25.99,-0.485379,25.99,-0.432904,25.99,-0.560446,25.99,-0.317487,25.99,-0.606546,25.99,-0.173605,25.99,-0.563267,25.99,-0.54015,25.99,-0.6837,25.99,-0.685723,25.99,-0.379738,25.99,-0.487885,25.99,-0.882401,25.99,-0.487219,25.99,-0.810269,25.99,-0.738782,25.99,-0.458654,25.99,-0.332053,25.99,-0.486382,25.99,-0.532314,25.99,-0.602754,25.99,-0.367736,25.99,-0.76806,25.99,-0.417207,25.99,-0.431293,25.99,-0.43508,25.99,-0.45902
27.99,-0.764605,27.99,-0.762236,27.99,-0.370638,27.99,-0.928707,27.99,-0.663799,27.99,-0.654477,27.99,-0.880134,27.99,-0.453767,27.99,-0.721547,27.99,-0.823014,27.99,-0.456459,27.99,-0.314458,27.99,-0.63752,27.99,-0.568493,27.99,-0.734211,27.99,0.792392,27.99,-0.404523,27.99,-0.341638,27.99,-0.822809,27.99,-0.654911,27.99,-0.616838,27.99,-0.997859,27.99,-0.782059,27.99,-0.117086,27.99,-0.280794,27.99,-0.19819,27.99,-0.709654,27.99,-0.429942,27.99,-0.464029,27.99,-0.745631,27.99,-0.93807,27.99,-0.172637,27.99,-0.765545,27.99,-0.444761,27.99,-0.389662,27.99,-0.511227,27.99,-0.28433,27.99,-0.583553,27.99,-0.108788,27.99,-0.528355,27.99,-0.506137,27.99,-0.650715,27.99,-0.646213,27.99,-0.338166,27.99,-0.443289,27.99,-0.852978,27.99,-0.446018,27.99,-0.772911,27.99,-0.704089,27.99,-0.416317,27.99,-0.29304,27.99,-0.442223,27.99,-0.489949,27.99,-0.548571,27.99,-0.333013,27.99,-0.726555,27.99,-0.349339,27.99,-0.388612,27.99,-0.391852,27.99,-0.415307
29.99,-0.715007,29.99,-0.713741,29.99,-0.330159,29.99,-0.915108,29.99,-0.62678,29.99,-0.583168,29.99,-0.866086,29.99,-0.411573,29.99,-0.684478,29.99,-0.77054,29.99,-0.407651,29.99,-0.254335,29.99,-0.594574,29.99,-0.514509,29.99,-0.679465,29.99,0.950452,29.99,-0.354987,29.99,-0.299061,29.99,-0.770323,29.99,-0.61517,29.99,-0.562996,29.99,-1,29.99,-0.741269,29.99,-0.0172135,29.99,-0.253563,29.99,-0.172737,29.99,-0.671156,29.99,-0.380038,29.99,-0.420841,29.99,-0.696485,29.99,-0.91256,29.99,-0.000921797,29.99,-0.721218,29.99,-0.404027,29.99,-0.34886,29.99,-0.464844,29.99,-0.253198,29.99,-0.560003,29.99,-0.0472227,29.99,-0.493815,29.99,-0.472587,29.99,-0.617965,29.99,-0.606405,29.99,-0.29996,29.99,-0.401768,29.99,-0.821946,29.99,-0.407546,29.99,-0.734184,29.99,-0.668792,29.99,-0.377111,29.99,-0.256516,29.99,-0.401089,29.99,-0.44969,29.99,-0.496496,29.99,-0.301125,29.99,-0.684192,29.99,-0.281455,29.99,-0.348941,29.99,-0.351048,29.99,-0.371217
31.99,-0.660531,31.99,-0.665453,31.99,-0.292601,31.99,-0.900857,31.99,-0.589497,31.99,-0.513863,31.99,-0.851713,31.99,-0.372264,31.99,-0.646854,31.99,-0.716268,31.99,-0.358577,31.99,-0.193824,31.99,-0.551393,31.99,-0.462126,31.99,-0.625743,31.99,1.11709,31.99,-0.308435,31.99,-0.259306,31.99,-0.716045,31.99,-0.575087,31.99,-0.512077,31.99,-0.986265,31.99,-0.699303,31.99,0.0807876,31.99,-0.228533,31.99,-0.149201,31.99,-0.631686,31.99,-0.329897,31.99,-0.380933,31.99,-0.647324,31.99,-0.882514,31.99,0.197085,31.99,-0.676583,31.99,-0.363208,31.99,-0.310513,31.99,-0.421485,31.99,-0.224057,31.99,-0.535916,31.99,0.0111297,31.99,-0.459726,31.99,-0.439561,31.99,-0.585599,31.99,-0.566383,31.99,-0.264871,31.99,-0.363321,31.99,-0.789206,31.99,-0.371691,31.99,-0.694089,31.99,-0.632971,31.99,-0.340955,31.99,-0.222427,31.99,-0.362978,31.99,-0.411674,31.99,-0.44577,31.99,-0.271899,31.99,-0.641132,31.99,-0.213718,31.99,-0.312141,31.99,-0.312686,31.99,-0.326799
33.99,-0.601366,33.99,-0.61804,33.99,-0.257809,33.99,-0.886038,33.99,-0.552007,33.99,-0.447332,33.99,-0.837029,33.99,-0.335832,33.99,-0.608797,33.99,-0.661626,33.99,-0.30928,33.99,-0.133045,33.99,-0.508048,33.99,-0.411743,33.99,-0.573837,33.99,1.29294,33.99,-0.264869,33.99,-0.222293,33.99,-0.661403,33.99,-0.53485,33.99,-0.464391,33.99,-0.959475,33.99,-0.656407,33.99,0.176392,33.99,-0.20558,33.99,-0.127469,33.99,-0.59132,33.99,-0.279559,33.99,-0.344218,33.99,-0.598913,33.99,-0.847746,33.99,0.425035,33.99,-0.632015,33.99,-0.32233,33.99,-0.274594,33.99,-0.381218,33.99,-0.196857,33.99,-0.511311,33.99,0.0663461,33.99,-0.426154,33.99,-0.407115,33.99,-0.55375,33.99,-0.52621,33.99,-0.232654,33.99,-0.327881,33.99,-0.754598,33.99,-0.338307,33.99,-0.652583,33.99,-0.596688,33.99,-0.307731,33.99,-0.190694,33.99,-0.327827,33.99,-0.375966,33.99,-0.394678,33.99,-0.245163,33.99,-0.59749,33.99,-0.14625,33.99,-0.278039,33.99,-0.276739,33.99,-0.282093
35.99,-0.537789,35.99,-0.571977,35.99,-0.22562,35.99,-0.870723,35.99,-0.514356,35.99,-0.383993,35.99,-0.82205,35.99,-0.302221,35.99,-0.570403,35.99,-0.60777,35.99,-0.259794,35.99,-0.0721046,35.99,-0.464591,35.99,-0.363649,35.99,-0.524294,35.99,1.47851,35.99,-0.224236,35.99,-0.187915,35.99,-0.607553,35.99,-0.494629,35.99,-0.420072,35.99,-0.922295,35.99,-0.612753,35.99,0.269222,35.99,-0.184578,35.99,-0.107427,35.99,-0.550117,35.99,-0.229054,35.99,-0.310557,35.99,-0.551867,35.99,-0.808105,35.99,0.687121,35.99,-0.587867,35.99,-0.281409,35.99,-0.241042,35.99,-0.344027,35.99,-0.171537,35.99,-0.48621,35.99,0.118535,35.99,-0.393159,35.99,-0.375294,35.99,-0.522532,35.99,-0.48593,35.99,-0.203074,35.99,-0.295337,35.99,-0.717964,35.99,-0.307251,35.99,-0.609629,35.99,-0.559992,35.99,-0.277292,35.99,-0.161219,35.99,-0.29553,35.99,-0.342582,35.99,-0.347954,35.99,-0.220752,35.99,-0.553348,35.99,-0.0791448,35.99,-0.246434,35.99,-0.24315,35.99,-0.237134
37.99,-0.470135,37.99,-0.527645,37.99,-0.19587,37.99,-0.854973,37.99,-0.476579,37.99,-0.324026,37.99,-0.806794,37.99,-0.271335,37.99,-0.531746,37.99,-0.555589,37.99,-0.210144,37.99,-0.0110978,37.99,-0.421058,37.99,-0.31804,37.99,-0.477468,37.99,1.67421,37.99,-0.186441,37.99,-0.156047,37.99,-0.55538,37.99,-0.454581,37.99,-0.379142,37.99,-0.877202,37.99,-0.568483,37.99,0.359029,37.99,-0.1654,37.99,-0.0889641,37.99,-0.50812,37.99,-0.178405,37.99,-0.279779,37.99,-0.506657,37.99,-0.763503,37.99,0.988151,37.99,-0.544473,37.99,-0.240458,37.99,-0.209774,37.99,-0.309835,37.99,-0.148029,37.99,-0.460631,37.99,0.167827,37.99,-0.360792,37.99,-0.34414,37.99,-0.492045,37.99,-0.445575,37.99,-0.175914,37.99,-0.265554,37.99,-0.679185,37.99,-0.278392,37.99,-0.565233,37.99,-0.522925,37.99,-0.249481,37.99,-0.133893,37.99,-0.265955,37.99,-0.311501,37.99,-0.305226,37.99,-0.198504,37.99,-0.508771,37.99,-0.0124747,37.99,-0.217113,37.99,-0.211836,37.99,-0.191951
39.99,-0.398784,39.99,-0.485295,39.99,-0.168395,39.99,-0.838841,39.99,-0.438702,39.99,-0.267456,39.99,-0.791278,39.99,-0.243051,39.99,-0.492884,39.99,-0.505728,39.99,-0.160353,39.99,0.0498927,39.99,-0.377473,39.99,-0.275033,39.99,-0.43356,39.99,1.88026,39.99,-0.151362,39.99,-0.12655,39.99,-0.505531,39.99,-0.414842,39.99,-0.34152,39.99,-0.826479,39.99,-0.523701,39.99,0.445668,39.99,-0.147923,39.99,-0.0719684,39.99,-0.465363,39.99,-0.127633,39.99,-0.251691,39.99,-0.46362,39.99,-0.713941,39.99,1.33363,39.99,-0.502173,39.99,-0.199484,39.99,-0.180688,39.99,-0.278524,39.99,-0.126256,39.99,-0.434593,39.99,0.21437,39.99,-0.329098,39.99,-0.313687,39.99,-0.462377,39.99,-0.405167,39.99,-0.150968,39.99,-0.23838,39.99,-0.638214,39.99,-0.251615,39.99,-0.51948,39.99,-0.485524,39.99,-0.224131,39.99,-0.108596,39.99,-0.238952,39.99,-0.282672,39.99,-0.266154,39.99,-0.178263,39.99,-0.463808,39.99,0.0537041,39.99,-0.189855,39.99,-0.182697,39.99,-0.146568
41.99,-0.324137,41.99,-0.44511,41.99,-0.143036,41.99,-0.822372,41.99,-0.400748,41.99,-0.21421,41.99,-0.775522,41.99,-0.217229,41.99,-0.453861,41.99,-0.458625,41.99,-0.110437,41.99,0.110794,41.99,-0.333854,41.99,-0.234678,41.99,-0.392664,41.99,2.0967,41.99,-0.118857,41.99,-0.0992819,41.99,-0.458441,41.99,-0.375536,41.99,-0.307086,41.99,-0.772195,41.99,-0.478488,41.99,0.529078,41.99,-0.132026,41.99,-0.0563333,41.99,-0.421872,41.99,-0.0767526,41.99,-0.226102,41.99,-0.422986,41.99,-0.659514,41.99,1.72988,41.99,-0.461293,41.99,-0.158496,41.99,-0.153671,41.99,-0.249949,41.99,-0.106134,41.99,-0.408117,41.99,0.258325,41.99,-0.298115,41.99,-0.283966,41.99,-0.433601,41.99,-0.364723,41.99,-0.12805,41.99,-0.213652,41.99,-0.595076,41.99,-0.226824,41.99,-0.472577,41.99,-0.447818,41.99,-0.201076,41.99,-0.0852062,41.99,-0.214364,41.99,-0.256025,41.99,-0.230425,41.99,-0.159878,41.99,-0.418501,41.99,0.119348,41.99,-0.164434,41.99,-0.155623,41.99,-0.101007
43.99,-0.246599,43.99,-0.407198,43.99,-0.119639,43.99,-0.805604,43.99,-0.362733,43.99,-0.164157,43.99,-0.759545,43.99,-0.193714,43.99,-0.414712,43.99,-0.414545,43.99,-0.0604111,43.99,0.171544,43.99,-0.290212,43.99,-0.196973,43.99,-0.354787,43.99,2.32339,43.99,-0.0887752,43.99,-0.0740942,43.99,-0.414374,43.99,-0.336773,43.99,-0.275678,43.99,-0.716168,43.99,-0.432913,43.99,0.609267,43.99,-0.11759,43.99,-0.0419555,43.99,-0.377669,43.99,-0.0257761,43.99,-0.202822,43.99,-0.384875,43.99,-0.600418,43.99,2.18411,43.99,-0.42212,43.99,-0.117497,43.99,-0.128605,43.99,-0.223946,43.99,-0.0875789,43.99,-0.381219,43.99,0.299855,43.99,-0.267874,43.99,-0.255001,43.99,-0.405778,43.99,-0.324254,43.99,-0.106984,43.99,-0.191206,43.99,-0.549867,43.99,-0.203934,43.99,-0.424876,43.99,-0.409838,43.99,-0.18015,43.99,-0.0635972,43.99,-0.192027,43.99,-0.231473,43.99,-0.19775,43.99,-0.143209,43.99,-0.372886,43.99,0.184423,43.99,-0.140618,43.99,-0.130496,43.99,-0.0552853
45.99,-0.16656,45.99,-0.371618,45.99,-0.0980547,45.99,-0.788573,45.99,-0.324669,45.99,-0.117134,45.99,-0.743368,45.99,-0.172349,45.99,-0.375464,45.99,-0.373614,45.99,-0.0102867,45.99,0.232087,45.99,-0.246554,45.99,-0.161872,45.99,-0.319879,45.99,2.55995,45.99,-0.0609584,45.99,-0.0508414,45.99,-0.373456,45.99,-0.298649,45.99,-0.247116,45.99,-0.659939,45.99,-0.387021,45.99,0.686296,45.99,-0.104502,45.99,-0.0287362,45.99,-0.332772,45.99,0.0252857,45.99,-0.181677,45.99,-0.349346,45.99,-0.536922,45.99,2.7046,45.99,-0.384915,45.99,-0.0764901,45.99,-0.105365,45.99,-0.200348,45.99,-0.0704998,45.99,-0.353917,45.99,0.339124,45.99,-0.238402,45.99,-0.226811,45.99,-0.378963,45.99,-0.283769,45.99,-0.0876112,45.99,-0.170878,45.99,-0.502747,45.99,-0.182867,45.99,-0.376899,45.99,-0.37161,45.99,-0.161193,45.99,-0.0436446,45.99,-0.171779,45.99,-0.208919,45.99,-0.167863,45.99,-0.128119,45.99,-0.326995,45.99,0.248905,45.99,-0.118173,45.99,-0.107193,45.99,-0.00941916
47.99,-0.0843898,47.99,-0.33838,47.99,-0.0781421,47.99,-0.771305,47.99,-0.286568,47.99,-0.0729604,47.99,-0.727011,47.99,-0.152977,47.99,-0.336138,47.99,-0.335855,47.99,0.039926,47.99,0.292379,47.99,-0.202886,47.99,-0.1293,47.99,-0.287844,47.99,2.80577,47.99,-0.0352485,47.99,-0.02938,47.99,-0.335711,47.99,-0.261247,47.99,-0.221209,47.99,-0.60475,47.99,-0.340854,47.99,0.760265,47.99,-0.0926531,47.99,-0.0165813,47.99,-0.287196,47.99,0.0764241,47.99,-0.162503,47.99,-0.316385,47.99,-0.469361,47.99,3.30081,47.99,-0.349861,47.99,-0.0354782,47.99,-0.0838285,47.99,-0.178982,47.99,-0.0548063,47.99,-0.326227,47.99,0.376316,47.99,-0.209719,47.99,-0.199411,47.99,-0.353195,47.99,-0.243272,47.99,-0.0697844,47.99,-0.152505,47.99,-0.453916,47.99,-0.163547,47.99,-0.329331,47.99,-0.333158,47.99,-0.144049,47.99,-0.0252261,47.99,-0.153463,47.99,-0.188256,47.99,-0.140521,47.99,-0.11448,47.99,-0.280857,47.99,0.312777,47.99,-0.0968566,47.99,-0.0855918,47.99,0.0365781
49.99,-0.000423821,49.99,-0.307457,49.99,-0.0597668,49.99,-0.753825,49.99,-0.248436,49.99,-0.0314521,49.99,-0.710495,49.99,-0.135441,49.99,-0.296748,49.99,-0.301215,49.99,0.0902186,49.99,0.352383,49.99,-0.159211,49.99,-0.0991558,49.99,-0.258553,49.99,3.06006,49.99,-0.0114893,49.99,-0.00957108,49.99,-0.301083,49.99,-0.224639,49.99,-0.197761,49.99,-0.551549,49.99,-0.294444,49.99,0.831304,49.99,-0.0819412,49.99,-0.00540179,49.99,-0.240954,49.99,0.127631,49.99,-0.145151,49.99,-0.285946,49.99,-0.398116,49.99,3.98355,49.99,-0.317081,49.99,0.00553725,49.99,-0.0638733,49.99,-0.159677,49.99,-0.0404069,49.99,-0.298166,49.99,0.411582,49.99,-0.18184,49.99,-0.172811,49.99,-0.32851,49.99,-0.202768,49.99,-0.0533676,49.99,-0.135931,49.99,-0.403605,49.99,-0.145898,49.99,-0.282993,49.99,-0.294505,49.99,-0.12857,49.99,-0.00822316,49.99,-0.136925,49.99,-0.169376,49.99,-0.115498,49.99,-0.102171,49.99,-0.234499,49.99,0.376026,49.99,-0.0764206,49.99,-0.0655719,49.99,0.0826945
51.99,0.085037,51.99,-0.278802,51.99,-0.042802,51.99,-0.736154,51.99,-0.210281,51.99,0.00757417,51.99,-0.693839,51.99,-0.119594,51.99,-0.257308,51.99,-0.269583,51.99,0.140584,51.99,0.41207,51.99,-0.115533,51.99,-0.0713242,51.99,-0.231863,51.99,3.32178,51.99,0.0104713,51.99,0.00871874,51.99,-0.269463,51.99,-0.188885,51.99,-0.176585,51.99,-0.501006,51.99,-0.247819,51.99,0.899563,51.99,-0.0722689,51.99,0.00488619,51.99,-0.194061,51.99,0.178901,51.99,-0.129478,51.99,-0.257943,51.99,-0.323586,51.99,4.76522,51.99,-0.286633,51.99,0.0465551,51.99,-0.0453806,51.99,-0.142268,51.99,-0.0272107,51.99,-0.269749,51.99,0.445094,51.99,-0.154775,51.99,-0.147016,51.99,-0.304929,51.99,-0.162259,51.99,-0.0382362,51.99,-0.121008,51.99,-0.35205,51.99,-0.129837,51.99,-0.238783,51.99,-0.255674,51.99,-0.114618,51.99,0.00747825,51.99,-0.122017,51.99,-0.152167,51.99,-0.0925884,51.99,-0.0910789,51.99,-0.187946,51.99,0.43865,51.99,-0.0566057,51.99,-0.0470149,51.99,0.12892
53.99,0.171729,53.99,-0.252336,53.99,-0.0271287,53.99,-0.71831,53.99,-0.172108,53.99,0.0442965,53.99,-0.67706,53.99,-0.105292,53.99,-0.217826,53.99,-0.240813,53.99,0.191015,53.99,0.471417,53.99,-0.0718518,53.99,-0.0456777,53.99,-0.207613,53.99,3.58973,53.99,0.0307795,53.99,0.0256164,53.99,-0.240705,53.99,-0.154031,53.99,-0.157494,53.99,-0.45355,53.99,-0.201,53.99,0.965207,53.99,-0.0635448,53.99,0.0143613,53.99,-0.146529,53.99,0.230228,53.99,-0.115351,53.99,-0.23227,53.99,-0.246173,53.99,5.65995,53.99,-0.258523,53.99,0.0875747,53.99,-0.028236,53.99,-0.126597,53.99,-0.0151283,53.99,-0.240991,53.99,0.476999,53.99,-0.128529,53.99,-0.122026,53.99,-0.282468,53.99,-0.121747,53.99,-0.0242752,53.99,-0.107592,53.99,-0.299482,53.99,-0.115278,53.99,-0.197589,53.99,-0.216684,53.99,-0.102059,53.99,0.0219865,53.99,-0.108601,53.99,-0.136517,53.99,-0.0716007,53.99,-0.0810967,53.99,-0.141223,53.99,0.500649,53.99,-0.037138,53.99,-0.0298073,53.99,0.175244
55.99,0.259424,55.99,-0.227972,55.99,-0.0126353,55.99,-0.700309,55.99,-0.133921,55.99,0.0788852,55.99,-0.660177,55.99,-0.0923999,55.99,-0.178311,55.99,-0.214736,55.99,0.241506,55.99,0.530413,55.99,-0.0281692,55.99,-0.0220832,55.99,-0.185641,55.99,3.86254,55.99,0.0495745,55.99,0.0412418,55.99,-0.214639,55.99,-0.120115,55.99,-0.140313,55.99,-0.409414,55.99,-0.154005,55.99,1.02841,55.99,-0.0556838,55.99,0.0230969,55.99,-0.0983715,55.99,0.281607,55.99,-0.102641,55.99,-0.208804,55.99,-0.166269,55.99,6.68398,55.99,-0.2327,55.99,0.128595,55.99,-0.0123304,55.99,-0.112514,55.99,-0.00407201,55.99,-0.211904,55.99,0.507442,55.99,-0.1031,55.99,-0.0978391,55.99,-0.261135,55.99,-0.0812336,55.99,-0.0113789,55.99,-0.0955517,55.99,-0.246112,55.99,-0.10213,55.99,-0.160186,55.99,-0.177555,55.99,-0.0907704,55.99,0.0354042,55.99,-0.0965463,55.99,-0.122315,55.99,-0.0523601,55.99,-0.0721256,55.99,-0.09435,55.99,0.562031,55.99,-0.0177237,55.99,-0.0138404,55.99,0.22166
57.99,0.347929,57.99,-0.205611,57.99,0.000781852,57.99,-0.682163,57.99,-0.0957219,57.99,0.111502,57.99,-0.643205,57.99,-0.0807926,57.99,-0.138768,57.99,-0.19117,57.99,0.292053,57.99,0.589047,57.99,0.0155143,57.99,-0.00040572,57.99,-0.165779,57.99,4.13874,57.99,0.0669877,57.99,0.0557078,57.99,-0.191082,57.99,-0.0871633,57.99,-0.124872,57.99,-0.368679,57.99,-0.106851,57.99,1.08934,57.99,-0.048606,57.99,0.0311614,57.99,-0.0496031,57.99,0.333034,57.99,-0.0912271,57.99,-0.187416,57.99,-0.0842407,57.99,7.85578,57.99,-0.209086,57.99,0.169617,57.99,0.00243943,57.99,-0.0998751,57.99,0.0060426,57.99,-0.182504,57.99,0.536571,57.99,-0.0784834,57.99,-0.0744465,57.99,-0.24093,57.99,-0.0407184,57.99,0.000549807,57.99,-0.0847606,57.99,-0.192126,57.99,-0.0902973,57.99,-0.127149,57.99,-0.138305,57.99,-0.0806374,57.99,0.0478278,57.99,-0.0857294,57.99,-0.109454,57.99,-0.0347057,57.99,-0.0640736,57.99,-0.0473482,57.99,0.622807,57.99,0.00195724,57.99,0.000988606,57.99,0.26816
# x axis: Test potential (mV); y axis: Normalised peak I_{CaL} current (dimensionless)
