Test potential (mV),2020_Aslanidi_2009_atrial,Test potential (mV),2020_Aslanidi_2009_purkinje,Test potential (mV),2020_Beeler_1977,Test potential (mV),2020_Bondarenko_2004,Test potential (mV),2020_Cabo_2003,Test potential (mV),2020_Corrias_2011,Test potential (mV),2020_Cortassa_2006,Test potential (mV),2020_Courtemanche_1998,Test potential (mV),2020_Decker_2009,Test potential (mV),2020_Demir 1999,Test potential (mV),2020_DiFrancesco_1985,Test potential (mV),2020_Dokos_1996,Test potential (mV),2020_Faber_2007,Test potential (mV),2020_Fox_2002,Test potential (mV),2020_Grandi_2010,Test potential (mV),2020_Hilgemann_1987,Test potential (mV),2020_Hund_2004,Test potential (mV),2020_Inada_2009,Test potential (mV),2020_Iyer 2004,Test potential (mV),2020_Jafri_1998,Test potential (mV),2020_Kurata_2002,Test potential (mV),2020_Li_2010,Test potential (mV),2020_Li_2011,Test potential (mV),2020_Lindblad_1996,Test potential (mV),2020_Livshitz_2007,Test potential (mV),2020_Lovell_2004,Test potential (mV),2020_Luo_1994,Test potential (mV),2020_Mahajan_2008,Test potential (mV),2020_Matsuoka_2003,Test potential (mV),2020_McAllister_1975,Test potential (mV),2020_Noble_1991,Test potential (mV),2020_Noble_1998,Test potential (mV),2020_Nygren_1998,Test potential (mV),2020_ohara_2011,Test potential (mV),2020_Paci_2013,Test potential (mV),2020_Pandi_2001,Test potential (mV),2020_Priebe_1998,Test potential (mV),2020_Ramirez_2000,Test potential (mV),2020_Shannon_2004,Test potential (mV),2020_ten_Tusscher_2004,Test potential (mV),2020_ten_Tusscher_2006,Test potential (mV),2020_Tomek_2019,Test potential (mV),2020_Varela_2016,Test potential (mV),2020_Wilders_1991,Test potential (mV),2020_Winslow_1999,Test potential (mV),2020_Zhang_2000,Test potential (mV),Bartolucci 2020,Test potential (mV),Trovato 2020,Test potential (mV),Grandi 2011,Test potential (mV),Heijman_2011,Test potential (mV),Fink_2008,Test potential (mV),Hund 2008 (NZ)(ICaL),Test potential (mV),Kernik 2019 (ICaL),Test potential (mV),Koivumaki 2011,Test potential (mV),Michailova 2005,Test potential (mV),Nordin 1993 (ICaL),Test potential (mV),Pasek 2006,Test potential (mV),Sato 2006 (ICaL),Test potential (mV),Zeng 1995 (ICaL),Test potential (mV),Liu 1993
-60.01,0.000840365,-60.01,0.000103707,-60.01,0.0282796,-60.01,6.93E-12,-60.01,5.47E-06,-60.01,0.000261842,-60.01,7.37E-15,-60.01,0.00193888,-60.01,0.000454143,-60.01,0.000485499,-60.01,9.63E-05,-60.01,0.000389983,-60.01,4.10E-05,-60.01,0.000555486,-60.01,0.000107516,-60.01,8.96E-05,-60.01,6.78E-11,-60.01,0.000195712,-60.01,1.49E-06,-60.01,9.01E-12,-60.01,0.000484484,-60.01,0.000178035,-60.01,0.000490826,-60.01,0.000308761,-60.01,4.94E-05,-60.01,0.0443961,-60.01,0.000340171,-60.01,0.000614866,-60.01,0.000146809,-60.01,0.0675182,-60.01,8.88E-05,-60.01,8.71E-05,-60.01,0.000174471,-60.01,2.02E-06,-60.01,0.000463347,-60.01,0.000137497,-60.01,1.62E-05,-60.01,0.000243281,-60.01,0.000524485,-60.01,0.000661961,-60.01,0.00103509,-60.01,6.56E-64,-60.01,9.27E-06,-60.01,0.000764748,-60.01,7.61E-15,-60.01,0.00211263,-60.01,1.81E-06,-60.01,4.63E-06,-60.01,0.000202758,-60.01,3.78E-07,-60.01,0.000197669,-60.01,9.98E-05,-60.01,0.00406944,-60.01,0.000246363,-60.01,6.08E-15,-60.01,5.60E-06,-60.01,0.000137802,-60.01,0.000198113,-60.01,0.000340171,-60.01,8.13E-05
-58.01,0.00104681,-58.01,0.000137669,-58.01,0.0338801,-58.01,2.77E-11,-58.01,7.76E-06,-58.01,0.000376591,-58.01,3.03E-14,-58.01,0.00248807,-58.01,0.000561131,-58.01,0.00067689,-58.01,0.000158064,-58.01,0.000527976,-58.01,6.31E-05,-58.01,0.000765247,-58.01,0.00014984,-58.01,0.000147129,-58.01,3.17E-08,-58.01,0.000264788,-58.01,2.69E-06,-58.01,3.70E-11,-58.01,0.000675857,-58.01,0.000242702,-58.01,0.0006239,-58.01,0.000377089,-58.01,9.54E-05,-58.01,0.0490511,-58.01,0.000468009,-58.01,0.000789074,-58.01,0.000218093,-58.01,0.0889468,-58.01,0.000145838,-58.01,0.000143072,-58.01,0.000246281,-58.01,3.23E-06,-58.01,0.000616448,-58.01,0.000205104,-58.01,2.90E-05,-58.01,0.000339483,-58.01,0.00073155,-58.01,0.000864031,-58.01,0.00135045,-58.01,3.07E-54,-58.01,0.000013833,-58.01,0.00103413,-58.01,3.13E-14,-58.01,0.00289665,-58.01,2.90E-06,-58.01,7.43E-06,-58.01,0.000282773,-58.01,6.96E-07,-58.01,0.000257837,-58.01,0.0001327,-58.01,0.00542492,-58.01,0.000347089,-58.01,2.50E-14,-58.01,1.22E-05,-58.01,0.00020556,-58.01,0.000271505,-58.01,0.000468009,-58.01,0.000153733
-56.01,0.00130975,-56.01,0.000182421,-56.01,0.0405902,-56.01,1.09E-10,-56.01,1.10E-05,-56.01,0.000541567,-56.01,1.25E-13,-56.01,0.00319225,-56.01,0.000693308,-56.01,0.000943341,-56.01,0.000259237,-56.01,0.000714722,-56.01,9.70E-05,-56.01,0.00105412,-56.01,0.000208747,-56.01,0.000241416,-56.01,1.56E-06,-56.01,0.000358237,-56.01,4.85E-06,-56.01,1.51E-10,-56.01,0.00094269,-56.01,0.000330836,-56.01,0.00079271,-56.01,0.000462169,-56.01,0.0001518,-56.01,0.0547731,-56.01,0.000643623,-56.01,0.00101267,-56.01,0.000326087,-56.01,0.115763,-56.01,0.000239275,-56.01,0.000234785,-56.01,0.000347633,-56.01,5.19E-06,-56.01,0.000820067,-56.01,0.000305944,-56.01,5.13E-05,-56.01,0.000473703,-56.01,0.00102019,-56.01,0.00112771,-56.01,0.00176159,-56.01,4.78E-46,-56.01,2.06E-05,-56.01,0.00139772,-56.01,1.29E-13,-56.01,0.00394807,-56.01,4.66E-06,-56.01,1.19E-05,-56.01,0.00039426,-56.01,1.28E-06,-56.01,0.000336256,-56.01,0.000176164,-56.01,0.00722724,-56.01,0.000488666,-56.01,1.03E-13,-56.01,2.65E-05,-56.01,0.000306624,-56.01,0.000371704,-56.01,0.000643623,-56.01,0.000295824
-54.01,0.00164613,-54.01,0.000241305,-54.01,0.0486078,-54.01,4.24E-10,-54.01,1.57E-05,-54.01,0.00077869,-54.01,5.13E-13,-54.01,0.0040948,-54.01,0.000856594,-54.01,0.00131393,-54.01,0.000424501,-54.01,0.000967455,-54.01,0.000148284,-54.01,0.0014518,-54.01,0.000290678,-54.01,0.000395653,-54.01,1.68E-05,-54.01,0.000484638,-54.01,8.71E-06,-54.01,6.19E-10,-54.01,0.00131465,-54.01,0.000450938,-54.01,0.00100697,-54.01,0.000568577,-54.01,0.000217188,-54.01,0.0617782,-54.01,0.000884671,-54.01,0.00129967,-54.01,0.000491312,-54.01,0.148529,-54.01,0.000392085,-54.01,0.000384862,-54.01,0.000490667,-54.01,8.32E-06,-54.01,0.00109082,-54.01,0.000456335,-54.01,8.95E-05,-54.01,0.000660941,-54.01,0.00142278,-54.01,0.00147174,-54.01,0.00229748,-54.01,4.18E-39,-54.01,3.08E-05,-54.01,0.00188786,-54.01,5.30E-13,-54.01,0.00534413,-54.01,7.48E-06,-54.01,1.91E-05,-54.01,0.000549502,-54.01,2.36E-06,-54.01,0.000438457,-54.01,0.000233494,-54.01,0.00962018,-54.01,0.000687374,-54.01,4.24E-13,-54.01,0.000056589,-54.01,0.00045735,-54.01,0.000508288,-54.01,0.000884671,-54.01,0.000576364
-52.01,0.0020783,-52.01,0.000318702,-52.01,0.0581508,-52.01,1.61E-09,-52.01,2.22E-05,-52.01,0.00111937,-52.01,2.11E-12,-52.01,0.00525098,-52.01,0.0010583,-52.01,0.00182868,-52.01,0.00069359,-52.01,0.00130943,-52.01,0.000225621,-52.01,0.00199894,-52.01,0.000404534,-52.01,0.000647418,-52.01,7.22E-05,-52.01,0.000655567,-52.01,1.56E-05,-52.01,2.52E-09,-52.01,0.00183299,-52.01,0.000614576,-52.01,0.00127907,-52.01,0.000702256,-52.01,0.000296375,-52.01,0.0703081,-52.01,0.0012152,-52.01,0.00166802,-52.01,0.000746892,-52.01,0.187445,-52.01,0.000641444,-52.01,0.00062999,-52.01,0.000692493,-52.01,1.34E-05,-52.01,0.00145079,-52.01,0.000680595,-52.01,0.000153718,-52.01,0.000922092,-52.01,0.00198341,-52.01,0.00192053,-52.01,0.00299583,-52.01,3.17E-33,-52.01,4.59E-05,-52.01,0.00254749,-52.01,2.18E-12,-52.01,0.00718188,-52.01,1.20E-05,-52.01,0.000030681,-52.01,0.000765497,-52.01,4.35E-06,-52.01,0.00057166,-52.01,0.000309034,-52.01,0.0127912,-52.01,0.000965765,-52.01,1.74E-12,-52.01,0.000119126,-52.01,0.000682108,-52.01,0.000694153,-52.01,0.0012152,-52.01,0.00113009
-50.01,0.00263574,-50.01,0.000420378,-50.01,0.0694487,-50.01,5.99E-09,-50.01,3.16E-05,-50.01,0.00160852,-50.01,8.65E-12,-50.01,0.00673103,-50.01,0.00130744,-50.01,0.00254246,-50.01,0.00112964,-50.01,0.00177207,-50.01,0.000341436,-50.01,0.00275109,-50.01,0.000562592,-50.01,0.00105719,-50.01,0.000181513,-50.01,0.000886634,-50.01,2.77E-05,-50.01,1.02E-08,-50.01,0.00255502,-50.01,0.000837491,-50.01,0.00162476,-50.01,0.000870956,-50.01,0.000396785,-50.01,0.0806293,-50.01,0.00166783,-50.01,0.00214073,-50.01,0.00114693,-50.01,0.232169,-50.01,0.00104715,-50.01,0.00102942,-50.01,0.000977219,-50.01,2.14E-05,-50.01,0.00192928,-50.01,0.00101493,-50.01,0.000260268,-50.01,0.00128624,-50.01,0.00276304,-50.01,0.00250584,-50.01,0.00390567,-50.01,3.04E-28,-50.01,6.84E-05,-50.01,0.00343314,-50.01,8.96E-12,-50.01,0.00959048,-50.01,1.92E-05,-50.01,0.000049226,-50.01,0.00106569,-50.01,7.99E-06,-50.01,0.000745293,-50.01,0.000408502,-50.01,0.0169829,-50.01,0.00135502,-50.01,7.16E-12,-50.01,0.00024632,-50.01,0.00101719,-50.01,0.000946636,-50.01,0.00166783,-50.01,0.00221567
-48.01,0.00335745,-48.01,0.000553934,-48.01,0.082729,-48.01,2.17E-08,-48.01,4.49E-05,-48.01,0.00231024,-48.01,3.55E-11,-48.01,0.00862398,-48.01,0.00161515,-48.01,0.00353005,-48.01,0.00183118,-48.01,0.00239774,-48.01,0.000513614,-48.01,0.00378387,-48.01,0.000781743,-48.01,0.00172148,-48.01,0.000338093,-48.01,0.00119886,-48.01,4.89E-05,-48.01,4.14E-08,-48.01,0.00356014,-48.01,0.00114108,-48.01,0.00206395,-48.01,0.0010848,-48.01,0.000527264,-48.01,0.0930266,-48.01,0.00228673,-48.01,0.00274725,-48.01,0.00178058,-48.01,0.281681,-48.01,0.00170457,-48.01,0.00167832,-48.01,0.00137879,-48.01,3.44E-05,-48.01,0.00256515,-48.01,0.00151322,-48.01,0.000434291,-48.01,0.00179383,-48.01,0.0038448,-48.01,0.00326896,-48.01,0.0050906,-48.01,5.06E-24,-48.01,0.000101998,-48.01,0.00461845,-48.01,3.68E-11,-48.01,0.0127562,-48.01,3.09E-05,-48.01,7.90E-05,-48.01,0.00148231,-48.01,1.47E-05,-48.01,0.000971652,-48.01,0.000539461,-48.01,0.0225058,-48.01,0.00189885,-48.01,2.94E-11,-48.01,0.000498627,-48.01,0.00151659,-48.01,0.001289,-48.01,0.00228673,-48.01,0.00431429
-46.01,0.00429495,-46.01,0.000729404,-46.01,0.0981933,-46.01,8.14E-08,-46.01,6.37E-05,-46.01,0.00331564,-46.01,1.45E-10,-46.01,0.0110422,-46.01,0.00199514,-46.01,0.0048928,-46.01,0.00294775,-46.01,0.00324352,-46.01,0.00076753,-46.01,0.00520022,-46.01,0.00108516,-46.01,0.00279233,-46.01,0.000533934,-46.01,0.0016205,-46.01,8.57E-05,-46.01,1.66E-07,-46.01,0.00495813,-46.01,0.00155443,-46.01,0.00262132,-46.01,0.00135702,-46.01,0.000698648,-46.01,0.107793,-46.01,0.00313139,-46.01,0.00352515,-46.01,0.0027954,-46.01,0.334275,-46.01,0.00276408,-46.01,0.00272828,-46.01,0.00194492,-46.01,5.52E-05,-46.01,0.00340987,-46.01,0.0022555,-46.01,0.000714141,-46.01,0.00250099,-46.01,0.0053404,-46.01,0.00426349,-46.01,0.00663294,-46.01,1.91E-20,-46.01,0.000152004,-46.01,0.00619786,-46.01,1.51E-10,-46.01,0.0169633,-46.01,4.95E-05,-46.01,0.000126711,-46.01,0.00205942,-46.01,2.69E-05,-46.01,0.00126674,-46.01,0.000711944,-46.01,0.0297527,-46.01,0.0026625,-46.01,1.21E-10,-46.01,0.000984898,-46.01,0.00226051,-46.01,0.00175248,-46.01,0.00313139,-46.01,0.00827976
-44.01,0.00551622,-44.01,0.000960012,-44.01,0.115983,-44.01,4.58E-07,-44.01,9.05E-05,-44.01,0.00475365,-44.01,5.93E-10,-44.01,0.0141269,-44.01,0.00246433,-44.01,0.00676735,-44.01,0.00469701,-44.01,0.00438618,-44.01,0.00114129,-44.01,0.00714025,-44.01,0.00150457,-44.01,0.0045049,-44.01,0.000769973,-44.01,0.00218944,-44.01,0.000149058,-44.01,6.59E-07,-44.01,0.00690012,-44.01,0.00211701,-44.01,0.003327,-44.01,0.00170496,-44.01,0.000924796,-44.01,0.125219,-44.01,0.00428156,-44.01,0.00452231,-44.01,0.00443464,-44.01,0.387737,-44.01,0.00445889,-44.01,0.00441835,-44.01,0.00274265,-44.01,8.85E-05,-44.01,0.00453136,-44.01,0.00336038,-44.01,0.00115718,-44.01,0.00348549,-44.01,0.00739656,-44.01,0.00555887,-44.01,0.00863888,-44.01,2.04E-17,-44.01,0.000226435,-44.01,0.00828991,-44.01,6.18E-10,-44.01,0.0226469,-44.01,7.95E-05,-44.01,0.000203281,-44.01,0.002857,-44.01,4.93E-05,-44.01,0.00165137,-44.01,0.000939287,-44.01,0.0392116,-44.01,0.00375163,-44.01,4.94E-10,-44.01,0.00189282,-44.01,0.00336783,-44.01,0.00237896,-44.01,0.00428156,-44.01,0.0155228
-42.01,0.00711068,-42.01,0.00126311,-42.01,0.136134,-42.01,4.79E-06,-42.01,0.000128516,-42.01,0.0068056,-42.01,2.42E-09,-42.01,0.0180542,-42.01,0.00304352,-42.01,0.00933715,-42.01,0.00737766,-42.01,0.00592861,-42.01,0.0016854,-42.01,0.00979494,-42.01,0.00208324,-42.01,0.0072136,-42.01,0.00105438,-42.01,0.00295629,-42.01,0.000256915,-42.01,2.58E-06,-42.01,0.00959322,-42.01,0.00288231,-42.01,0.00421933,-42.01,0.00215121,-42.01,0.00122377,-42.01,0.145572,-42.01,0.00584365,-42.01,0.00579955,-42.01,0.00709251,-42.01,0.439671,-42.01,0.00714292,-42.01,0.00712008,-42.01,0.00386587,-42.01,0.000141973,-42.01,0.00601899,-42.01,0.00500307,-42.01,0.00184753,-42.01,0.0048547,-42.01,0.0102,-42.01,0.00724489,-42.01,0.011245,-42.01,7.52E-15,-42.01,0.000337136,-42.01,0.0110389,-42.01,2.52E-09,-42.01,0.0304511,-42.01,0.000127505,-42.01,0.000326098,-42.01,0.00395606,-42.01,8.98E-05,-42.01,0.00215253,-42.01,0.00123924,-42.01,0.0514762,-42.01,0.00532097,-42.01,2.02E-09,-42.01,0.00353213,-42.01,0.00501413,-42.01,0.00322479,-42.01,0.00584365,-42.01,0.0281311
-40.01,0.0091952,-40.01,0.0016612,-40.01,0.158525,-40.01,2.98E-05,-40.01,0.000182514,-40.01,0.00972455,-40.01,9.81E-09,-40.01,0.023042,-40.01,0.00375833,-40.01,0.0128485,-40.01,0.0113713,-40.01,0.00800827,-40.01,0.00246978,-40.01,0.013425,-40.01,0.00288003,-40.01,0.0114348,-40.01,0.00139499,-40.01,0.00398836,-40.01,0.000438244,-40.01,9.91E-06,-40.01,0.0133194,-40.01,0.00392268,-40.01,0.00535148,-40.01,0.00272514,-40.01,0.00161906,-40.01,0.169088,-40.01,0.00795871,-40.01,0.00743403,-40.01,0.0113848,-40.01,0.487904,-40.01,0.0113386,-40.01,0.0114,-40.01,0.00544576,-40.01,0.000227742,-40.01,0.00798981,-40.01,0.00744075,-40.01,0.00290607,-40.01,0.00675621,-40.01,0.0139798,-40.01,0.00943727,-40.01,0.0146259,-40.01,1.12E-12,-40.01,0.000501624,-40.01,0.0146133,-40.01,1.03E-08,-40.01,0.0412791,-40.01,0.000204546,-40.01,0.000523053,-40.01,0.00546527,-40.01,0.000162839,-40.01,0.00280522,-40.01,0.00163534,-40.01,0.0672479,-40.01,0.0075575,-40.01,8.21E-09,-40.01,0.00638998,-40.01,0.0074571,-40.01,0.00436585,-40.01,0.00795871,-40.01,0.0486859
-38.01,0.0119208,-38.01,0.00218282,-38.01,0.182841,-38.01,4.75E-05,-38.01,0.000259192,-38.01,0.0138606,-38.01,3.96E-08,-38.01,0.0293572,-38.01,0.00464024,-38.01,0.0176322,-38.01,0.0171363,-38.01,0.0108078,-38.01,0.00358891,-38.01,0.0183854,-38.01,0.00397473,-38.01,0.0178923,-38.01,0.00178632,-38.01,0.00537467,-38.01,0.000738911,-38.01,3.71E-05,-38.01,0.0184594,-38.01,0.00533563,-38.01,0.00679131,-38.01,0.0034645,-38.01,0.00214057,-38.01,0.19596,-38.01,0.0108124,-38.01,0.00952342,-38.01,0.0182106,-38.01,0.530833,-38.01,0.0177935,-38.01,0.0181001,-38.01,0.00766473,-38.01,0.00036528,-38.01,0.0105959,-38.01,0.0110471,-38.01,0.00450267,-38.01,0.00939175,-38.01,0.0190118,-38.01,0.0122846,-38.01,0.019004,-38.01,7.82E-11,-38.01,0.000745765,-38.01,0.0191983,-38.01,4.16E-08,-38.01,0.0563155,-38.01,0.000328112,-38.01,0.000838796,-38.01,0.0075293,-38.01,0.000293114,-38.01,0.00365476,-38.01,0.00215859,-38.01,0.0873252,-38.01,0.0107038,-38.01,3.33E-08,-38.01,0.0111887,-38.01,0.011071,-38.01,0.00590461,-38.01,0.0108124,-38.01,0.0794615
-36.01,0.0154787,-36.01,0.0028636,-36.01,0.208581,-36.01,3.67E-05,-36.01,0.000368065,-36.01,0.0196932,-36.01,1.59E-07,-36.01,0.0373223,-36.01,0.00572784,-36.01,0.0241317,-36.01,0.0252239,-36.01,0.014568,-36.01,0.00516794,-36.01,0.0251568,-36.01,0.00547516,-36.01,0.0275651,-36.01,0.00220406,-36.01,0.00723207,-36.01,0.00122983,-36.01,0.000133689,-36.01,0.0255214,-36.01,0.00725186,-36.01,0.00861848,-36.01,0.00441741,-36.01,0.00282682,-36.01,0.226329,-36.01,0.0146472,-36.01,0.0121912,-36.01,0.0287427,-36.01,0.567601,-36.01,0.0275428,-36.01,0.0284298,-36.01,0.010775,-36.01,0.000585775,-36.01,0.0140323,-36.01,0.0163549,-36.01,0.00687028,-36.01,0.0130347,-36.01,0.0256375,-36.01,0.0159766,-36.01,0.0246598,-36.01,2.84E-09,-36.01,0.00110768,-36.01,0.0249825,-36.01,1.68E-07,-36.01,0.0769706,-36.01,0.000526262,-36.01,0.00134469,-36.01,0.0103393,-36.01,0.000522063,-36.01,0.00475966,-36.01,0.00284921,-36.01,0.112572,-36.01,0.0151048,-36.01,1.34E-07,-36.01,0.0189207,-36.01,0.0163892,-36.01,0.00797961,-36.01,0.0146472,-36.01,0.121015
-34.01,0.0201028,-34.01,0.00375219,-34.01,0.235152,-34.01,4.61E-05,-34.01,0.000522629,-34.01,0.0278705,-34.01,6.28E-07,-34.01,0.0473202,-34.01,0.00706836,-34.01,0.0329307,-34.01,0.0363543,-34.01,0.0196036,-34.01,0.0073694,-34.01,0.0343809,-34.01,0.0075264,-34.01,0.0417379,-34.01,0.00265093,-34.01,0.00971243,-34.01,0.0020178,-34.01,0.000459866,-34.01,0.0351735,-34.01,0.00984505,-34.01,0.0109292,-34.01,0.00564504,-34.01,0.0037335,-34.01,0.260287,-34.01,0.0197762,-34.01,0.0155928,-34.01,0.0442675,-34.01,0.598085,-34.01,0.0419729,-34.01,0.0440471,-34.01,0.0151221,-34.01,0.000939115,-34.01,0.0185433,-34.01,0.0240976,-34.01,0.0103195,-34.01,0.0180515,-34.01,0.0343114,-34.01,0.020754,-34.01,0.0319439,-34.01,5.97E-08,-34.01,0.00164349,-34.01,0.0321424,-34.01,6.68E-07,-34.01,0.104684,-34.01,0.000843922,-34.01,0.00215451,-34.01,0.0141459,-34.01,0.000916278,-34.01,0.00619523,-34.01,0.00375993,-34.01,0.143856,-34.01,0.0212407,-34.01,5.34E-07,-34.01,0.0308249,-34.01,0.0241441,-34.01,0.0107781,-34.01,0.0197762,-34.01,0.171051
-32.01,0.0260655,-32.01,0.00491665,-32.01,0.262039,-32.01,9.21E-05,-32.01,0.00074202,-32.01,0.0392553,-32.01,2.45E-06,-32.01,0.0597962,-32.01,0.00871937,-32.01,0.044771,-32.01,0.0515299,-32.01,0.0263201,-32.01,0.0103996,-32.01,0.0468956,-32.01,0.0103226,-32.01,0.0620373,-32.01,0.00320012,-32.01,0.0130104,-32.01,0.00325904,-32.01,0.00148696,-32.01,0.0482747,-32.01,0.0133429,-32.01,0.0138408,-32.01,0.00722635,-32.01,0.00493657,-32.01,0.29787,-32.01,0.0265984,-32.01,0.0199231,-32.01,0.0658751,-32.01,0.622743,-32.01,0.0628539,-32.01,0.0670734,-32.01,0.0211738,-32.01,0.00150498,-32.01,0.0244856,-32.01,0.0352167,-32.01,0.0152506,-32.01,0.024926,-32.01,0.0456563,-32.01,0.0269193,-32.01,0.0412876,-32.01,7.87E-07,-32.01,0.0024356,-32.01,0.0408376,-32.01,2.63E-06,-32.01,0.14058,-32.01,0.00135294,-32.01,0.00344885,-32.01,0.0192755,-32.01,0.00157654,-32.01,0.00805801,-32.01,0.0049652,-32.01,0.18195,-32.01,0.0297592,-32.01,2.10E-06,-32.01,0.0482707,-32.01,0.0352694,-32.01,0.0145528,-32.01,0.0265984,-32.01,0.224926
-30.01,0.0336621,-30.01,0.00643975,-30.01,0.289015,-30.01,0.000193887,-30.01,0.00105335,-30.01,0.0549691,-30.01,9.38E-06,-30.01,0.0752537,-30.01,0.0107506,-30.01,0.0605598,-30.01,0.0720694,-30.01,0.0352323,-30.01,0.0145138,-30.01,0.063759,-30.01,0.0141219,-30.01,0.0903691,-30.01,0.00396183,-30.01,0.0173701,-30.01,0.00517457,-30.01,0.00444714,-30.01,0.0658936,-30.01,0.0180376,-30.01,0.0174945,-30.01,0.00926653,-30.01,0.00652911,-30.01,0.339046,-30.01,0.0356131,-30.01,0.0254243,-30.01,0.0941841,-30.01,0.642397,-30.01,0.0922528,-30.01,0.0999414,-30.01,0.0295521,-30.01,0.00241033,-30.01,0.0324056,-30.01,0.0507593,-30.01,0.0221569,-30.01,0.0342851,-30.01,0.060482,-30.01,0.0348482,-30.01,0.0532123,-30.01,7.00E-06,-30.01,0.00360484,-30.01,0.0512419,-30.01,0.000010145,-30.01,0.185128,-30.01,0.002168,-30.01,0.00551243,-30.01,0.026149,-30.01,0.00264338,-30.01,0.010471,-30.01,0.0065682,-30.01,0.227389,-30.01,0.0415089,-30.01,8.11E-06,-30.01,0.0725434,-30.01,0.050779,-30.01,0.0196424,-30.01,0.0356131,-30.01,0.27788
-28.01,0.0431852,-28.01,0.00842251,-28.01,0.316231,-28.01,0.000395995,-28.01,0.001495,-28.01,0.0764137,-28.01,0.000034913,-28.01,0.0942416,-28.01,0.0132458,-28.01,0.0813851,-28.01,0.0994501,-28.01,0.0469796,-28.01,0.0200194,-28.01,0.0862413,-28.01,0.0192642,-28.01,0.128633,-28.01,0.00501287,-28.01,0.0230897,-28.01,0.00806582,-28.01,0.0120966,-28.01,0.0892943,-28.01,0.0242934,-28.01,0.0220575,-28.01,0.0119077,-28.01,0.00862932,-28.01,0.383677,-28.01,0.0474299,-28.01,0.0323944,-28.01,0.129298,-28.01,0.658026,-28.01,0.132204,-28.01,0.144948,-28.01,0.0410629,-28.01,0.00385683,-28.01,0.042632,-28.01,0.0715592,-28.01,0.0316105,-28.01,0.0469198,-28.01,0.0797434,-28.01,0.045,-28.01,0.0683313,-28.01,4.45E-05,-28.01,0.00532777,-28.01,0.0636212,-28.01,3.82E-05,-28.01,0.238026,-28.01,0.00347165,-28.01,0.00878974,-28.01,0.0353025,-28.01,0.00429256,-28.01,0.0135897,-28.01,0.00870072,-28.01,0.28029,-28.01,0.0575554,-28.01,3.05E-05,-28.01,0.104566,-28.01,0.0713939,-28.01,0.0264973,-28.01,0.0474299,-28.01,0.327137
-26.01,0.0548908,-26.01,0.0109925,-26.01,0.344144,-26.01,0.000802915,-26.01,0.00212124,-26.01,0.105233,-26.01,0.000125166,-26.01,0.117328,-26.01,0.0163039,-26.01,0.108533,-26.01,0.134951,-26.01,0.0623356,-26.01,0.0272742,-26.01,0.115746,-26.01,0.0261909,-26.01,0.178155,-26.01,0.00636566,-26.01,0.0305194,-26.01,0.012327,-26.01,0.0294685,-26.01,0.119859,-26.01,0.0325445,-26.01,0.0277239,-26.01,0.0153374,-26.01,0.0113881,-26.01,0.431451,-26.01,0.0627678,-26.01,0.0411958,-26.01,0.170943,-26.01,0.670611,-26.01,0.184077,-26.01,0.203465,-26.01,0.0567117,-26.01,0.00616322,-26.01,0.0558504,-26.01,0.0977339,-26.01,0.0442158,-26.01,0.0637944,-26.01,0.104452,-26.01,0.0579239,-26.01,0.0873405,-26.01,0.000213238,-26.01,0.00786132,-26.01,0.0784358,-26.01,0.000138605,-26.01,0.298273,-26.01,0.00555324,-26.01,0.0139657,-26.01,0.0474051,-26.01,0.00671511,-26.01,0.0176089,-26.01,0.0115329,-26.01,0.340166,-26.01,0.0791348,-26.01,0.000110792,-26.01,0.144636,-26.01,0.096941,-26.01,0.035708,-26.01,0.0627678,-26.01,0.372235
-24.01,0.068979,-24.01,0.0143103,-24.01,0.373285,-24.01,0.00168677,-24.01,0.00300865,-24.01,0.143154,-24.01,0.000427154,-24.01,0.145057,-24.01,0.0200393,-24.01,0.143423,-24.01,0.17919,-24.01,0.0822054,-24.01,0.0366805,-24.01,0.153601,-24.01,0.0354656,-24.01,0.238971,-24.01,0.00803072,-24.01,0.0400539,-24.01,0.0184499,-24.01,0.063567,-24.01,0.15891,-24.01,0.0432803,-24.01,0.0347165,-24.01,0.0197928,-24.01,0.0149952,-24.01,0.481809,-24.01,0.0824341,-24.01,0.0522616,-24.01,0.218581,-24.01,0.681041,-24.01,0.247797,-24.01,0.274999,-24.01,0.0776844,-24.01,0.00983012,-24.01,0.0726968,-24.01,0.128456,-24.01,0.0605176,-24.01,0.0860279,-24.01,0.135551,-24.01,0.0742577,-24.01,0.110989,-24.01,0.000803331,-24.01,0.011577,-24.01,0.0964092,-24.01,0.00048015,-24.01,0.364149,-24.01,0.00886858,-24.01,0.0220801,-24.01,0.0632655,-24.01,0.0100855,-24.01,0.0227689,-24.01,0.0152864,-24.01,0.405789,-24.01,0.107442,-24.01,0.000383841,-24.01,0.192274,-24.01,0.126096,-24.01,0.0480335,-24.01,0.0824341,-24.01,0.413968
-22.01,0.0856186,-22.01,0.0185782,-22.01,0.404036,-22.01,0.0038315,-22.01,0.00426509,-22.01,0.191653,-22.01,0.00136789,-22.01,0.177887,-22.01,0.0245815,-22.01,0.187356,-22.01,0.231721,-22.01,0.107598,-22.01,0.0486712,-22.01,0.200738,-22.01,0.047789,-22.01,0.309301,-22.01,0.0100332,-22.01,0.052126,-22.01,0.0270154,-22.01,0.120841,-22.01,0.207404,-22.01,0.0570201,-22.01,0.0432876,-22.01,0.0255651,-22.01,0.019686,-22.01,0.533888,-22.01,0.107272,-22.01,0.0660978,-22.01,0.271395,-22.01,0.690058,-22.01,0.321286,-22.01,0.356615,-22.01,0.105264,-22.01,0.015637,-22.01,0.0908935,-22.01,0.162527,-22.01,0.080861,-22.01,0.114827,-22.01,0.173742,-22.01,0.0947124,-22.01,0.140021,-22.01,0.00246845,-22.01,0.0170075,-22.01,0.118524,-22.01,0.00156348,-22.01,0.433126,-22.01,0.0141294,-22.01,0.0346844,-22.01,0.0838154,-22.01,0.0145332,-22.01,0.0293621,-22.01,0.0202467,-22.01,0.475178,-22.01,0.143013,-22.01,0.00125018,-22.01,0.246241,-22.01,0.157243,-22.01,0.0644231,-22.01,0.107272,-22.01,0.453303
-20.01,0.105026,-20.01,0.0240509,-20.01,0.436754,-20.01,0.00957888,-20.01,0.00604201,-20.01,0.251422,-20.01,0.00404483,-20.01,0.216115,-20.01,0.0300762,-20.01,0.241075,-20.01,0.29089,-20.01,0.139563,-20.01,0.0636887,-20.01,0.257889,-20.01,0.0640023,-20.01,0.38561,-20.01,0.0124001,-20.01,0.0672256,-20.01,0.038667,-20.01,0.203104,-20.01,0.265521,-20.01,0.0742975,-20.01,0.0537217,-20.01,0.0330035,-20.01,0.0257486,-20.01,0.586528,-20.01,0.138067,-20.01,0.0832791,-20.01,0.328202,-20.01,0.698247,-20.01,0.400597,-20.01,0.44327,-20.01,0.140661,-20.01,0.0247819,-20.01,0.111804,-20.01,0.199139,-20.01,0.105243,-20.01,0.151347,-20.01,0.219278,-20.01,0.120035,-20.01,0.175083,-20.01,0.00638216,-20.01,0.024907,-20.01,0.145945,-20.01,0.00470571,-20.01,0.502045,-20.01,0.0224323,-20.01,0.0540331,-20.01,0.110051,-20.01,0.020138,-20.01,0.0377352,-20.01,0.0267766,-20.01,0.545779,-20.01,0.184284,-20.01,0.0037649,-20.01,0.304718,-20.01,0.189685,-20.01,0.0860168,-20.01,0.138067,-20.01,0.490906
-18.01,0.127535,-18.01,0.03105,-18.01,0.471487,-18.01,0.0254758,-18.01,0.00855113,-18.01,0.321757,-18.01,0.010864,-18.01,0.259783,-18.01,0.0366977,-18.01,0.304284,-18.01,0.354079,-18.01,0.179066,-18.01,0.0821562,-18.01,0.324709,-18.01,0.0850648,-18.01,0.463383,-18.01,0.0151561,-18.01,0.0859753,-18.01,0.0540634,-18.01,0.305085,-18.01,0.332255,-18.01,0.0956984,-18.01,0.0663384,-18.01,0.0425143,-18.01,0.0335343,-18.01,0.638354,-18.01,0.175402,-18.01,0.104431,-18.01,0.387412,-18.01,0.706047,-18.01,0.480817,-18.01,0.529097,-18.01,0.184768,-18.01,0.0390681,-18.01,0.141205,-18.01,0.237698,-18.01,0.133274,-18.01,0.196451,-18.01,0.271754,-18.01,0.15094,-18.01,0.216585,-18.01,0.0142571,-18.01,0.0363232,-18.01,0.179882,-18.01,0.0128618,-18.01,0.56771,-18.01,0.035431,-18.01,0.0832472,-18.01,0.142917,-18.01,0.0269581,-18.01,0.0482884,-18.01,0.0353316,-18.01,0.614813,-18.01,0.225461,-18.01,0.0103044,-18.01,0.3656,-18.01,0.223455,-18.01,0.114105,-18.01,0.175402,-18.01,0.527133
-16.01,0.15354,-16.01,0.0399804,-16.01,0.507632,-16.01,0.0659515,-16.01,0.0120867,-16.01,0.400138,-16.01,0.0261181,-16.01,0.308604,-16.01,0.0446709,-16.01,0.375317,-16.01,0.418264,-16.01,0.226809,-16.01,0.104443,-16.01,0.399511,-16.01,0.11199,-16.01,0.538254,-16.01,0.0183247,-16.01,0.109245,-16.01,0.0738117,-16.01,0.416159,-16.01,0.405225,-16.01,0.121971,-16.01,0.0814975,-16.01,0.0545487,-16.01,0.0434677,-16.01,0.687961,-16.01,0.219487,-16.01,0.130198,-16.01,0.447099,-16.01,0.713766,-16.01,0.557337,-16.01,0.60899,-16.01,0.237938,-16.01,0.0611111,-16.01,0.17713,-16.01,0.277137,-16.01,0.164431,-16.01,0.250405,-16.01,0.329992,-16.01,0.188011,-16.01,0.264544,-16.01,0.0281435,-16.01,0.0526714,-16.01,0.221395,-16.01,0.0314099,-16.01,0.627581,-16.01,0.0555306,-16.01,0.126276,-16.01,0.183118,-16.01,0.0350846,-16.01,0.0614666,-16.01,0.0464806,-16.01,0.679708,-16.01,0.258474,-16.01,0.0252378,-16.01,0.426794,-16.01,0.258189,-16.01,0.150016,-16.01,0.219487,-16.01,0.562154
-14.01,0.183263,-14.01,0.0513455,-14.01,0.544457,-14.01,0.148321,-14.01,0.0170542,-14.01,0.482354,-14.01,0.0556277,-14.01,0.361909,-14.01,0.054283,-14.01,0.451161,-14.01,0.480652,-14.01,0.282983,-14.01,0.130829,-14.01,0.479385,-14.01,0.145721,-14.01,0.606943,-14.01,0.0219281,-14.01,0.138193,-14.01,0.0983891,-14.01,0.524876,-14.01,0.480931,-14.01,0.154128,-14.01,0.0996024,-14.01,0.0695726,-14.01,0.0560581,-14.01,0.734097,-14.01,0.269984,-14.01,0.161184,-14.01,0.505227,-14.01,0.721605,-14.01,0.62683,-14.01,0.679646,-14.01,0.299878,-14.01,0.0944721,-14.01,0.220235,-14.01,0.315867,-14.01,0.198732,-14.01,0.312543,-14.01,0.392086,-14.01,0.231566,-14.01,0.31843,-14.01,0.0500312,-14.01,0.0757779,-14.01,0.271135,-14.01,0.0677223,-14.01,0.680189,-14.01,0.0860184,-14.01,0.18734,-14.01,0.230884,-14.01,0.0446854,-14.01,0.0777428,-14.01,0.0609286,-14.01,0.738474,-14.01,0.286492,-14.01,0.0547162,-14.01,0.486462,-14.01,0.292807,-14.01,0.194914,-14.01,0.269984,-14.01,0.596059
-12.01,0.216489,-12.01,0.0657558,-12.01,0.581215,-12.01,0.268606,-12.01,0.0240055,-12.01,0.56333,-12.01,0.104595,-12.01,0.418642,-12.01,0.0658692,-12.01,0.527929,-12.01,0.539132,-12.01,0.347015,-12.01,0.161465,-12.01,0.560659,-12.01,0.186947,-12.01,0.66762,-12.01,0.0259842,-12.01,0.174098,-12.01,0.128064,-12.01,0.622791,-12.01,0.555475,-12.01,0.193378,-12.01,0.121086,-12.01,0.0880153,-12.01,0.0719018,-12.01,0.775846,-12.01,0.325907,-12.01,0.197872,-12.01,0.559961,-12.01,0.729682,-12.01,0.687576,-12.01,0.739736,-12.01,0.369631,-12.01,0.143494,-12.01,0.270854,-12.01,0.352446,-12.01,0.237575,-12.01,0.381078,-12.01,0.455654,-12.01,0.281519,-12.01,0.377069,-12.01,0.0813874,-12.01,0.107832,-12.01,0.329061,-12.01,0.1283,-12.01,0.725152,-12.01,0.130929,-12.01,0.269475,-12.01,0.285734,-12.01,0.0560082,-12.01,0.097597,-12.01,0.0795334,-12.01,0.789901,-12.01,0.325078,-12.01,0.104602,-12.01,0.543165,-12.01,0.326148,-12.01,0.249482,-12.01,0.325907,-12.01,0.6289
-10.01,0.252459,-10.01,0.083919,-10.01,0.617216,-10.01,0.40241,-10.01,0.0336796,-10.01,0.638358,-10.01,0.174386,-10.01,0.477424,-10.01,0.0797903,-10.01,0.601657,-10.01,0.592426,-10.01,0.417396,-10.01,0.196347,-10.01,0.639565,-10.01,0.235864,-10.01,0.719761,-10.01,0.0304967,-10.01,0.217968,-10.01,0.162834,-10.01,0.705735,-10.01,0.625462,-10.01,0.240795,-10.01,0.146392,-10.01,0.110196,-10.01,0.0916664,-10.01,0.812699,-10.01,0.385642,-10.01,0.240522,-10.01,0.609942,-10.01,0.73805,-10.01,0.739235,-10.01,0.78945,-10.01,0.445417,-10.01,0.212466,-10.01,0.328791,-10.01,0.386264,-10.01,0.284025,-10.01,0.453184,-10.01,0.518225,-10.01,0.337277,-10.01,0.438695,-10.01,0.122794,-10.01,0.151138,-10.01,0.394202,-10.01,0.214415,-10.01,0.762904,-10.01,0.194296,-10.01,0.372196,-10.01,0.346337,-10.01,0.0693556,-10.01,0.121499,-10.01,0.103296,-10.01,0.833571,-10.01,0.378607,-10.01,0.177053,-10.01,0.59591,-10.01,0.357689,-10.01,0.31355,-10.01,0.385642,-10.01,0.660691
-8.01,0.289999,-8.01,0.106605,-8.01,0.651881,-8.01,0.526455,-8.01,0.0470411,-8.01,0.70415,-8.01,0.260792,-8.01,0.536664,-8.01,0.0964226,-8.01,0.66911,-8.01,0.640013,-8.01,0.49168,-8.01,0.235294,-8.01,0.712826,-8.01,0.291953,-8.01,0.763743,-8.01,0.0354428,-8.01,0.270099,-8.01,0.20239,-8.01,0.773077,-8.01,0.688594,-8.01,0.29684,-8.01,0.175916,-8.01,0.136241,-8.01,0.116044,-8.01,0.844568,-8.01,0.447128,-8.01,0.28906,-8.01,0.654441,-8.01,0.746719,-8.01,0.782371,-8.01,0.829855,-8.01,0.524372,-8.01,0.303762,-8.01,0.393062,-8.01,0.417723,-8.01,0.341869,-8.01,0.52542,-8.01,0.577638,-8.01,0.397713,-8.01,0.501156,-8.01,0.173802,-8.01,0.207558,-8.01,0.464566,-8.01,0.319872,-8.01,0.794347,-8.01,0.278472,-8.01,0.489381,-8.01,0.410572,-8.01,0.0850633,-8.01,0.14991,-8.01,0.133297,-8.01,0.869712,-8.01,0.440326,-8.01,0.268283,-8.01,0.644123,-8.01,0.387781,-8.01,0.385777,-8.01,0.447128,-8.01,0.691394
-6.01,0.327794,-6.01,0.134561,-6.01,0.684765,-6.01,0.630375,-6.01,0.0653052,-6.01,0.75926,-6.01,0.355539,-6.01,0.594725,-6.01,0.116151,-6.01,0.728267,-6.01,0.681922,-6.01,0.56675,-6.01,0.277944,-6.01,0.777994,-6.01,0.353855,-6.01,0.800431,-6.01,0.0407621,-6.01,0.329778,-6.01,0.246125,-6.01,0.8263,-6.01,0.743736,-6.01,0.36094,-6.01,0.209939,-6.01,0.166011,-6.01,0.145659,-6.01,0.871689,-6.01,0.508163,-6.01,0.342977,-6.01,0.693337,-6.01,0.755668,-6.01,0.818004,-6.01,0.862361,-6.01,0.602679,-6.01,0.415237,-6.01,0.461634,-6.01,0.44792,-6.01,0.413618,-6.01,0.594389,-6.01,0.632318,-6.01,0.461262,-6.01,0.562284,-6.01,0.233018,-6.01,0.277629,-6.01,0.537315,-6.01,0.433322,-6.01,0.820543,-6.01,0.381753,-6.01,0.609587,-6.01,0.475806,-6.01,0.103484,-6.01,0.18331,-6.01,0.170562,-6.01,0.898987,-6.01,0.503408,-6.01,0.369595,-6.01,0.68758,-6.01,0.417397,-6.01,0.46355,-6.01,0.508163,-6.01,0.720902
-4.01,0.364682,-4.01,0.16839,-4.01,0.715558,-4.01,0.713407,-4.01,0.0899228,-4.01,0.803845,-4.01,0.449784,-4.01,0.650089,-4.01,0.139356,-4.01,0.778391,-4.01,0.718523,-4.01,0.639297,-4.01,0.323763,-4.01,0.833604,-4.01,0.419442,-4.01,0.830862,-4.01,0.0463583,-4.01,0.395241,-4.01,0.293178,-4.01,0.867752,-4.01,0.790656,-4.01,0.431309,-4.01,0.248538,-4.01,0.199065,-4.01,0.18093,-4.01,0.894524,-4.01,0.566734,-4.01,0.401283,-4.01,0.726976,-4.01,0.764854,-4.01,0.847285,-4.01,0.88839,-4.01,0.676341,-4.01,0.538529,-4.01,0.53136,-4.01,0.478139,-4.01,0.498564,-4.01,0.657367,-4.01,0.681373,-4.01,0.526107,-4.01,0.620263,-4.01,0.298362,-4.01,0.359614,-4.01,0.609192,-4.01,0.543142,-4.01,0.842515,-4.01,0.496799,-4.01,0.719884,-4.01,0.539343,-4.01,0.12497,-4.01,0.222226,-4.01,0.21585,-4.01,0.922292,-4.01,0.563388,-4.01,0.470904,-4.01,0.72632,-4.01,0.44768,-4.01,0.543256,-4.01,0.566734,-4.01,0.74903
-2.01,0.399851,-2.01,0.208378,-2.01,0.744077,-2.01,0.77848,-2.01,0.122489,-2.01,0.839095,-2.01,0.536958,-2.01,0.701511,-2.01,0.166383,-2.01,0.819761,-2.01,0.750353,-2.01,0.706387,-2.01,0.372068,-2.01,0.879187,-2.01,0.486105,-2.01,0.856064,-2.01,0.0521166,-2.01,0.463889,-2.01,0.342514,-2.01,0.899847,-2.01,0.829717,-2.01,0.505082,-2.01,0.291507,-2.01,0.23469,-2.01,0.221901,-2.01,0.913642,-2.01,0.621277,-2.01,0.462534,-2.01,0.755984,-2.01,0.774227,-2.01,0.871317,-2.01,0.909215,-2.01,0.742169,-2.01,0.660567,-2.01,0.598352,-2.01,0.509411,-2.01,0.592123,-2.01,0.712684,-2.01,0.724525,-2.01,0.590384,-2.01,0.673838,-2.01,0.3674,-2.01,0.449101,-2.01,0.677091,-2.01,0.641145,-2.01,0.861143,-2.01,0.611923,-2.01,0.810897,-2.01,0.598867,-2.01,0.149845,-2.01,0.267165,-2.01,0.269389,-2.01,0.940588,-2.01,0.617642,-2.01,0.564103,-2.01,0.760564,-2.01,0.479543,-2.01,0.620903,-2.01,0.621277,-2.01,0.775522
-0.01,0.432901,-0.01,0.254322,-0.01,0.770248,-0.01,0.829036,-0.01,0.164525,-0.01,0.866644,-0.01,0.613677,-0.01,0.748116,-0.01,0.197511,-0.01,0.853286,-0.01,0.778002,-0.01,0.765907,-0.01,0.422064,-0.01,0.915144,-0.01,0.551181,-0.01,0.876958,-0.01,0.0579408,-0.01,0.532723,-0.01,0.393023,-0.01,0.924666,-0.01,0.861659,-0.01,0.578774,-0.01,0.338311,-0.01,0.271974,-0.01,0.268088,-0.01,0.929614,-0.01,0.6708,-0.01,0.524949,-0.01,0.781092,-0.01,0.783731,-0.01,0.891067,-0.01,0.925898,-0.01,0.798378,-0.01,0.768405,-0.01,0.658997,-0.01,0.542251,-0.01,0.686926,-0.01,0.759749,-0.01,0.761954,-0.01,0.652321,-0.01,0.722249,-0.01,0.437659,-0.01,0.53972,-0.01,0.738568,-0.01,0.723545,-0.01,0.87713,-0.01,0.715389,-0.01,0.879343,-0.01,0.65275,-0.01,0.17837,-0.01,0.318333,-0.01,0.330611,-0.01,0.954795,-0.01,0.664955,-0.01,0.64459,-0.01,0.790643,-0.01,0.513408,-0.01,0.692889,-0.01,0.6708,-0.01,0.800083
1.99,0.463801,1.99,0.305409,1.99,0.794082,1.99,0.868068,1.99,0.217109,1.99,0.888159,1.99,0.67918,1.99,0.78943,1.99,0.232903,1.99,0.880145,1.99,0.802044,1.99,0.816765,1.99,0.472888,1.99,0.942503,1.99,0.612391,1.99,0.894331,1.99,0.0637947,1.99,0.59886,1.99,0.443622,1.99,0.943823,1.99,0.887426,1.99,0.648933,1.99,0.3881,1.99,0.309928,1.99,0.318416,1.99,0.94296,1.99,0.714862,1.99,0.586608,1.99,0.803013,1.99,0.793308,1.99,0.907348,1.99,0.939303,1.99,0.844597,1.99,0.854035,1.99,0.711587,1.99,0.576554,1.99,0.775107,1.99,0.798837,1.99,0.794127,1.99,0.710297,1.99,0.765053,1.99,0.506885,1.99,0.62489,1.99,0.792129,1.99,0.790021,1.99,0.891009,1.99,0.799774,1.99,0.927023,1.99,0.700141,1.99,0.210701,1.99,0.375195,1.99,0.398012,1.99,0.965733,1.99,0.705187,1.99,0.711027,1.99,0.816945,1.99,0.549098,1.99,0.75662,1.99,0.714862,1.99,0.822429
3.99,0.492792,3.99,0.360222,3.99,0.815655,3.99,0.898023,3.99,0.280378,3.99,0.905104,3.99,0.734273,3.99,0.825348,3.99,0.272556,3.99,0.901542,3.99,0.823001,3.99,0.85882,3.99,0.523651,3.99,0.962623,3.99,0.668121,3.99,0.908836,3.99,0.0697408,3.99,0.659981,3.99,0.493342,3.99,0.958501,3.99,0.908025,3.99,0.712753,3.99,0.439782,3.99,0.347603,3.99,0.371284,3.99,0.954099,3.99,0.753475,3.99,0.645682,3.99,0.822378,3.99,0.802908,3.99,0.920824,3.99,0.950109,3.99,0.881499,3.99,0.915809,3.99,0.757668,3.99,0.611632,3.99,0.850515,3.99,0.830766,3.99,0.821645,3.99,0.762929,3.99,0.802255,3.99,0.573207,3.99,0.699669,3.99,0.837254,3.99,0.842242,3.99,0.903168,3.99,0.863353,3.99,0.958229,3.99,0.740874,3.99,0.246844,3.99,0.436393,3.99,0.469197,3.99,0.974099,3.99,0.7389,3.99,0.764268,3.99,0.839875,3.99,0.585851,3.99,0.810781,3.99,0.753475,3.99,0.84237
5.99,0.52026,5.99,0.416904,5.99,0.835087,5.99,0.920905,5.99,0.35305,5.99,0.918664,5.99,0.780415,5.99,0.85606,5.99,0.31626,5.99,0.918562,5.99,0.841332,5.99,0.892647,5.99,0.573494,5.99,0.976934,5.99,0.717506,5.99,0.921003,5.99,0.0759658,5.99,0.714573,5.99,0.541379,5.99,0.969566,5.99,0.924412,5.99,0.768462,5.99,0.492141,5.99,0.384203,5.99,0.424801,5.99,0.963364,5.99,0.786956,5.99,0.700642,5.99,0.839709,5.99,0.812481,5.99,0.932033,5.99,0.958854,5.99,0.910324,5.99,0.956621,5.99,0.800732,5.99,0.646368,5.99,0.909871,5.99,0.856601,5.99,0.845139,5.99,0.809228,5.99,0.834679,5.99,0.635215,5.99,0.76168,5.99,0.874211,5.99,0.882649,5.99,0.91388,5.99,0.908527,5.99,0.977589,5.99,0.775284,5.99,0.286615,5.99,0.500409,5.99,0.541189,5.99,0.980466,5.99,0.767002,5.99,0.806253,5.99,0.859832,5.99,0.622463,5.99,0.855226,5.99,0.786956,5.99,0.859871
7.99,0.546642,7.99,0.473419,7.99,0.852526,7.99,0.938347,7.99,0.432224,7.99,0.929741,7.99,0.819133,7.99,0.881958,7.99,0.363561,7.99,0.932121,7.99,0.857433,7.99,0.919246,7.99,0.621626,7.99,0.986754,7.99,0.760345,7.99,0.931263,7.99,0.0828038,7.99,0.761958,7.99,0.587129,7.99,0.977702,7.99,0.937429,7.99,0.815369,7.99,0.543979,7.99,0.419172,7.99,0.477107,7.99,0.971014,7.99,0.815792,7.99,0.750392,7.99,0.855414,7.99,0.821985,7.99,0.941401,7.99,0.965958,7.99,0.932492,7.99,0.981207,7.99,0.841936,7.99,0.679473,7.99,0.952668,7.99,0.877441,7.99,0.86521,7.99,0.848751,7.99,0.86376,7.99,0.691973,7.99,0.810913,7.99,0.903783,7.99,0.913698,7.99,0.923342,7.99,0.939387,7.99,0.988984,7.99,0.804003,7.99,0.329609,7.99,0.566148,7.99,0.610916,7.99,0.985293,7.99,0.790481,7.99,0.839216,7.99,0.877186,7.99,0.657539,7.99,0.890662,7.99,0.815792,7.99,0.875077
9.99,0.57235,9.99,0.527916,9.99,0.868137,9.99,0.951655,9.99,0.513692,9.99,0.938996,9.99,0.851736,9.99,0.903552,9.99,0.413759,9.99,0.942961,9.99,0.871639,9.99,0.939783,9.99,0.667366,9.99,0.993197,9.99,0.796922,9.99,0.93996,9.99,0.0907933,9.99,0.802148,9.99,0.630171,9.99,0.983511,9.99,0.947784,9.99,0.853695,9.99,0.594233,9.99,0.452234,9.99,0.526706,9.99,0.977263,9.99,0.840541,9.99,0.794324,9.99,0.869798,9.99,0.831385,9.99,0.949274,9.99,0.971751,9.99,0.94936,9.99,0.994255,9.99,0.879037,9.99,0.70979,9.99,0.980335,9.99,0.894296,9.99,0.882391,9.99,0.88161,9.99,0.890441,9.99,0.742984,9.99,0.848859,9.99,0.927009,9.99,0.93749,9.99,0.931702,9.99,0.959976,9.99,0.995281,9.99,0.827791,9.99,0.375197,9.99,0.632349,9.99,0.675705,9.99,0.988942,9.99,0.81026,9.99,0.865232,9.99,0.892281,9.99,0.689819,9.99,0.918271,9.99,0.840541,9.99,0.888264
11.99,0.597721,11.99,0.57897,11.99,0.882085,11.99,0.96185,11.99,0.592777,11.99,0.946898,11.99,0.879231,11.99,0.921399,11.99,0.465929,11.99,0.951674,11.99,0.884232,11.99,0.955411,11.99,0.710176,11.99,0.997141,11.99,0.827814,11.99,0.947374,11.99,0.10095,11.99,0.835643,11.99,0.670254,11.99,0.987561,11.99,0.956055,11.99,0.884246,11.99,0.642052,11.99,0.483381,11.99,0.572659,11.99,0.982303,11.99,0.861759,11.99,0.832275,11.99,0.883088,11.99,0.84065,11.99,0.955923,11.99,0.97649,11.99,0.962108,11.99,0.999583,11.99,0.909832,11.99,0.736568,11.99,0.995255,11.99,0.908026,11.99,0.897143,11.99,0.908347,11.99,0.914481,11.99,0.788118,11.99,0.877632,11.99,0.944986,11.99,0.955655,11.99,0.939085,11.99,0.973536,11.99,0.998442,11.99,0.84742,11.99,0.422546,11.99,0.696661,11.99,0.733678,11.99,0.991694,11.99,0.827119,11.99,0.886029,11.99,0.905421,11.99,0.718461,11.99,0.939396,11.99,0.861759,11.99,0.899761
13.99,0.622997,13.99,0.625704,13.99,0.894539,13.99,0.969708,13.99,0.665375,13.99,0.953771,13.99,0.902355,13.99,0.936047,13.99,0.518982,13.99,0.958725,13.99,0.895448,13.99,0.967171,13.99,0.749689,13.99,0.999249,13.99,0.853732,13.99,0.953728,13.99,0.143937,13.99,0.863212,13.99,0.707256,13.99,0.990375,13.99,0.962701,13.99,0.908137,13.99,0.686829,13.99,0.512817,13.99,0.614612,13.99,0.98632,13.99,0.87996,13.99,0.864444,13.99,0.895442,13.99,0.849756,13.99,0.961571,13.99,0.980381,13.99,0.971702,13.99,1,13.99,0.933979,13.99,0.759602,13.99,1,13.99,0.919336,13.99,0.909853,13.99,0.92974,13.99,0.935133,13.99,0.827531,13.99,0.899346,13.99,0.958743,13.99,0.969388,13.99,0.945607,13.99,0.982412,13.99,0.999746,13.99,0.863608,13.99,0.470672,13.99,0.756159,13.99,0.783858,13.99,0.993766,13.99,0.841692,13.99,0.902948,13.99,0.916873,13.99,0.743203,13.99,0.955337,13.99,0.87996,13.99,0.909877
15.99,0.648316,15.99,0.667757,15.99,0.905656,15.99,0.975809,15.99,0.728746,15.99,0.959832,15.99,0.921656,15.99,0.948009,15.99,0.571751,15.99,0.964482,15.99,0.905486,15.99,0.975942,15.99,0.785721,15.99,1,15.99,0.875406,15.99,0.959205,15.99,0.203702,15.99,0.885735,15.99,0.741157,15.99,0.99238,15.99,0.968083,15.99,0.926552,15.99,0.728164,15.99,0.540882,15.99,0.652717,15.99,0.989481,15.99,0.895602,15.99,0.891275,15.99,0.906968,15.99,0.858684,15.99,0.966393,15.99,0.983586,15.99,0.978903,15.99,0.997461,15.99,0.952347,15.99,0.779203,15.99,0.996895,15.99,0.928781,15.99,0.920842,15.99,0.946639,15.99,0.952018,15.99,0.861586,15.99,0.915825,15.99,0.96918,15.99,0.979561,15.99,0.951374,15.99,0.988212,15.99,1,15.99,0.876986,15.99,0.518524,15.99,0.808666,15.99,0.826086,15.99,0.995325,15.99,0.854477,15.99,0.916978,15.99,0.926874,15.99,0.764338,15.99,0.96724,15.99,0.895602,15.99,0.918867
17.99,0.673715,17.99,0.7052,17.99,0.915585,17.99,0.980585,17.99,0.78176,17.99,0.965229,17.99,0.937593,17.99,0.957742,17.99,0.623091,17.99,0.969226,17.99,0.914511,17.99,0.982438,17.99,0.818259,17.99,0.999731,17.99,0.893525,17.99,0.963952,17.99,0.270903,17.99,0.904072,17.99,0.772014,17.99,0.993885,17.99,0.972486,17.99,0.940606,17.99,0.765835,17.99,0.567965,17.99,0.687429,17.99,0.991945,17.99,0.909077,17.99,0.913355,17.99,0.917739,17.99,0.867419,17.99,0.970533,17.99,0.986234,17.99,0.9843,17.99,0.993282,17.99,0.96612,17.99,0.796043,17.99,0.987819,17.99,0.93679,17.99,0.930378,17.99,0.959859,17.99,0.965338,17.99,0.890769,17.99,0.928505,17.99,0.977046,17.99,0.986861,17.99,0.956486,17.99,0.992009,17.99,0.999699,17.99,0.888086,17.99,0.565067,17.99,0.853248,17.99,0.860813,17.99,0.996496,17.99,0.865859,17.99,0.928822,17.99,0.935626,17.99,0.782547,17.99,0.976057,17.99,0.909077,17.99,0.926922
19.99,0.699136,19.99,0.738381,19.99,0.924465,19.99,0.984351,19.99,0.824655,19.99,0.970057,19.99,0.950611,19.99,0.965643,19.99,0.67198,19.99,0.97318,19.99,0.922662,19.99,0.987224,19.99,0.847426,19.99,0.998673,19.99,0.908697,19.99,0.968089,19.99,0.341832,19.99,0.919006,19.99,0.799936,19.99,0.995083,19.99,0.976126,19.99,0.951272,19.99,0.799771,19.99,0.594442,19.99,0.719332,19.99,0.99385,19.99,0.920718,19.99,0.931325,19.99,0.927798,19.99,0.875951,19.99,0.974107,19.99,0.98843,19.99,0.988341,19.99,0.988328,19.99,0.976367,19.99,0.810937,19.99,0.974177,19.99,0.94369,19.99,0.938682,19.99,0.97012,19.99,0.975609,19.99,0.915629,19.99,0.938462,19.99,0.982944,19.99,0.991887,19.99,0.961034,19.99,0.994506,19.99,0.999137,19.99,0.897348,19.99,0.609379,19.99,0.89002,19.99,0.888875,19.99,0.997375,19.99,0.876136,19.99,0.938969,19.99,0.943305,19.99,0.798675,19.99,0.98255,19.99,0.920718,19.99,0.934185
21.99,0.724451,21.99,0.767748,21.99,0.932419,21.99,0.987343,21.99,0.858539,21.99,0.974379,21.99,0.961165,21.99,0.972049,21.99,0.71759,21.99,0.976513,21.99,0.930059,21.99,0.990734,21.99,0.87341,21.99,0.996984,21.99,0.921445,21.99,0.971716,21.99,0.413322,21.99,0.93121,21.99,0.825074,21.99,0.996078,21.99,0.979173,21.99,0.959364,21.99,0.830005,21.99,0.620631,21.99,0.749011,21.99,0.995314,21.99,0.930806,21.99,0.945817,21.99,0.937169,21.99,0.884272,21.99,0.977209,21.99,0.990257,21.99,0.991362,21.99,0.983154,21.99,0.983943,21.99,0.82466,21.99,0.95694,21.99,0.949726,21.99,0.94594,21.99,0.978031,21.99,0.983395,21.99,0.936722,21.99,0.946475,21.99,0.987351,21.99,0.995193,21.99,0.965096,21.99,0.996161,21.99,0.998485,21.99,0.905133,21.99,0.650712,21.99,0.919646,21.99,0.911231,21.99,0.998035,21.99,0.885536,21.99,0.947753,21.99,0.950058,21.99,0.813526,21.99,0.987311,21.99,0.930806,21.99,0.940764
23.99,0.749475,23.99,0.793808,23.99,0.93956,23.99,0.989736,23.99,0.884919,23.99,0.978241,23.99,0.969692,23.99,0.977239,23.99,0.759335,23.99,0.979354,23.99,0.9368,23.99,0.993299,23.99,0.896411,23.99,0.994768,23.99,0.932207,23.99,0.974912,23.99,0.483076,23.99,0.941242,23.99,0.847601,23.99,0.996918,23.99,0.981753,23.99,0.96554,23.99,0.856647,23.99,0.646757,23.99,0.776919,23.99,0.996434,23.99,0.939574,23.99,0.957421,23.99,0.945868,23.99,0.892379,23.99,0.979917,23.99,0.991781,23.99,0.99362,23.99,0.978104,23.99,0.989492,23.99,0.837829,23.99,0.936719,23.99,0.95508,23.99,0.952305,23.99,0.98409,23.99,0.989207,23.99,0.954581,23.99,0.953092,23.99,0.990634,23.99,0.997276,23.99,0.96874,23.99,0.997269,23.99,0.997838,23.99,0.911728,23.99,0.688538,23.99,0.943049,23.99,0.928882,23.99,0.99853,23.99,0.894239,23.99,0.955402,23.99,0.956018,23.99,0.827748,23.99,0.990789,23.99,0.939574,23.99,0.946745
25.99,0.773987,25.99,0.817033,25.99,0.945988,25.99,0.991661,25.99,0.905337,25.99,0.981675,25.99,0.97656,25.99,0.981447,25.99,0.796878,25.99,0.981807,25.99,0.942967,25.99,0.995168,25.99,0.916609,25.99,0.992099,25.99,0.941344,25.99,0.977745,25.99,0.54963,25.99,0.949558,25.99,0.867709,25.99,0.997624,25.99,0.983965,25.99,0.970325,25.99,0.87987,25.99,0.672949,25.99,0.803367,25.99,0.997288,25.99,0.94722,25.99,0.966657,25.99,0.953897,25.99,0.900268,25.99,0.982294,25.99,0.993058,25.99,0.995303,25.99,0.973381,25.99,0.993493,25.99,0.850859,25.99,0.913841,25.99,0.959887,25.99,0.957909,25.99,0.988699,25.99,0.993443,25.99,0.969692,25.99,0.958696,25.99,0.993075,25.99,0.99854,25.99,0.972025,25.99,0.99802,25.99,0.99724,25.99,0.917364,25.99,0.722553,25.99,0.961147,25.99,0.942742,25.99,0.998901,25.99,0.90238,25.99,0.962081,25.99,0.961291,25.99,0.841775,25.99,0.993325,25.99,0.94722,25.99,0.952199
27.99,0.797761,27.99,0.837821,27.99,0.951793,27.99,0.993219,27.99,0.921181,27.99,0.984707,27.99,0.982055,27.99,0.984862,27.99,0.830114,27.99,0.983945,27.99,0.948633,27.99,0.996526,27.99,0.934168,27.99,0.989027,27.99,0.949152,27.99,0.980269,27.99,0.612115,27.99,0.956516,27.99,0.885597,27.99,0.998205,27.99,0.985883,27.99,0.974132,27.99,0.899917,27.99,0.699236,27.99,0.828478,27.99,0.99794,27.99,0.95391,27.99,0.973974,27.99,0.961259,27.99,0.907942,27.99,0.984392,27.99,0.994131,27.99,0.996556,27.99,0.969092,27.99,0.996301,27.99,0.863966,27.99,0.888415,27.99,0.964246,27.99,0.962863,27.99,0.992173,27.99,0.996426,27.99,0.982484,27.99,0.963553,27.99,0.994887,27.99,0.999278,27.99,0.975,27.99,0.998539,27.99,0.996712,27.99,0.922226,27.99,0.752662,27.99,0.974821,27.99,0.953566,27.99,0.999179,27.99,0.91007,27.99,0.967906,27.99,0.965972,27.99,0.855835,27.99,0.99517,27.99,0.95391,27.99,0.957185
29.99,0.820576,29.99,0.856523,29.99,0.957053,29.99,0.994485,29.99,0.933605,29.99,0.987362,29.99,0.986398,29.99,0.987637,29.99,0.859126,29.99,0.98583,29.99,0.953858,29.99,0.99751,29.99,0.94925,29.99,0.985589,29.99,0.955872,29.99,0.982531,29.99,0.670038,29.99,0.962402,29.99,0.901465,29.99,0.998669,29.99,0.987566,29.99,0.977282,29.99,0.917063,29.99,0.725553,29.99,0.85224,29.99,0.998436,29.99,0.959786,29.99,0.97975,29.99,0.967951,29.99,0.915401,29.99,0.986255,29.99,0.995037,29.99,0.997485,29.99,0.96528,29.99,0.998178,29.99,0.877196,29.99,0.860392,29.99,0.96823,29.99,0.967263,29.99,0.99476,29.99,0.998393,29.99,0.993325,29.99,0.967842,29.99,0.996231,29.99,0.999689,29.99,0.977707,29.99,0.998904,29.99,0.996261,29.99,0.926459,29.99,0.778945,29.99,0.984832,29.99,0.962046,29.99,0.999387,29.99,0.917389,29.99,0.972982,29.99,0.970142,29.99,0.86998,29.99,0.996511,29.99,0.959786,29.99,0.961757
31.99,0.842239,31.99,0.873428,31.99,0.961838,31.99,0.995518,31.99,0.943512,31.99,0.989667,31.99,0.989783,31.99,0.989899,31.99,0.884145,31.99,0.987509,31.99,0.958693,31.99,0.998222,31.99,0.962018,31.99,0.981814,31.99,0.961699,31.99,0.984567,31.99,0.723069,31.99,0.967434,31.99,0.915507,31.99,0.999032,31.99,0.989056,31.99,0.980016,31.99,0.931591,31.99,0.751766,31.99,0.874509,31.99,0.998813,31.99,0.964966,31.99,0.984297,31.99,0.973975,31.99,0.922648,31.99,0.987916,31.99,0.995805,31.99,0.998173,31.99,0.961945,31.99,0.999326,31.99,0.890475,31.99,0.829616,31.99,0.971892,31.99,0.97119,31.99,0.996655,31.99,0.999535,31.99,1,31.99,0.971688,31.99,0.997226,31.99,0.999896,31.99,0.980179,31.99,0.999166,31.99,0.995883,31.99,0.930181,31.99,0.801608,31.99,0.991849,31.99,0.968697,31.99,0.999544,31.99,0.924405,31.99,0.977386,31.99,0.973869,31.99,0.884135,31.99,0.997484,31.99,0.964966,31.99,0.965959
33.99,0.862588,33.99,0.888765,33.99,0.966207,33.99,0.996365,33.99,0.951591,33.99,0.991646,33.99,0.992385,33.99,0.991746,33.99,0.905494,33.99,0.989015,33.99,0.963183,33.99,0.998735,33.99,0.972636,33.99,0.977726,33.99,0.966792,33.99,0.98641,33.99,0.770986,33.99,0.971793,33.99,0.927911,33.99,0.999305,33.99,0.99039,33.99,0.982507,33.99,0.943825,33.99,0.777677,33.99,0.895111,33.99,0.999101,33.99,0.969553,33.99,0.987867,33.99,0.979331,33.99,0.929688,33.99,0.989409,33.99,0.996458,33.99,0.998681,33.99,0.959068,33.99,0.999894,33.99,0.903644,33.99,0.795868,33.99,0.97527,33.99,0.974713,33.99,0.998008,33.99,1,33.99,0.996932,33.99,0.975175,33.99,0.997963,33.99,0.999984,33.99,0.982448,33.99,0.999358,33.99,0.99557,33.99,0.933483,33.99,0.820947,33.99,0.996422,33.99,0.973958,33.99,0.999661,33.99,0.931165,33.99,0.981188,33.99,0.977209,33.99,0.898139,33.99,0.998189,33.99,0.969553,33.99,0.969832
35.99,0.881514,35.99,0.90271,35.99,0.970213,35.99,0.997061,35.99,0.958345,35.99,0.993328,35.99,0.994362,35.99,0.993262,35.99,0.923547,35.99,0.990376,35.99,0.967365,35.99,0.999105,35.99,0.98127,35.99,0.973348,35.99,0.97128,35.99,0.988087,35.99,0.813626,35.99,0.975604,35.99,0.938853,35.99,0.999508,35.99,0.991591,35.99,0.984865,35.99,0.954064,35.99,0.803063,35.99,0.913822,35.99,0.999321,35.99,0.973634,35.99,0.990665,35.99,0.984025,35.99,0.936525,35.99,0.990754,35.99,0.997017,35.99,0.999053,35.99,0.956611,35.99,1,35.99,0.916504,35.99,0.758916,35.99,0.978394,35.99,0.977891,35.99,0.998937,35.99,0.999906,35.99,0.99433,35.99,0.978361,35.99,0.998509,35.99,1,35.99,0.984536,35.99,0.999502,35.99,0.995315,35.99,0.936438,35.99,0.8373,35.99,0.99901,35.99,0.978148,35.99,0.999749,35.99,0.937709,35.99,0.984467,35.99,0.980215,35.99,0.911786,35.99,0.998701,35.99,0.973634,35.99,0.973409
37.99,0.898949,37.99,0.915461,37.99,0.973902,37.99,0.997635,37.99,0.964142,37.99,0.994741,37.99,0.99585,37.99,0.99451,37.99,0.938699,37.99,0.991617,37.99,0.971274,37.99,0.99937,37.99,0.988079,37.99,0.968699,37.99,0.975266,37.99,0.98962,37.99,0.850934,37.99,0.978975,37.99,0.948496,37.99,0.999656,37.99,0.992683,37.99,0.987144,37.99,0.962599,37.99,0.827684,37.99,0.930489,37.99,0.999488,37.99,0.977283,37.99,0.992855,37.99,0.988066,37.99,0.943165,37.99,0.991975,37.99,0.997497,37.99,0.999326,37.99,0.954529,37.99,0.999735,37.99,0.928842,37.99,0.718563,37.99,0.981284,37.99,0.980775,37.99,0.999534,37.99,0.99935,37.99,0.992137,37.99,0.981284,37.99,0.998912,37.99,0.999978,37.99,0.986467,37.99,0.999612,37.99,0.995108,37.99,0.939106,37.99,0.851024,37.99,1,37.99,0.981544,37.99,0.999814,37.99,0.944065,37.99,0.987268,37.99,0.982927,37.99,0.92486,37.99,0.999071,37.99,0.977283,37.99,0.976725
39.99,0.91487,39.99,0.927131,39.99,0.977315,39.99,0.99811,39.99,0.969239,39.99,0.995914,39.99,0.996964,39.99,0.995544,39.99,0.951333,39.99,0.992752,39.99,0.974936,39.99,0.99956,39.99,0.993215,39.99,0.963798,39.99,0.978835,39.99,0.991026,39.99,0.882966,39.99,0.981986,39.99,0.956988,39.99,0.999763,39.99,0.993679,39.99,0.989332,39.99,0.969717,39.99,0.851312,39.99,0.945008,39.99,0.999616,39.99,0.980562,39.99,0.994568,39.99,0.991469,39.99,0.949613,39.99,0.993087,39.99,0.997912,39.99,0.999524,39.99,0.952778,39.99,0.999173,39.99,0.940462,39.99,0.674702,39.99,0.983957,39.99,0.983406,39.99,0.999869,39.99,0.998414,39.99,0.990298,39.99,0.983974,39.99,0.99921,39.99,0.999938,39.99,0.988257,39.99,0.999697,39.99,0.994944,39.99,0.941531,39.99,0.862468,39.99,0.999703,39.99,0.984331,39.99,0.999864,39.99,0.950254,39.99,0.989672,39.99,0.985384,39.99,0.937155,39.99,0.999339,39.99,0.980562,39.99,0.979805
41.99,0.929291,41.99,0.937853,41.99,0.980485,41.99,0.998502,41.99,0.973814,41.99,0.996877,41.99,0.997794,41.99,0.996405,41.99,0.961813,41.99,0.9938,41.99,0.978376,41.99,0.999695,41.99,0.996825,41.99,0.958664,41.99,0.982055,41.99,0.992323,41.99,0.909922,41.99,0.984698,41.99,0.964468,41.99,0.999838,41.99,0.994596,41.99,0.991397,41.99,0.975638,41.99,0.873745,41.99,0.957377,41.99,0.999714,41.99,0.983527,41.99,0.995905,41.99,0.994254,41.99,0.955874,41.99,0.994104,41.99,0.998272,41.99,0.999667,41.99,0.951313,41.99,0.998373,41.99,0.951196,41.99,0.627371,41.99,0.986427,41.99,0.985822,41.99,1,41.99,0.997164,41.99,0.988764,41.99,0.986451,41.99,0.999431,41.99,0.99989,41.99,0.989922,41.99,0.999764,41.99,0.99481,41.99,0.943753,41.99,0.871961,41.99,0.998381,41.99,0.986682,41.99,0.999901,41.99,0.956292,41.99,0.991727,41.99,0.987617,41.99,0.948501,41.99,0.999533,41.99,0.983527,41.99,0.982671
43.99,0.942263,43.99,0.947736,43.99,0.983443,43.99,0.998828,43.99,0.977987,43.99,0.997658,43.99,0.998412,43.99,0.997128,43.99,0.970467,43.99,0.994769,43.99,0.981615,43.99,0.999792,43.99,0.999045,43.99,0.953314,43.99,0.984981,43.99,0.993523,43.99,0.932163,43.99,0.98717,43.99,0.971056,43.99,0.99989,43.99,0.995444,43.99,0.993276,43.99,0.980598,43.99,0.894821,43.99,0.967685,43.99,0.999789,43.99,0.986221,43.99,0.99695,43.99,0.996447,43.99,0.961956,43.99,0.995041,43.99,0.998587,43.99,0.99977,43.99,0.950093,43.99,0.997383,43.99,0.960921,43.99,0.576814,43.99,0.988704,43.99,0.988051,43.99,0.999971,43.99,0.99566,43.99,0.987488,43.99,0.988729,43.99,0.999594,43.99,0.999842,43.99,0.991475,43.99,0.999818,43.99,0.994707,43.99,0.945799,43.99,0.8798,43.99,0.996248,43.99,0.988706,43.99,0.999928,43.99,0.962191,43.99,0.993479,43.99,0.989652,43.99,0.958771,43.99,0.999673,43.99,0.986221,43.99,0.985345
45.99,0.953855,45.99,0.956865,45.99,0.986215,45.99,0.999099,45.99,0.981839,45.99,0.998283,45.99,0.998873,45.99,0.997738,45.99,0.977588,45.99,0.995671,45.99,0.984674,45.99,0.99986,45.99,1,45.99,0.947764,45.99,0.987655,45.99,0.994639,45.99,0.950162,45.99,0.98943,45.99,0.976863,45.99,0.999927,45.99,0.99623,45.99,0.99493,45.99,0.984756,45.99,0.914422,45.99,0.9761,45.99,0.999847,45.99,0.988684,45.99,0.997765,45.99,0.998078,45.99,0.967864,45.99,0.995906,45.99,0.998864,45.99,0.999844,45.99,0.949079,45.99,0.996243,45.99,0.969561,45.99,0.523531,45.99,0.990798,45.99,0.990117,45.99,0.999817,45.99,0.993953,45.99,0.986431,45.99,0.990821,45.99,0.999714,45.99,0.999798,45.99,0.992928,45.99,0.999862,45.99,0.994625,45.99,0.947695,45.99,0.88625,45.99,0.993485,45.99,0.990509,45.99,0.999949,45.99,0.967957,45.99,0.994922,45.99,0.991514,45.99,0.967891,45.99,0.999774,45.99,0.988684,45.99,0.987847
47.99,0.964162,47.99,0.965326,47.99,0.988822,47.99,0.999324,47.99,0.985419,47.99,0.998778,47.99,0.999215,47.99,0.998258,47.99,0.983429,47.99,0.996509,47.99,0.987566,47.99,0.999908,47.99,0.999807,47.99,0.942032,47.99,0.990115,47.99,0.995679,47.99,0.964459,47.99,0.991513,47.99,0.981984,47.99,0.999952,47.99,0.996964,47.99,0.996325,47.99,0.98827,47.99,0.932477,47.99,0.982841,47.99,0.999891,47.99,0.990945,47.99,0.9984,47.99,0.999186,47.99,0.973605,47.99,0.996708,47.99,0.999109,47.99,0.999897,47.99,0.948244,47.99,0.994988,47.99,0.977093,47.99,0.468303,47.99,0.992717,47.99,0.992041,47.99,0.999566,47.99,0.992087,47.99,0.985559,47.99,0.992737,47.99,0.999803,47.99,0.999758,47.99,0.994289,47.99,0.999897,47.99,0.994559,47.99,0.949459,47.99,0.891542,47.99,0.99024,47.99,0.992166,47.99,0.999965,47.99,0.973596,47.99,0.996155,47.99,0.993223,47.99,0.975836,47.99,0.999847,47.99,0.990945,47.99,0.99019
49.99,0.973281,49.99,0.9732,49.99,0.991286,49.99,0.999512,49.99,0.988761,49.99,0.999166,49.99,0.999471,49.99,0.998705,49.99,0.98821,49.99,0.997296,49.99,0.990308,49.99,0.999942,49.99,0.998574,49.99,0.936132,49.99,0.992387,49.99,0.996651,49.99,0.975648,49.99,0.993445,49.99,0.986508,49.99,0.999969,49.99,0.997647,49.99,0.997467,49.99,0.991273,49.99,0.948963,49.99,0.988153,49.99,0.999926,49.99,0.993031,49.99,0.998896,49.99,0.999812,49.99,0.979184,49.99,0.997455,49.99,0.999327,49.99,0.999934,49.99,0.947552,49.99,0.993647,49.99,0.983536,49.99,0.412185,49.99,0.994471,49.99,0.993839,49.99,0.999242,49.99,0.990101,49.99,0.984839,49.99,0.994487,49.99,0.999869,49.99,0.999724,49.99,0.995569,49.99,0.999926,49.99,0.99451,49.99,0.951106,49.99,0.895873,49.99,0.986638,49.99,0.993731,49.99,0.999976,49.99,0.979114,49.99,0.99721,49.99,0.994796,49.99,0.982632,49.99,0.9999,49.99,0.993031,49.99,0.992391
51.99,0.98132,51.99,0.980554,51.99,0.993622,51.99,0.999668,51.99,0.991881,51.99,0.999466,51.99,0.999663,51.99,0.999092,51.99,0.992115,51.99,0.998034,51.99,0.992912,51.99,0.999965,51.99,0.996399,51.99,0.930079,51.99,0.994495,51.99,0.997564,51.99,0.984299,51.99,0.995245,51.99,0.990509,51.99,0.999981,51.99,0.998291,51.99,0.998372,51.99,0.993875,51.99,0.963897,51.99,0.992301,51.99,0.999952,51.99,0.994964,51.99,0.999282,51.99,1,51.99,0.984607,51.99,0.998152,51.99,0.999521,51.99,0.99996,51.99,0.946985,51.99,0.992244,51.99,0.988951,51.99,0.35645,51.99,0.996067,51.99,0.995525,51.99,0.998863,51.99,0.98803,51.99,0.984248,51.99,0.996079,51.99,0.999918,51.99,0.999696,51.99,0.996773,51.99,0.99995,51.99,0.994471,51.99,0.952649,51.99,0.899409,51.99,0.982783,51.99,0.995256,51.99,0.999985,51.99,0.984512,51.99,0.998097,51.99,0.996247,51.99,0.988343,51.99,0.999938,51.99,0.994964,51.99,0.994463
53.99,0.988385,53.99,0.987431,53.99,0.995845,53.99,0.999799,53.99,0.99479,53.99,0.999696,53.99,0.999808,53.99,0.999432,53.99,0.995298,53.99,0.998728,53.99,0.995388,53.99,0.999981,53.99,0.993372,53.99,0.923887,53.99,0.996458,53.99,0.998423,53.99,0.990945,53.99,0.996929,53.99,0.994053,53.99,0.99999,53.99,0.998894,53.99,0.999072,53.99,0.996133,53.99,0.977328,53.99,0.99552,53.99,0.999972,53.99,0.99676,53.99,0.999583,53.99,0.9998,53.99,0.98988,53.99,0.998806,53.99,0.999697,53.99,0.999978,53.99,0.946518,53.99,0.990803,53.99,0.993428,53.99,0.302485,53.99,0.997515,53.99,0.997108,53.99,0.998444,53.99,0.985904,53.99,0.983762,53.99,0.997523,53.99,0.999954,53.99,0.999673,53.99,0.997909,53.99,0.99997,53.99,0.994442,53.99,0.9541,53.99,0.902294,53.99,0.978764,53.99,0.996796,53.99,0.999991,53.99,0.98979,53.99,0.99882,53.99,0.997591,53.99,0.993064,53.99,0.999966,53.99,0.99676,53.99,0.996411
55.99,0.994578,55.99,0.993904,55.99,0.997967,55.99,0.999908,55.99,0.997495,55.99,0.99987,55.99,0.999917,55.99,0.999732,55.99,0.997891,55.99,0.999382,55.99,0.997748,55.99,0.999992,55.99,0.989575,55.99,0.917569,55.99,0.998288,55.99,0.999234,55.99,0.996046,55.99,0.998506,55.99,0.9972,55.99,0.999996,55.99,0.999463,55.99,0.999603,55.99,0.998159,55.99,0.989331,55.99,0.998028,55.99,0.999988,55.99,0.998435,55.99,0.999817,55.99,0.999261,55.99,0.99501,55.99,0.999421,55.99,0.999855,55.99,0.999991,55.99,0.946134,55.99,0.989341,55.99,0.997071,55.99,0.251649,55.99,0.998823,55.99,0.998597,55.99,0.997998,55.99,0.98375,55.99,0.983362,55.99,0.998827,55.99,0.99998,55.99,0.999653,55.99,0.998983,55.99,0.999986,55.99,0.994419,55.99,0.955465,55.99,0.904643,55.99,0.974653,55.99,0.99836,55.99,0.999996,55.99,0.994953,55.99,0.999464,55.99,0.998839,55.99,0.996908,55.99,0.999986,55.99,0.998435,55.99,0.998257
57.99,1,57.99,1,57.99,1,57.99,1,57.99,1,57.99,1,57.99,1,57.99,1,57.99,1,57.99,1,57.99,1,57.99,1,57.99,0.985082,57.99,0.911136,57.99,1,57.99,1,57.99,1,57.99,1,57.99,1,57.99,1,57.99,1,57.99,1,57.99,1,57.99,1,57.99,1,57.99,1,57.99,1,57.99,1,57.99,0.998435,57.99,1,57.99,1,57.99,1,57.99,1,57.99,0.94582,57.99,0.987875,57.99,1,57.99,0.205122,57.99,1,57.99,1,57.99,0.997534,57.99,0.981592,57.99,0.983037,57.99,1,57.99,1,57.99,0.999638,57.99,1,57.99,1,57.99,0.994401,57.99,0.956753,57.99,0.906554,57.99,0.970509,57.99,1,57.99,1,57.99,1,57.99,1,57.99,1,57.99,1,57.99,1,57.99,1,57.99,1
# x axis: Test potential (mV); y axis: Normalised peak I_{CaL} current open probability (dimensionless),,,,,,,,,,,,,,,,,,,,,,,,,,,,,,,,,,,,,,,,,,,,,,,,,,,,,,,,,,,,,,,,,,,,,,,,,,,,,,,,,,,,,,,,,,,,,,,,# x axis: Test potential (mV); y axis: Maximum I_{CaL} current open probability (dimensionless),,,,# x axis: Test potential (mV); y axis: Normalised peak I_{CaL} current open probability (dimensionless),,,,,,,,,,,,,,,,,,# x axis: Test potential (mV); y axis: Normalised peak I_{CaL} current open probability (dimensionless),
