Inactivation: Test potential (mV),2020_Aslanidi_2009_atrial,Inactivation: Test potential (mV),2020_Aslanidi_2009_purkinje,Inactivation: Test potential (mV),2020_Beeler_1977,Inactivation: Test potential (mV),2020_Bernus_2002,Inactivation: Test potential (mV),2020_Bondarenko_2004,Inactivation: Test potential (mV),2020_Cabo_2003,Inactivation: Test potential (mV),2020_Corrias_2011,Inactivation: Test potential (mV),2020_Cortassa_2006,Inactivation: Test potential (mV),2020_Courtemanche_1998,Inactivation: Test potential (mV),2020_Decker_2009,Inactivation: Test potential (mV),2020_Demir 1999,Inactivation: Test potential (mV),2020_DiFrancesco_1985,Inactivation: Test potential (mV),2020_Dokos_1996,Inactivation: Test potential (mV),2020_Faber_2007,Inactivation: Test potential (mV),2020_Fox_2002,Inactivation: Test potential (mV),2020_Grandi_2010,Inactivation: Test potential (mV),2020_Hilgemann_1987,Inactivation: Test potential (mV),2020_Hund_2004,Inactivation: Test potential (mV),2020_Inada_2009,Inactivation: Test potential (mV),2020_Iyer 2004,Inactivation: Test potential (mV),2020_Jafri_1998,Inactivation: Test potential (mV),2020_Kurata_2002,Inactivation: Test potential (mV),2020_Li_2010,Inactivation: Test potential (mV),2020_Li_2011,Inactivation: Test potential (mV),2020_Lindblad_1996,Inactivation: Test potential (mV),2020_Livshitz_2007,Inactivation: Test potential (mV),2020_Lovell_2004,Inactivation: Test potential (mV),2020_Luo_1994,Inactivation: Test potential (mV),2020_Mahajan_2008,Inactivation: Test potential (mV),2020_Matsuoka_2003,Inactivation: Test potential (mV),2020_McAllister_1975,Inactivation: Test potential (mV),2020_Noble_1991,Inactivation: Test potential (mV),2020_Noble_1998,Inactivation: Test potential (mV),2020_Nygren_1998,Inactivation: Test potential (mV),2020_ohara_2011,Inactivation: Test potential (mV),2020_Paci_2013,Inactivation: Test potential (mV),2020_Pandi_2001,Inactivation: Test potential (mV),2020_Priebe_1998,Inactivation: Test potential (mV),2020_Ramirez_2000,Inactivation: Test potential (mV),2020_Shannon_2004,Inactivation: Test potential (mV),2020_ten_Tusscher_2004,Inactivation: Test potential (mV),2020_ten_Tusscher_2006,Inactivation: Test potential (mV),2020_Tomek_2019,Inactivation: Test potential (mV),2020_Varela_2016,Inactivation: Test potential (mV),2020_Wang_2008,Inactivation: Test potential (mV),2020_Wilders_1991,Inactivation: Test potential (mV),2020_Winslow_1999,Inactivation: Test potential (mV),2020_Zhang_2000,Inactivation: Test potential (mV),Bartolucci 2020,Inactivation: Test potential (mV),Trovato 2020,Inactivation: Test potential (mV),Grandi 2011,Inactivation: Test potential (mV),Heijman_2011,Inactivation: Test potential (mV),Fink_2008,Inactivation: Test potential (mV),Hund 2008 (NZ)(ICaL),Inactivation: Test potential (mV),Kernik 2019 (ICaL),Inactivation: Test potential (mV),Koivumaki 2011,Inactivation: Test potential (mV),Michailova 2005,Inactivation: Test potential (mV),Nordin 1993 (ICaL),Inactivation: Test potential (mV),Pasek 2006,Inactivation: Test potential (mV),Sato 2006 (ICaL),Inactivation: Test potential (mV),Zeng 1995 (ICaL),Inactivation: Test potential (mV),Liu 1993
-90.01,0.999935,-90.01,1,-90.01,0.99947,-90.01,1,-90.01,1,-90.01,1,-90.01,1,-90.01,1,-90.01,1,-90.01,0.999946,-90.01,1,-90.01,1,-90.01,1,-90.01,1,-90.01,0.999998,-90.01,1,-90.01,1,-90.01,0.450597,-90.01,1,-90.01,1,-90.01,1,-90.01,1,-90.01,0.989383,-90.01,1,-90.01,1,-90.01,1,-90.01,1,-90.01,1,-90.01,1,-90.01,1,-90.01,1,-90.01,1,-90.01,0.999998,-90.01,1,-90.01,1,-90.01,1,-90.01,1,-90.01,1,-90.01,1,-90.01,0.998864,-90.01,1,-90.01,1,-90.01,0.999932,-90.01,1,-90.01,1,-90.01,1,-90.01,1,-90.01,1,-90.01,1,-90.01,1,-90.01,1,-90.01,1,-90.01,1,-90.01,1,-90.01,1,-90.01,1,-90.01,1,-90.01,0.999999,-90.01,1,-90.01,1,-90.01,1,-90.01,0.999938
-88.01,0.999936,-88.01,0.995004,-88.01,0.999497,-88.01,0.999995,-88.01,1,-88.01,0.999989,-88.01,0.999994,-88.01,0.998434,-88.01,0.999972,-88.01,0.999946,-88.01,0.999997,-88.01,1,-88.01,0.999994,-88.01,0.999999,-88.01,0.999998,-88.01,0.999516,-88.01,1,-88.01,0.448592,-88.01,0.999977,-88.01,0.999914,-88.01,0.998429,-88.01,0.999997,-88.01,1,-88.01,0.97909,-88.01,1,-88.01,0.999958,-88.01,0.99783,-88.01,0.999624,-88.01,0.997697,-88.01,0.999926,-88.01,0.994923,-88.01,1,-88.01,1,-88.01,0.999952,-88.01,1,-88.01,1,-88.01,0.999996,-88.01,0.999996,-88.01,0.999993,-88.01,0.998921,-88.01,0.999985,-88.01,0.999903,-88.01,1,-88.01,0.999963,-88.01,1,-88.01,0.999994,-88.01,1,-88.01,0.99994,-88.01,1,-88.01,0.999998,-88.01,0.999957,-88.01,1,-88.01,0.999892,-88.01,0.992739,-88.01,0.999917,-88.01,0.999904,-88.01,1,-88.01,0.999999,-88.01,0.999996,-88.01,0.999566,-88.01,0.999624,-88.01,0.999938
-86.01,0.999936,-86.01,0.988587,-86.01,0.999527,-86.01,0.999988,-86.01,1,-86.01,0.999974,-86.01,0.999986,-86.01,0.996402,-86.01,0.999934,-86.01,0.999947,-86.01,0.999993,-86.01,1,-86.01,0.99999,-86.01,0.999998,-86.01,0.999998,-86.01,0.998903,-86.01,1,-86.01,0.446032,-86.01,0.999944,-86.01,0.999803,-86.01,0.99639,-86.01,0.999993,-86.01,0.999991,-86.01,0.955021,-86.01,1,-86.01,0.99994,-86.01,0.995112,-86.01,0.999142,-86.01,0.994962,-86.01,0.999825,-86.01,0.98884,-86.01,1,-86.01,1,-86.01,0.999888,-86.01,1,-86.01,1,-86.01,0.999991,-86.01,0.99999,-86.01,0.999983,-86.01,0.998983,-86.01,0.999965,-86.01,0.999775,-86.01,1,-86.01,0.999913,-86.01,1,-86.01,0.999987,-86.01,1,-86.01,0.999851,-86.01,1,-86.01,0.999998,-86.01,0.999895,-86.01,1,-86.01,0.999749,-86.01,0.985616,-86.01,0.999802,-86.01,0.999778,-86.01,1,-86.01,1,-86.01,0.999991,-86.01,0.99902,-86.01,0.999142,-86.01,0.999939
-84.01,0.999936,-84.01,0.980402,-84.01,0.999562,-84.01,0.999978,-84.01,1,-84.01,0.999954,-84.01,0.999973,-84.01,0.99377,-84.01,0.999884,-84.01,0.999947,-84.01,0.999987,-84.01,1,-84.01,0.999984,-84.01,0.999997,-84.01,0.999998,-84.01,0.998131,-84.01,1,-84.01,0.442795,-84.01,0.9999,-84.01,0.999658,-84.01,0.993749,-84.01,0.999986,-84.01,0.999661,-84.01,0.927766,-84.01,1,-84.01,0.999917,-84.01,0.991716,-84.01,0.998524,-84.01,0.991717,-84.01,0.999687,-84.01,0.981566,-84.01,1,-84.01,1,-84.01,0.999804,-84.01,1,-84.01,0.999999,-84.01,0.999984,-84.01,0.999982,-84.01,0.999969,-84.01,0.999052,-84.01,0.999939,-84.01,0.999604,-84.01,1,-84.01,0.999843,-84.01,1,-84.01,0.999976,-84.01,1,-84.01,0.999717,-84.01,1,-84.01,0.999998,-84.01,0.999808,-84.01,1,-84.01,0.999559,-84.01,0.976991,-84.01,0.999644,-84.01,0.99961,-84.01,1,-84.01,1,-84.01,0.999984,-84.01,0.998331,-84.01,0.998524,-84.01,0.999939
-82.01,0.999936,-82.01,0.970055,-82.01,0.999603,-82.01,0.999964,-82.01,1,-82.01,0.999928,-82.01,0.999955,-82.01,0.990366,-82.01,0.999817,-82.01,0.999948,-82.01,0.999978,-82.01,0.999999,-82.01,0.999976,-82.01,0.999995,-82.01,0.999999,-82.01,0.997159,-82.01,1,-82.01,0.438758,-82.01,0.999839,-82.01,0.999471,-82.01,0.990335,-82.01,0.999976,-82.01,0.999232,-82.01,0.897442,-82.01,1,-82.01,0.999886,-82.01,0.98748,-82.01,0.997735,-82.01,0.987872,-82.01,0.999496,-82.01,0.972891,-82.01,0.999999,-82.01,1,-82.01,0.999693,-82.01,1,-82.01,0.999999,-82.01,0.999973,-82.01,0.99997,-82.01,0.999951,-82.01,0.999128,-82.01,0.999904,-82.01,0.999376,-82.01,1,-82.01,0.999747,-82.01,1,-82.01,0.99996,-82.01,1,-82.01,0.999518,-82.01,1,-82.01,0.999998,-82.01,0.999688,-82.01,1,-82.01,0.999306,-82.01,0.966195,-82.01,0.999425,-82.01,0.999388,-82.01,1,-82.01,0.999999,-82.01,0.999973,-82.01,0.997463,-82.01,0.997735,-82.01,0.999941
-80.01,0.999937,-80.01,0.957112,-80.01,0.999648,-80.01,0.999944,-80.01,1,-80.01,0.999892,-80.01,0.999929,-80.01,0.985982,-80.01,0.999727,-80.01,0.999948,-80.01,0.999965,-80.01,0.999998,-80.01,0.999965,-80.01,0.999991,-80.01,0.999999,-80.01,0.995937,-80.01,1,-80.01,0.433817,-80.01,0.999756,-80.01,0.999228,-80.01,0.985937,-80.01,0.999961,-80.01,0.998685,-80.01,0.864317,-80.01,1,-80.01,0.999843,-80.01,0.982201,-80.01,0.99673,-80.01,0.983322,-80.01,0.99923,-80.01,0.962574,-80.01,0.999998,-80.01,1,-80.01,0.999545,-80.01,1,-80.01,0.999998,-80.01,0.999957,-80.01,0.999954,-80.01,0.999925,-80.01,0.999212,-80.01,0.999857,-80.01,0.999073,-80.01,1,-80.01,0.999615,-80.01,1,-80.01,0.999939,-80.01,1,-80.01,0.999221,-80.01,1,-80.01,0.999998,-80.01,0.999521,-80.01,1,-80.01,0.99897,-80.01,0.952737,-80.01,0.999122,-80.01,0.999093,-80.01,1,-80.01,0.999995,-80.01,0.999957,-80.01,0.99637,-80.01,0.99673,-80.01,0.999942
-78.01,0.999937,-78.01,0.94114,-78.01,0.999699,-78.01,0.999917,-78.01,1,-78.01,0.999844,-78.01,0.999889,-78.01,0.980356,-78.01,0.999607,-78.01,0.999949,-78.01,0.999945,-78.01,0.999997,-78.01,0.99995,-78.01,0.999986,-78.01,0.999999,-78.01,0.994403,-78.01,0.999999,-78.01,0.427912,-78.01,0.999641,-78.01,0.998914,-78.01,0.980294,-78.01,0.999939,-78.01,0.997988,-78.01,0.828802,-78.01,1,-78.01,0.999781,-78.01,0.975636,-78.01,0.995451,-78.01,0.977946,-78.01,0.998858,-78.01,0.950344,-78.01,0.999997,-78.01,0.999999,-78.01,0.999349,-78.01,1,-78.01,0.999996,-78.01,0.999934,-78.01,0.999932,-78.01,0.999889,-78.01,0.999303,-78.01,0.999795,-78.01,0.998671,-78.01,1,-78.01,0.999433,-78.01,1,-78.01,0.999909,-78.01,0.999999,-78.01,0.998778,-78.01,1,-78.01,0.999998,-78.01,0.999294,-78.01,1,-78.01,0.998522,-78.01,0.936155,-78.01,0.998703,-78.01,0.998703,-78.01,0.999999,-78.01,0.999987,-78.01,0.999935,-78.01,0.994994,-78.01,0.995451,-78.01,0.999945
-76.01,0.999938,-76.01,0.921723,-76.01,0.999755,-76.01,0.999879,-76.01,1,-76.01,0.99978,-76.01,0.999829,-76.01,0.973173,-76.01,0.999447,-76.01,0.99995,-76.01,0.999915,-76.01,0.999995,-76.01,0.999928,-76.01,0.999978,-76.01,0.999999,-76.01,0.992482,-76.01,0.999999,-76.01,0.421091,-76.01,0.999484,-76.01,0.998508,-76.01,0.973088,-76.01,0.999906,-76.01,0.997101,-76.01,0.791418,-76.01,1,-76.01,0.999682,-76.01,0.967489,-76.01,0.993829,-76.01,0.971606,-76.01,0.998336,-76.01,0.935902,-76.01,0.999995,-76.01,0.999999,-76.01,0.999089,-76.01,1,-76.01,0.999992,-76.01,0.999902,-76.01,0.9999,-76.01,0.999838,-76.01,0.999402,-76.01,0.999712,-76.01,0.998136,-76.01,1,-76.01,0.999182,-76.01,1,-76.01,0.999867,-76.01,0.999999,-76.01,0.998119,-76.01,1,-76.01,0.999998,-76.01,0.998984,-76.01,1,-76.01,0.997927,-76.01,0.916026,-76.01,0.998122,-76.01,0.998186,-76.01,0.999999,-76.01,0.99997,-76.01,0.999902,-76.01,0.993264,-76.01,0.993829,-76.01,0.999948
-74.01,0.999939,-74.01,0.898533,-74.01,0.999814,-74.01,0.999825,-74.01,1,-74.01,0.999694,-74.01,0.99974,-74.01,0.964061,-74.01,0.999232,-74.01,0.999951,-74.01,0.99987,-74.01,0.999991,-74.01,0.999897,-74.01,0.999965,-74.01,1,-74.01,0.99008,-74.01,0.999998,-74.01,0.413577,-74.01,0.999269,-74.01,0.997982,-74.01,0.963948,-74.01,0.999856,-74.01,0.995971,-74.01,0.752782,-74.01,1,-74.01,0.99949,-74.01,0.957407,-74.01,0.991775,-74.01,0.964147,-74.01,0.997604,-74.01,0.918923,-74.01,0.999991,-74.01,0.999998,-74.01,0.998746,-74.01,1,-74.01,0.999987,-74.01,0.999854,-74.01,0.999855,-74.01,0.999769,-74.01,0.999509,-74.01,0.999602,-74.01,0.997425,-74.01,1,-74.01,0.998835,-74.01,1,-74.01,0.999809,-74.01,0.999999,-74.01,0.997136,-74.01,1,-74.01,0.999998,-74.01,0.998564,-74.01,1,-74.01,0.997137,-74.01,0.892018,-74.01,0.997318,-74.01,0.997502,-74.01,0.999998,-74.01,0.999936,-74.01,0.999854,-74.01,0.991089,-74.01,0.991775,-74.01,0.999953
-72.01,0.99994,-72.01,0.871396,-72.01,0.999875,-72.01,0.99975,-72.01,1,-72.01,0.999578,-72.01,0.999605,-72.01,0.952598,-72.01,0.998944,-72.01,0.999952,-72.01,0.999804,-72.01,0.999985,-72.01,0.999855,-72.01,0.999945,-72.01,1,-72.01,0.987082,-72.01,0.999996,-72.01,0.405857,-72.01,0.998973,-72.01,0.997303,-72.01,0.952449,-72.01,0.999783,-72.01,0.994534,-72.01,0.713538,-72.01,0.999999,-72.01,0.999022,-72.01,0.944973,-72.01,0.989178,-72.01,0.955396,-72.01,0.996574,-72.01,0.899065,-72.01,0.999984,-72.01,0.999996,-72.01,0.998291,-72.01,0.999999,-72.01,0.999978,-72.01,0.999785,-72.01,0.999792,-72.01,0.999672,-72.01,0.999621,-72.01,0.999455,-72.01,0.99648,-72.01,0.999999,-72.01,0.998357,-72.01,1,-72.01,0.999727,-72.01,0.999998,-72.01,0.995673,-72.01,0.999999,-72.01,0.999997,-72.01,0.997998,-72.01,1,-72.01,0.996088,-72.01,0.863941,-72.01,0.996205,-72.01,0.996597,-72.01,0.999998,-72.01,0.999872,-72.01,0.999785,-72.01,0.988358,-72.01,0.989178,-72.01,0.99996
-70.01,0.999941,-70.01,0.840339,-70.01,0.999932,-70.01,0.999645,-70.01,1,-70.01,0.999423,-70.01,0.999402,-70.01,0.938325,-70.01,0.998558,-70.01,0.999953,-70.01,0.999704,-70.01,0.999973,-70.01,0.999795,-70.01,0.999914,-70.01,1,-70.01,0.983348,-70.01,0.999994,-70.01,0.398769,-70.01,0.998567,-70.01,0.996425,-70.01,0.938131,-70.01,0.999673,-70.01,0.992708,-70.01,0.674318,-70.01,0.999998,-70.01,0.997645,-70.01,0.929704,-70.01,0.985904,-70.01,0.945169,-70.01,0.995124,-70.01,0.875981,-70.01,0.999973,-70.01,0.999994,-70.01,0.997691,-70.01,0.999999,-70.01,0.999963,-70.01,0.999685,-70.01,0.999704,-70.01,0.999538,-70.01,0.999737,-70.01,0.99926,-70.01,0.995227,-70.01,0.999999,-70.01,0.997696,-70.01,1,-70.01,0.999612,-70.01,0.999997,-70.01,0.993499,-70.01,0.999999,-70.01,0.999996,-70.01,0.997236,-70.01,1,-70.01,0.994696,-70.01,0.831794,-70.01,0.994666,-70.01,0.995402,-70.01,0.999997,-70.01,0.999755,-70.01,0.999686,-70.01,0.984934,-70.01,0.985904,-70.01,0.999969
-68.01,0.999943,-68.01,0.80563,-68.01,0.999978,-68.01,0.999498,-68.01,1,-68.01,0.999215,-68.01,0.999095,-68.01,0.920778,-68.01,0.998041,-68.01,0.999955,-68.01,0.999556,-68.01,0.999953,-68.01,0.99971,-68.01,0.999867,-68.01,1,-68.01,0.978707,-68.01,0.999989,-68.01,0.393485,-68.01,0.99801,-68.01,0.995293,-68.01,0.920529,-68.01,0.999509,-68.01,0.99039,-68.01,0.635714,-68.01,0.999995,-68.01,0.993226,-68.01,0.911054,-68.01,0.981785,-68.01,0.933271,-68.01,0.993082,-68.01,0.849335,-68.01,0.999953,-68.01,0.999989,-68.01,0.996901,-68.01,0.999998,-68.01,0.999937,-68.01,0.999541,-68.01,0.999581,-68.01,0.999351,-68.01,0.999848,-68.01,0.999001,-68.01,0.993566,-68.01,0.999998,-68.01,0.996781,-68.01,1,-68.01,0.999452,-68.01,0.999995,-68.01,0.990272,-68.01,0.999998,-68.01,0.999995,-68.01,0.996214,-68.01,1,-68.01,0.99285,-68.01,0.795815,-68.01,0.99254,-68.01,0.993825,-68.01,0.999995,-68.01,0.999541,-68.01,0.999542,-68.01,0.980648,-68.01,0.981785,-68.01,0.99998
-66.01,0.999946,-66.01,0.767774,-66.01,1,-66.01,0.999293,-66.01,1,-66.01,0.998936,-66.01,0.998631,-66.01,0.899537,-66.01,0.997348,-66.01,0.999958,-66.01,0.999335,-66.01,0.999918,-66.01,0.999592,-66.01,0.999794,-66.01,0.999999,-66.01,0.972957,-66.01,0.99998,-66.01,0.391357,-66.01,0.997246,-66.01,0.993831,-66.01,0.899221,-66.01,0.999265,-66.01,0.987452,-66.01,0.598224,-66.01,0.999991,-66.01,0.979068,-66.01,0.888424,-66.01,0.976616,-66.01,0.919517,-66.01,0.990206,-66.01,0.818829,-66.01,0.999917,-66.01,0.99998,-66.01,0.995876,-66.01,0.999997,-66.01,0.999895,-66.01,0.999331,-66.01,0.999407,-66.01,0.999091,-66.01,0.999943,-66.01,0.998656,-66.01,0.991366,-66.01,0.999997,-66.01,0.995516,-66.01,1,-66.01,0.999227,-66.01,0.999992,-66.01,0.985497,-66.01,0.999997,-66.01,0.999992,-66.01,0.994845,-66.01,1,-66.01,0.990406,-66.01,0.756465,-66.01,0.989607,-66.01,0.991762,-66.01,0.999992,-66.01,0.999155,-66.01,0.999333,-66.01,0.975292,-66.01,0.976616,-66.01,0.999992
-64.01,0.99995,-64.01,0.727481,-64.01,0.99998,-64.01,0.999006,-64.01,1,-64.01,0.998561,-64.01,0.997935,-64.01,0.874298,-64.01,0.996417,-64.01,0.999961,-64.01,0.999006,-64.01,0.999856,-64.01,0.999425,-64.01,0.999682,-64.01,0.999998,-64.01,0.965852,-64.01,0.999965,-64.01,0.393576,-64.01,0.996201,-64.01,0.991949,-64.01,0.873904,-64.01,0.9989,-64.01,0.983735,-64.01,0.562261,-64.01,0.999982,-64.01,0.938872,-64.01,0.861188,-64.01,0.970152,-64.01,0.903748,-64.01,0.986151,-64.01,0.784231,-64.01,0.999854,-64.01,0.999965,-64.01,0.994591,-64.01,0.999995,-64.01,0.999825,-64.01,0.999029,-64.01,0.999164,-64.01,0.998727,-64.01,1,-64.01,0.998198,-64.01,0.988459,-64.01,0.999996,-64.01,0.993764,-64.01,1,-64.01,0.998914,-64.01,0.999988,-64.01,0.978459,-64.01,0.999994,-64.01,0.999988,-64.01,0.993017,-64.01,1,-64.01,0.987176,-64.01,0.714409,-64.01,0.98557,-64.01,0.989107,-64.01,0.999988,-64.01,0.99846,-64.01,0.999031,-64.01,0.968618,-64.01,0.970152,-64.01,1
-62.01,0.999955,-62.01,0.685605,-62.01,0.999886,-62.01,0.998604,-62.01,1,-62.01,0.998059,-62.01,0.996899,-62.01,0.844992,-62.01,0.995169,-62.01,0.999964,-62.01,0.998515,-62.01,0.999745,-62.01,0.99919,-62.01,0.999511,-62.01,0.999994,-62.01,0.957108,-62.01,0.999939,-62.01,0.401039,-62.01,0.994774,-62.01,0.989526,-62.01,0.844467,-62.01,0.998356,-62.01,0.979042,-62.01,0.528124,-62.01,0.999966,-62.01,0.854375,-62.01,0.828779,-62.01,0.962096,-62.01,0.885865,-62.01,0.980425,-62.01,0.745417,-62.01,0.999742,-62.01,0.999938,-62.01,0.993078,-62.01,0.999992,-62.01,0.999708,-62.01,0.998591,-62.01,0.998822,-62.01,0.998218,-62.01,0.999977,-62.01,0.99759,-62.01,0.984628,-62.01,0.999992,-62.01,0.991339,-62.01,1,-62.01,0.998477,-62.01,0.999982,-62.01,0.968145,-62.01,0.99999,-62.01,0.99998,-62.01,0.990582,-62.01,1,-62.01,0.982915,-62.01,0.670443,-62.01,0.980025,-62.01,0.985791,-62.01,0.999982,-62.01,0.997218,-62.01,0.998595,-62.01,0.960327,-62.01,0.962096,-62.01,0.999993
-60.01,0.99996,-60.01,0.643037,-60.01,0.999673,-60.01,0.998043,-60.01,1,-60.01,0.997386,-60.01,0.995368,-60.01,0.811659,-60.01,0.993492,-60.01,0.999968,-60.01,0.997782,-60.01,0.999548,-60.01,0.998856,-60.01,0.999251,-60.01,0.999988,-60.01,0.946393,-60.01,0.999891,-60.01,0.4157,-60.01,0.992844,-60.01,0.986415,-60.01,0.811071,-60.01,0.997547,-60.01,0.973134,-60.01,0.495986,-60.01,0.999938,-60.01,0.742585,-60.01,0.790543,-60.01,0.952101,-60.01,0.86587,-60.01,0.972323,-60.01,0.702407,-60.01,0.999542,-60.01,0.99989,-60.01,0.991447,-60.01,0.999987,-60.01,0.999515,-60.01,0.997959,-60.01,0.998342,-60.01,0.997507,-60.01,0.999803,-60.01,0.996785,-60.01,0.979598,-60.01,0.999987,-60.01,0.987983,-60.01,1,-60.01,0.997866,-60.01,0.999973,-60.01,0.953157,-60.01,0.999982,-60.01,0.999967,-60.01,0.987346,-60.01,0.999999,-60.01,0.97731,-60.01,0.625432,-60.01,0.972437,-60.01,0.981785,-60.01,0.999973,-60.01,0.995007,-60.01,0.997964,-60.01,0.950067,-60.01,0.952101,-60.01,0.999945
-58.01,0.999968,-58.01,0.600638,-58.01,0.999269,-58.01,0.997258,-58.01,1,-58.01,0.996485,-58.01,0.993129,-58.01,0.774898,-58.01,0.99124,-58.01,0.999974,-58.01,0.996692,-58.01,0.999194,-58.01,0.998383,-58.01,0.998856,-58.01,0.999977,-58.01,0.933332,-58.01,0.999806,-58.01,0.622351,-58.01,0.990293,-58.01,0.982426,-58.01,0.774197,-58.01,0.996341,-58.01,0.965724,-58.01,0.46591,-58.01,0.999887,-58.01,0.646338,-58.01,0.746254,-58.01,0.939765,-58.01,0.843914,-58.01,0.960839,-58.01,0.655414,-58.01,0.999183,-58.01,0.999804,-58.01,0.989817,-58.01,0.999977,-58.01,0.999194,-58.01,0.997044,-58.01,0.99767,-58.01,0.996511,-58.01,0.999351,-58.01,0.995722,-58.01,0.973027,-58.01,0.999977,-58.01,0.983344,-58.01,1,-58.01,0.997013,-58.01,0.999959,-58.01,0.931646,-58.01,0.99997,-58.01,0.999944,-58.01,0.983057,-58.01,0.999999,-58.01,0.969967,-58.01,0.580233,-58.01,0.962096,-58.01,0.977033,-58.01,0.999959,-58.01,0.991088,-58.01,0.997052,-58.01,0.937431,-58.01,0.939765,-58.01,0.999805
-56.01,0.999976,-56.01,0.559156,-56.01,0.998569,-56.01,0.99616,-56.01,1,-56.01,0.995278,-56.01,0.989883,-56.01,0.735447,-56.01,0.988218,-56.01,0.999979,-56.01,0.99507,-56.01,0.998553,-56.01,0.997709,-56.01,0.998262,-56.01,0.999958,-56.01,0.917511,-56.01,0.999652,-56.01,0.8114,-56.01,0.987027,-56.01,0.977326,-56.01,0.734627,-56.01,0.994548,-56.01,0.95647,-56.01,0.437825,-56.01,0.999795,-56.01,0.57842,-56.01,0.695813,-56.01,0.924636,-56.01,0.820353,-56.01,0.944537,-56.01,0.604879,-56.01,0.998536,-56.01,0.999648,-56.01,0.988233,-56.01,0.999961,-56.01,0.998661,-56.01,0.995724,-56.01,0.996728,-56.01,0.995117,-56.01,0.998401,-56.01,0.994332,-56.01,0.964512,-56.01,0.999961,-56.01,0.97695,-56.01,1,-56.01,0.995826,-56.01,0.999938,-56.01,0.901313,-56.01,0.999948,-56.01,0.999906,-56.01,0.977391,-56.01,0.999998,-56.01,0.960392,-56.01,0.535629,-56.01,0.948088,-56.01,0.971352,-56.01,0.999938,-56.01,0.984206,-56.01,0.995736,-56.01,0.921961,-56.01,0.924636,-56.01,0.999465
-54.01,0.999986,-54.01,0.519193,-54.01,0.997413,-54.01,0.994628,-54.01,0.999999,-54.01,0.993662,-54.01,0.985225,-54.01,0.694304,-54.01,0.984168,-54.01,0.999986,-54.01,0.992661,-54.01,0.99739,-54.01,0.996745,-54.01,0.997371,-54.01,0.999926,-54.01,0.898493,-54.01,0.999372,-54.01,0.937027,-54.01,0.982928,-54.01,0.970828,-54.01,0.69336,-54.01,0.991887,-54.01,0.944975,-54.01,0.411515,-54.01,0.999631,-54.01,0.529033,-54.01,0.639588,-54.01,0.906223,-54.01,0.795783,-54.01,0.9214,-54.01,0.551492,-54.01,0.997362,-54.01,0.999365,-54.01,0.986639,-54.01,0.999933,-54.01,0.997778,-54.01,0.993822,-54.01,0.995408,-54.01,0.993164,-54.01,0.996567,-54.01,0.992545,-54.01,0.953607,-54.01,0.999933,-54.01,0.968171,-54.01,0.999999,-54.01,0.994175,-54.01,0.999906,-54.01,0.859585,-54.01,0.99991,-54.01,0.999839,-54.01,0.969935,-54.01,0.999996,-54.01,0.947987,-54.01,0.492283,-54.01,0.929261,-54.01,0.964393,-54.01,0.999906,-54.01,0.972317,-54.01,0.99384,-54.01,0.90316,-54.01,0.906223,-54.01,0.99871
-52.01,0.999995,-52.01,0.481157,-52.01,0.995567,-52.01,0.992491,-52.01,0.999997,-52.01,0.991503,-52.01,0.978595,-52.01,0.652539,-52.01,0.978749,-52.01,0.999993,-52.01,0.98909,-52.01,0.995264,-52.01,0.995359,-52.01,0.996043,-52.01,0.999874,-52.01,0.875836,-52.01,0.998859,-52.01,0.994294,-52.01,0.977757,-52.01,0.962584,-52.01,0.651471,-52.01,0.987956,-52.01,0.930791,-52.01,0.38656,-52.01,0.999339,-52.01,0.489109,-52.01,0.578486,-52.01,0.884016,-52.01,0.771042,-52.01,0.888699,-52.01,0.496193,-52.01,0.995218,-52.01,0.998847,-52.01,0.984898,-52.01,0.999885,-52.01,0.996315,-52.01,0.991094,-52.01,0.993561,-52.01,0.990431,-52.01,0.993187,-52.01,0.990322,-52.01,0.939889,-52.01,0.999885,-52.01,0.956186,-52.01,0.999997,-52.01,0.991882,-52.01,0.999858,-52.01,0.804101,-52.01,0.999846,-52.01,0.999726,-52.01,0.960171,-52.01,0.999992,-52.01,0.932055,-52.01,0.450725,-52.01,0.904217,-52.01,0.955655,-52.01,0.999858,-52.01,0.952336,-52.01,0.991119,-52.01,0.88051,-52.01,0.884016,-52.01,0.997122
-50.01,1,-50.01,0.445252,-50.01,0.992687,-50.01,0.989512,-50.01,0.999991,-50.01,0.98862,-50.01,0.969235,-50.01,0.611119,-50.01,0.971522,-50.01,0.999998,-50.01,0.983814,-50.01,0.991365,-50.01,0.993358,-50.01,0.994079,-50.01,0.999789,-50.01,0.849128,-50.01,0.997914,-50.01,1,-50.01,0.971132,-50.01,0.952179,-50.01,0.609932,-50.01,0.982201,-50.01,0.913421,-50.01,0.362234,-50.01,0.998818,-50.01,0.454304,-50.01,0.514017,-50.01,0.857526,-50.01,0.747129,-50.01,0.842984,-50.01,0.44014,-50.01,0.99129,-50.01,0.997894,-50.01,0.982826,-50.01,0.999803,-50.01,0.993895,-50.01,0.987199,-50.01,0.990981,-50.01,0.986615,-50.01,0.987136,-50.01,0.987684,-50.01,0.923102,-50.01,0.999803,-50.01,0.939965,-50.01,0.999991,-50.01,0.988706,-50.01,0.999786,-50.01,0.733564,-50.01,0.999735,-50.01,0.99953,-50.01,0.947464,-50.01,0.999985,-50.01,0.911826,-50.01,0.411343,-50.01,0.871362,-50.01,0.944503,-50.01,0.999786,-50.01,0.920246,-50.01,0.987233,-50.01,0.853512,-50.01,0.857526,-50.01,0.993899
-48.01,0.999995,-48.01,0.411499,-48.01,0.988274,-48.01,0.985369,-48.01,0.999973,-48.01,0.984778,-48.01,0.956134,-48.01,0.570763,-48.01,0.961928,-48.01,1,-48.01,0.976057,-48.01,0.98421,-48.01,0.990455,-48.01,0.991199,-48.01,0.999654,-48.01,0.818037,-48.01,0.996164,-48.01,0.974107,-48.01,0.96254,-48.01,0.939137,-48.01,0.569464,-48.01,0.973909,-48.01,0.892339,-48.01,0.337367,-48.01,0.997883,-48.01,0.422843,-48.01,0.448256,-48.01,0.826334,-48.01,0.724999,-48.01,0.780493,-48.01,0.384646,-48.01,0.984088,-48.01,0.996132,-48.01,0.980197,-48.01,0.999662,-48.01,0.98992,-48.01,0.981645,-48.01,0.98738,-48.01,0.981301,-48.01,0.976534,-48.01,0.984722,-48.01,0.903358,-48.01,0.999661,-48.01,0.918268,-48.01,0.999974,-48.01,0.984328,-48.01,0.999677,-48.01,0.648833,-48.01,0.999544,-48.01,0.999196,-48.01,0.931054,-48.01,0.999972,-48.01,0.886558,-48.01,0.374396,-48.01,0.829042,-48.01,0.93017,-48.01,0.999676,-48.01,0.872137,-48.01,0.981691,-48.01,0.821735,-48.01,0.826334,-48.01,0.987541
-46.01,0.999966,-46.01,0.379707,-46.01,0.981627,-46.01,0.979621,-46.01,0.999918,-46.01,0.979668,-46.01,0.937979,-46.01,0.531855,-46.01,0.949278,-46.01,0.999991,-46.01,0.964732,-46.01,0.971156,-46.01,0.986228,-46.01,0.987025,-46.01,0.99944,-46.01,0.782363,-46.01,0.992921,-46.01,0.931402,-46.01,0.951315,-46.01,0.922926,-46.01,0.530453,-46.01,0.96222,-46.01,0.867002,-46.01,0.310362,-46.01,0.996196,-46.01,0.393832,-46.01,0.383666,-46.01,0.790159,-46.01,0.705211,-46.01,0.69842,-46.01,0.331075,-46.01,0.97096,-46.01,0.992869,-46.01,0.976729,-46.01,0.999419,-46.01,0.983552,-46.01,0.973718,-46.01,0.98237,-46.01,0.973934,-46.01,0.958355,-46.01,0.981541,-46.01,0.881271,-46.01,0.999418,-46.01,0.889701,-46.01,0.999923,-46.01,0.978321,-46.01,0.999512,-46.01,0.553722,-46.01,0.999217,-46.01,0.998627,-46.01,0.910071,-46.01,0.999945,-46.01,0.855756,-46.01,0.340007,-46.01,0.775813,-46.01,0.91175,-46.01,0.999511,-46.01,0.806501,-46.01,0.973784,-46.01,0.784885,-46.01,0.790159,-46.01,0.975342
-44.01,0.999886,-44.01,0.349459,-44.01,0.971785,-44.01,0.971672,-44.01,0.999664,-44.01,0.972894,-44.01,0.913145,-44.01,0.494427,-44.01,0.932748,-44.01,0.999961,-44.01,0.948367,-44.01,0.947763,-44.01,0.980056,-44.01,0.981052,-44.01,0.999102,-44.01,0.7421,-44.01,0.98694,-44.01,0.880303,-44.01,0.936569,-44.01,0.902986,-44.01,0.492933,-44.01,0.946126,-44.01,0.836864,-44.01,0.280083,-44.01,0.993135,-44.01,0.366475,-44.01,0.322781,-44.01,0.748934,-44.01,0.687551,-44.01,0.597381,-44.01,0.280724,-44.01,0.947451,-44.01,0.986857,-44.01,0.972049,-44.01,0.999003,-44.01,0.97397,-44.01,0.962414,-44.01,0.975419,-44.01,0.963784,-44.01,0.928024,-44.01,0.978185,-44.01,0.857863,-44.01,0.999001,-44.01,0.852858,-44.01,0.999694,-44.01,0.97014,-44.01,0.999261,-44.01,0.454744,-44.01,0.998656,-44.01,0.99766,-44.01,0.883573,-44.01,0.999894,-44.01,0.819493,-44.01,0.308214,-44.01,0.710891,-44.01,0.888196,-44.01,0.99926,-44.01,0.726512,-44.01,0.962512,-44.01,0.742882,-44.01,0.748934,-44.01,0.952678
-42.01,0.999703,-42.01,0.320037,-42.01,0.957503,-42.01,0.960728,-42.01,0.997867,-42.01,0.963951,-42.01,0.87977,-42.01,0.458215,-42.01,0.911405,-42.01,0.999883,-42.01,0.925066,-42.01,0.907401,-42.01,0.97104,-42.01,0.97264,-42.01,0.998573,-42.01,0.697497,-42.01,0.976082,-42.01,0.823866,-42.01,0.917127,-42.01,0.878772,-42.01,0.456641,-42.01,0.924409,-42.01,0.801366,-42.01,0.24764,-42.01,0.987556,-42.01,0.339592,-42.01,0.267812,-42.01,0.702881,-42.01,0.670869,-42.01,0.484118,-42.01,0.234699,-42.01,0.906918,-42.01,0.975951,-42.01,0.965641,-42.01,0.998288,-42.01,0.960701,-42.01,0.946396,-42.01,0.965823,-42.01,0.949915,-42.01,0.879366,-42.01,0.974591,-42.01,0.83422,-42.01,0.998286,-42.01,0.806568,-42.01,0.998165,-42.01,0.959106,-42.01,0.998881,-42.01,0.359537,-42.01,0.997695,-42.01,0.996031,-42.01,0.850632,-42.01,0.999796,-42.01,0.778629,-42.01,0.278938,-42.01,0.634722,-42.01,0.858698,-42.01,0.998878,-42.01,0.639544,-42.01,0.946547,-42.01,0.695934,-42.01,0.702881,-42.01,0.912457
-40.01,0.999318,-40.01,0.290311,-40.01,0.937292,-40.01,0.945779,-40.01,0.990983,-40.01,0.952205,-40.01,0.835971,-40.01,0.422755,-40.01,0.884271,-40.01,0.99971,-40.01,0.892577,-40.01,0.842342,-40.01,0.957918,-40.01,0.961015,-40.01,0.997748,-40.01,0.649095,-40.01,0.956977,-40.01,0.760678,-40.01,0.891505,-40.01,0.849823,-40.01,0.421112,-40.01,0.895565,-40.01,0.759887,-40.01,0.216028,-40.01,0.977403,-40.01,0.311254,-40.01,0.220278,-40.01,0.652567,-40.01,0.653425,-40.01,0.371141,-40.01,0.193809,-40.01,0.841618,-40.01,0.956788,-40.01,0.956782,-40.01,0.997065,-40.01,0.943357,-40.01,0.924014,-40.01,0.952661,-40.01,0.931178,-40.01,0.805766,-40.01,0.970593,-40.01,0.811122,-40.01,0.997062,-40.01,0.750252,-40.01,0.99269,-40.01,0.94442,-40.01,0.998302,-40.01,0.27464,-40.01,0.996053,-40.01,0.993309,-40.01,0.810464,-40.01,0.999609,-40.01,0.734666,-40.01,0.252003,-40.01,0.549524,-40.01,0.828188,-40.01,0.998297,-40.01,0.553417,-40.01,0.924248,-40.01,0.644598,-40.01,0.652567,-40.01,0.845831
-38.01,0.998546,-38.01,0.25883,-38.01,0.909602,-38.01,0.92554,-38.01,0.986198,-38.01,0.936888,-38.01,0.780271,-38.01,0.387495,-38.01,0.850442,-38.01,0.999347,-38.01,0.84858,-38.01,0.748051,-38.01,0.938984,-38.01,0.94529,-38.01,0.996467,-38.01,0.597733,-38.01,0.925122,-38.01,0.686504,-38.01,0.857966,-38.01,0.815851,-38.01,0.385793,-38.01,0.857822,-38.01,0.711662,-38.01,0.187338,-38.01,0.959166,-38.01,0.279091,-38.01,0.180801,-38.01,0.598918,-38.01,0.633661,-38.01,0.270937,-38.01,0.158499,-38.01,0.747021,-38.01,0.924916,-38.01,0.944452,-38.01,0.994975,-38.01,0.920966,-38.01,0.89341,-38.01,0.934769,-38.01,0.906227,-38.01,0.703577,-38.01,0.965936,-38.01,0.788852,-38.01,0.994969,-38.01,0.684318,-38.01,0.988993,-38.01,0.925215,-38.01,0.997419,-38.01,0.203899,-38.01,0.993279,-38.01,0.988817,-38.01,0.762618,-38.01,0.999251,-38.01,0.689234,-38.01,0.227102,-38.01,0.45949,-38.01,0.809987,-38.01,0.997412,-38.01,0.472932,-38.01,0.89377,-38.01,0.589788,-38.01,0.598918,-38.01,0.746285
-36.01,0.997034,-36.01,0.225011,-36.01,0.873196,-36.01,0.898495,-36.01,0.987638,-36.01,0.917092,-36.01,0.712217,-36.01,0.351912,-36.01,0.809264,-36.01,0.998612,-36.01,0.791288,-36.01,0.629569,-36.01,0.912084,-36.01,0.924524,-36.01,0.994487,-36.01,0.544511,-36.01,0.876039,-36.01,0.60087,-36.01,0.814709,-36.01,0.776848,-36.01,0.350158,-36.01,0.809369,-36.01,0.655761,-36.01,0.162059,-36.01,0.927461,-36.01,0.242986,-36.01,0.149122,-36.01,0.543175,-36.01,0.610904,-36.01,0.190316,-36.01,0.128833,-36.01,0.62819,-36.01,0.876079,-36.01,0.927222,-36.01,0.991416,-36.01,0.891479,-36.01,0.852695,-36.01,0.910755,-36.01,0.87362,-36.01,0.577219,-36.01,0.960294,-36.01,0.767207,-36.01,0.991406,-36.01,0.61044,-36.01,0.990052,-36.01,0.900656,-36.01,0.996071,-36.01,0.148209,-36.01,0.988678,-36.01,0.981503,-36.01,0.707192,-36.01,0.998562,-36.01,0.643549,-36.01,0.203815,-36.01,0.370303,-36.01,0.80027,-36.01,0.996061,-36.01,0.399497,-36.01,0.853231,-36.01,0.532746,-36.01,0.543175,-36.01,0.617537
-34.01,0.99412,-34.01,0.190953,-34.01,0.827673,-34.01,0.86299,-34.01,0.984543,-34.01,0.891811,-34.01,0.633036,-34.01,0.315623,-34.01,0.760559,-34.01,0.997154,-34.01,0.720381,-34.01,0.502716,-34.01,0.874769,-34.01,0.897808,-34.01,0.991442,-34.01,0.490712,-34.01,0.807647,-34.01,0.513478,-34.01,0.760208,-34.01,0.733178,-34.01,0.31382,-34.01,0.748833,-34.01,0.591399,-34.01,0.139953,-34.01,0.875687,-34.01,0.20697,-34.01,0.124325,-34.01,0.486804,-34.01,0.585556,-34.01,0.130544,-34.01,0.104532,-34.01,0.500984,-34.01,0.808767,-34.01,0.903135,-34.01,0.985395,-34.01,0.851378,-34.01,0.80023,-34.01,0.879072,-34.01,0.832001,-34.01,0.44151,-34.01,0.953261,-34.01,0.745591,-34.01,0.98538,-34.01,0.531561,-34.01,0.987661,-34.01,0.870119,-34.01,0.99401,-34.01,0.106292,-34.01,0.981238,-34.01,0.969787,-34.01,0.645016,-34.01,0.997232,-34.01,0.598112,-34.01,0.181841,-34.01,0.2879,-34.01,0.784317,-34.01,0.993995,-34.01,0.332799,-34.01,0.800994,-34.01,0.474937,-34.01,0.486804,-34.01,0.478113
-32.01,0.98858,-32.01,0.159717,-32.01,0.773891,-32.01,0.817475,-32.01,0.97357,-32.01,0.860004,-32.01,0.545989,-32.01,0.278483,-32.01,0.704835,-32.01,0.994301,-32.01,0.637934,-32.01,0.385406,-32.01,0.82473,-32.01,0.864397,-32.01,0.986783,-32.01,0.43768,-32.01,0.722226,-32.01,0.434278,-32.01,0.693648,-32.01,0.685641,-32.01,0.276627,-32.01,0.675931,-32.01,0.519055,-32.01,0.120623,-32.01,0.799225,-32.01,0.174683,-32.01,0.10516,-32.01,0.431344,-32.01,0.558765,-32.01,0.0892392,-32.01,0.0850535,-32.01,0.383348,-32.01,0.726263,-32.01,0.869624,-32.01,0.975322,-32.01,0.799609,-32.01,0.735194,-32.01,0.838239,-32.01,0.780413,-32.01,0.316146,-32.01,0.944332,-32.01,0.723103,-32.01,0.975299,-32.01,0.451497,-32.01,0.979409,-32.01,0.833372,-32.01,0.990859,-32.01,0.0757948,-32.01,0.969496,-32.01,0.951402,-32.01,0.577731,-32.01,0.99465,-32.01,0.552701,-32.01,0.16133,-32.01,0.216927,-32.01,0.752467,-32.01,0.990835,-32.01,0.272365,-32.01,0.736237,-32.01,0.417908,-32.01,0.431344,-32.01,0.352183
-30.01,0.978215,-30.01,0.132618,-30.01,0.713956,-30.01,0.760925,-30.01,0.954798,-30.01,0.820734,-30.01,0.456073,-30.01,0.240668,-30.01,0.643418,-30.01,0.988791,-30.01,0.548752,-30.01,0.287973,-30.01,0.760557,-30.01,0.823857,-30.01,0.979707,-30.01,0.3867,-30.01,0.625835,-30.01,0.365936,-30.01,0.615357,-30.01,0.635463,-30.01,0.238744,-30.01,0.592039,-30.01,0.44242,-30.01,0.103688,-30.01,0.70069,-30.01,0.146942,-30.01,0.0903472,-30.01,0.378251,-30.01,0.531977,-30.01,0.062172,-30.01,0.0697024,-30.01,0.28563,-30.01,0.635841,-30.01,0.823555,-30.01,0.95878,-30.01,0.795478,-30.01,0.658388,-30.01,0.787219,-30.01,0.718688,-30.01,0.215551,-30.01,0.932886,-30.01,0.698607,-30.01,0.958744,-30.01,0.374243,-30.01,0.965646,-30.01,0.790677,-30.01,0.986046,-30.01,0.0541461,-30.01,0.951348,-30.01,0.92337,-30.01,0.507697,-30.01,0.989622,-30.01,0.506569,-30.01,0.14258,-30.01,0.159655,-30.01,0.698643,-30.01,0.986011,-30.01,0.218196,-30.01,0.659767,-30.01,0.363124,-30.01,0.378251,-30.01,0.253928
-28.01,0.959307,-28.01,0.109651,-28.01,0.650677,-28.01,0.693414,-28.01,0.928153,-28.01,0.773363,-28.01,0.368972,-28.01,0.202723,-28.01,0.578414,-28.01,0.978284,-28.01,0.459516,-28.01,0.211971,-28.01,0.682698,-28.01,0.776218,-28.01,0.969061,-28.01,0.338878,-28.01,0.525704,-28.01,0.307655,-28.01,0.527281,-28.01,0.584201,-28.01,0.200702,-28.01,0.500342,-28.01,0.369114,-28.01,0.0888212,-28.01,0.591723,-28.01,0.123352,-28.01,0.0787824,-28.01,0.328753,-28.01,0.50656,-28.01,0.0450479,-28.01,0.0577322,-28.01,0.209397,-28.01,0.545707,-28.01,0.761609,-28.01,0.932422,-28.01,0.76076,-28.01,0.572786,-28.01,0.725967,-28.01,0.64783,-28.01,0.143736,-28.01,0.918148,-28.01,0.670788,-28.01,0.932367,-28.01,0.303215,-28.01,0.9465,-28.01,0.742652,-28.01,0.978725,-28.01,0.0390427,-28.01,0.923854,-28.01,0.882541,-28.01,0.437695,-28.01,0.979853,-28.01,0.458751,-28.01,0.125636,-28.01,0.11591,-28.01,0.617235,-28.01,0.978672,-28.01,0.170687,-28.01,0.574549,-28.01,0.311827,-28.01,0.328753,-28.01,0.18388
-26.01,0.926265,-26.01,0.0903691,-26.01,0.586811,-26.01,0.616656,-26.01,0.893902,-26.01,0.717796,-26.01,0.289694,-26.01,0.165566,-26.01,0.512456,-26.01,0.958635,-26.01,0.376918,-26.01,0.15443,-26.01,0.594171,-26.01,0.722101,-26.01,0.953251,-26.01,0.295059,-26.01,0.428189,-26.01,0.258094,-26.01,0.433869,-26.01,0.533562,-26.01,0.163403,-26.01,0.405505,-26.01,0.306484,-26.01,0.0757496,-26.01,0.48693,-26.01,0.103334,-26.01,0.0696159,-26.01,0.283758,-26.01,0.483422,-26.01,0.0344711,-26.01,0.0482293,-26.01,0.151698,-26.01,0.462458,-26.01,0.681325,-26.01,0.892367,-26.01,0.703669,-26.01,0.483336,-26.01,0.655976,-26.01,0.570203,-26.01,0.0969125,-26.01,0.899168,-26.01,0.638223,-26.01,0.892288,-26.01,0.240725,-26.01,0.922189,-26.01,0.689873,-26.01,0.967674,-26.01,0.0286298,-26.01,0.88332,-26.01,0.827194,-26.01,0.370506,-26.01,0.961156,-26.01,0.408443,-26.01,0.110411,-26.01,0.0838511,-26.01,0.503752,-26.01,0.967594,-26.01,0.130258,-26.01,0.48551,-26.01,0.264933,-26.01,0.283758,-26.01,0.135777
-24.01,0.872519,-24.01,0.0742555,-24.01,0.524604,-24.01,0.534196,-24.01,0.853615,-24.01,0.654711,-24.01,0.221526,-24.01,0.130402,-24.01,0.448311,-24.01,0.923123,-24.01,0.305796,-24.01,0.111456,-24.01,0.500472,-24.01,0.662771,-24.01,0.93019,-24.01,0.255793,-24.01,0.3382,-24.01,0.216023,-24.01,0.342967,-24.01,0.48519,-24.01,0.12804,-24.01,0.31309,-24.01,0.255409,-24.01,0.0642508,-24.01,0.396106,-24.01,0.0863733,-24.01,0.0622506,-24.01,0.243816,-24.01,0.462864,-24.01,0.02822,-24.01,0.0405782,-24.01,0.108663,-24.01,0.39021,-24.01,0.583088,-24.01,0.835665,-24.01,0.596714,-24.01,0.395924,-24.01,0.580516,-24.01,0.489352,-24.01,0.0686231,-24.01,0.874798,-24.01,0.599488,-24.01,0.83556,-24.01,0.187826,-24.01,0.893601,-24.01,0.632436,-24.01,0.951211,-24.01,0.0215075,-24.01,0.8261,-24.01,0.759444,-24.01,0.30849,-24.01,0.926588,-24.01,0.355411,-24.01,0.0968154,-24.01,0.0609871,-24.01,0.361126,-24.01,0.951089,-24.01,0.0970239,-24.01,0.398503,-24.01,0.222998,-24.01,0.243816,-24.01,0.102668
-22.01,0.794105,-22.01,0.0608419,-22.01,0.465785,-22.01,0.450944,-22.01,0.812587,-22.01,0.585695,-22.01,0.165713,-22.01,0.0985669,-22.01,0.388442,-22.01,0.8628,-22.01,0.248263,-22.01,0.0796587,-22.01,0.408362,-22.01,0.600089,-22.01,0.897371,-22.01,0.221337,-22.01,0.259204,-22.01,0.180419,-22.01,0.263778,-22.01,0.440455,-22.01,0.0959412,-22.01,0.228938,-22.01,0.212357,-22.01,0.054149,-22.01,0.322496,-22.01,0.0720439,-22.01,0.0562895,-22.01,0.209132,-22.01,0.444862,-22.01,0.025844,-22.01,0.0344449,-22.01,0.0769145,-22.01,0.330747,-22.01,0.472709,-22.01,0.76306,-22.01,0.223968,-22.01,0.315874,-22.01,0.504258,-22.01,0.409421,-22.01,0.0565268,-22.01,0.843685,-22.01,0.55334,-22.01,0.762938,-22.01,0.144483,-22.01,0.863768,-22.01,0.569912,-22.01,0.927181,-22.01,0.0166604,-22.01,0.750492,-22.01,0.686419,-22.01,0.253293,-22.01,0.866764,-22.01,0.300361,-22.01,0.08475,-22.01,0.0449241,-22.01,0.213715,-22.01,0.926997,-22.01,0.0706517,-22.01,0.318821,-22.01,0.186229,-22.01,0.209132,-22.01,0.0792531
-20.01,0.695075,-20.01,0.0497272,-20.01,0.411778,-20.01,0.372171,-20.01,0.787771,-20.01,0.513183,-20.01,0.121819,-20.01,0.0712798,-20.01,0.33468,-20.01,0.770524,-20.01,0.204024,-20.01,0.0563641,-20.01,0.323992,-20.01,0.536332,-20.01,0.85219,-20.01,0.191697,-20.01,0.193144,-20.01,0.150434,-20.01,0.201085,-20.01,0.400306,-20.01,0.0683275,-20.01,0.158288,-20.01,0.175322,-20.01,0.0453085,-20.01,0.265435,-20.01,0.0599949,-20.01,0.0514742,-20.01,0.17963,-20.01,0.429333,-20.01,0.0250731,-20.01,0.029514,-20.01,0.0537781,-20.01,0.28401,-20.01,0.36245,-20.01,0.681506,-20.01,0.115737,-20.01,0.246734,-20.01,0.432332,-20.01,0.334346,-20.01,0.0563645,-20.01,0.804292,-20.01,0.498996,-20.01,0.681386,-20.01,0.109906,-20.01,0.843565,-20.01,0.502034,-20.01,0.893146,-20.01,0.0133717,-20.01,0.659045,-20.01,0.617782,-20.01,0.205744,-20.01,0.774046,-20.01,0.245161,-20.01,0.0740835,-20.01,0.0337087,-20.01,0.109537,-20.01,0.892873,-20.01,0.0504131,-20.01,0.249983,-20.01,0.154544,-20.01,0.17963,-20.01,0.0620696
-18.01,0.58861,-18.01,0.0405703,-18.01,0.363823,-18.01,0.302419,-18.01,0.817863,-18.01,0.440162,-18.01,0.0883738,-18.01,0.049383,-18.01,0.288091,-18.01,0.649855,-18.01,0.171312,-18.01,0.0394926,-18.01,0.251358,-18.01,0.473915,-18.01,0.792637,-18.01,0.166683,-18.01,0.140389,-18.01,0.125359,-18.01,0.15321,-18.01,0.36522,-18.01,0.0460419,-18.01,0.104368,-18.01,0.143802,-18.01,0.0376251,-18.01,0.222791,-18.01,0.0499329,-18.01,0.0476337,-18.01,0.155023,-18.01,0.416205,-18.01,0.0245192,-18.01,0.0255198,-18.01,0.0371537,-18.01,0.248704,-18.01,0.267051,-18.01,0.602958,-18.01,0.0615039,-18.01,0.189859,-18.01,0.369288,-18.01,0.267129,-18.01,0.0562844,-18.01,0.754989,-18.01,0.436567,-18.01,0.602864,-18.01,0.0829076,-18.01,0.861362,-18.01,0.429894,-18.01,0.846917,-18.01,0.0111438,-18.01,0.558991,-18.01,0.560851,-18.01,0.165941,-18.01,0.651888,-18.01,0.19272,-18.01,0.0646874,-18.01,0.0258843,-18.01,0.0614979,-18.01,0.846515,-18.01,0.0353412,-18.01,0.193321,-18.01,0.127645,-18.01,0.155023,-18.01,0.0490103
-16.01,0.489786,-16.01,0.0330763,-16.01,0.32293,-16.01,0.244732,-16.01,0.934551,-16.01,0.369701,-16.01,0.0634949,-16.01,0.0331493,-16.01,0.249019,-16.01,0.520601,-16.01,0.14781,-16.01,0.0274198,-16.01,0.19184,-16.01,0.415055,-16.01,0.718317,-16.01,0.14597,-16.01,0.0999781,-16.01,0.104585,-16.01,0.11643,-16.01,0.335218,-16.01,0.0293379,-16.01,0.0670777,-16.01,0.117381,-16.01,0.0310079,-16.01,0.191959,-16.01,0.0416065,-16.01,0.046547,-16.01,0.134891,-16.01,0.405403,-16.01,0.0240718,-16.01,0.0222522,-16.01,0.0253842,-16.01,0.222914,-16.01,0.195302,-16.01,0.538423,-16.01,0.0310651,-16.01,0.144781,-16.01,0.318308,-16.01,0.209463,-16.01,0.0562542,-16.01,0.694272,-16.01,0.367598,-16.01,0.538366,-16.01,0.0621772,-16.01,0.9477,-16.01,0.356636,-16.01,0.787477,-16.01,0.00963561,-16.01,0.45929,-16.01,0.517765,-16.01,0.133431,-16.01,0.52071,-16.01,0.14635,-16.01,0.0564733,-16.01,0.0204152,-16.01,0.0367132,-16.01,0.786896,-16.01,0.0244052,-16.01,0.148352,-16.01,0.105094,-16.01,0.134891,-16.01,0.0388189
-14.01,0.407385,-14.01,0.026978,-14.01,0.289756,-14.01,0.200362,-14.01,0.994122,-14.01,0.304455,-14.01,0.0453124,-14.01,0.0222884,-14.01,0.217247,-14.01,0.408417,-14.01,0.131268,-14.01,0.0188821,-14.01,0.144784,-14.01,0.361477,-14.01,0.63143,-14.01,0.129156,-14.01,0.0701136,-14.01,0.0875687,-14.01,0.0880697,-14.01,0.309957,-14.01,0.0178175,-14.01,0.0431801,-14.01,0.0955167,-14.01,0.0253647,-14.01,0.170231,-14.01,0.0347931,-14.01,0.0463683,-14.01,0.118749,-14.01,0.396836,-14.01,0.0236708,-14.01,0.01955,-14.01,0.0171712,-14.01,0.204595,-14.01,0.14566,-14.01,0.492454,-14.01,0.0150572,-14.01,0.109938,-14.01,0.280831,-14.01,0.161762,-14.01,0.0562546,-14.01,0.621235,-14.01,0.295536,-14.01,0.492431,-14.01,0.0464653,-14.01,0.996323,-14.01,0.286717,-14.01,0.716061,-14.01,0.0086146,-14.01,0.366779,-14.01,0.486476,-14.01,0.107429,-14.01,0.407069,-14.01,0.108663,-14.01,0.0493791,-14.01,0.0165821,-14.01,0.0223163,-14.01,0.715252,-14.01,0.0166424,-14.01,0.11351,-14.01,0.0863857,-14.01,0.118749,-14.01,0.0307335
-12.01,0.342817,-12.01,0.0220354,-12.01,0.264536,-12.01,0.168963,-12.01,0.702011,-12.01,0.246302,-12.01,0.0321908,-12.01,0.0194883,-12.01,0.192198,-12.01,0.327359,-12.01,0.11979,-12.01,0.0129099,-12.01,0.108468,-12.01,0.314234,-12.01,0.537021,-12.01,0.115804,-12.01,0.0486889,-12.01,0.0738194,-12.01,0.06635,-12.01,0.288848,-12.01,0.0105656,-12.01,0.0282878,-12.01,0.0776138,-12.01,0.0206079,-12.01,0.15512,-12.01,0.0292926,-12.01,0.0462447,-12.01,0.106097,-12.01,0.390389,-12.01,0.0232785,-12.01,0.0172912,-12.01,0.0115153,-12.01,0.191879,-12.01,0.111188,-12.01,0.463136,-12.01,0.00703712,-12.01,0.0833786,-12.01,0.256536,-12.01,0.123468,-12.01,0.0562746,-12.01,0.536383,-12.01,0.225621,-12.01,0.463135,-12.01,0.034674,-12.01,0.720491,-12.01,0.224199,-12.01,0.636736,-12.01,0.00792316,-12.01,0.285115,-12.01,0.46329,-12.01,0.0870068,-12.01,0.325429,-12.01,0.08049,-12.01,0.0433376,-12.01,0.0138894,-12.01,0.0138706,-12.01,0.635662,-12.01,0.0112319,-12.01,0.0868465,-12.01,0.0709925,-12.01,0.106097,-12.01,0.0242676
-10.01,0.293666,-10.01,0.0180515,-10.01,0.247129,-10.01,0.149068,-10.01,0.3149,-10.01,0.196208,-10.01,0.0228043,-10.01,0.0191998,-10.01,0.173124,-10.01,0.276205,-10.01,0.111899,-10.01,0.00877233,-10.01,0.0808874,-10.01,0.273682,-10.01,0.441967,-10.01,0.105478,-10.01,0.0336824,-10.01,0.0628759,-10.01,0.0498781,-10.01,0.271188,-10.01,0.00643225,-10.01,0.0188493,-10.01,0.0630759,-10.01,0.0166494,-10.01,0.144649,-10.01,0.0249176,-10.01,0.0461733,-10.01,0.0964573,-10.01,0.385921,-10.01,0.0228718,-10.01,0.0153837,-10.01,0.00766574,-10.01,0.183223,-10.01,0.0860301,-10.01,0.445692,-10.01,0.00320044,-10.01,0.0632234,-10.01,0.243653,-10.01,0.0934449,-10.01,0.0563076,-10.01,0.4427,-10.01,0.16361,-10.01,0.445697,-10.01,0.0258905,-10.01,0.326149,-10.01,0.17149,-10.01,0.5558,-10.01,0.00745461,-10.01,0.216287,-10.01,0.444716,-10.01,0.0712259,-10.01,0.274373,-10.01,0.0605956,-10.01,0.0382617,-10.01,0.011996,-10.01,0.00874641,-10.01,0.554457,-10.01,0.00751685,-10.01,0.0664867,-10.01,0.0584059,-10.01,0.0964573,-10.01,0.0190864
-8.01,0.256724,-8.01,0.0148624,-8.01,0.237184,-8.01,0.143824,-8.01,0.137687,-8.01,0.154308,-8.01,0.0161294,-8.01,0.0191028,-8.01,0.159244,-8.01,0.246662,-8.01,0.106509,-8.01,0.00592891,-8.01,0.0601736,-8.01,0.239595,-8.01,0.353015,-8.01,0.0977633,-8.01,0.0233689,-8.01,0.0542941,-8.01,0.0374914,-8.01,0.256288,-8.01,0.00433905,-8.01,0.0126862,-8.01,0.051344,-8.01,0.0133895,-8.01,0.137408,-8.01,0.0214884,-8.01,0.046154,-8.01,0.0893945,-8.01,0.383261,-8.01,0.0224374,-8.01,0.0137576,-8.01,0.00507201,-8.01,0.177433,-8.01,0.0669384,-8.01,0.435475,-8.01,0.00146288,-8.01,0.04786,-8.01,0.240617,-8.01,0.0703298,-8.01,0.0563502,-8.01,0.346426,-8.01,0.113552,-8.01,0.435477,-8.01,0.0193829,-8.01,0.140997,-8.01,0.129235,-8.01,0.480013,-8.01,0.00713683,-8.01,0.161791,-8.01,0.428199,-8.01,0.0592256,-8.01,0.245218,-8.01,0.0465481,-8.01,0.0340484,-8.01,0.0106668,-8.01,0.00555438,-8.01,0.478434,-8.01,0.00499714,-8.01,0.0506498,-8.01,0.0481568,-8.01,0.0893945,-8.01,0.0149408
-6.01,0.229194,-6.01,0.0123224,-6.01,0.2343,-6.01,0.143787,-6.01,0.0844493,-6.01,0.120116,-6.01,0.011401,-6.01,0.0191358,-6.01,0.14983,-6.01,0.230505,-6.01,0.102839,-6.01,0.00398705,-6.01,0.0447398,-6.01,0.211358,-6.01,0.274962,-6.01,0.0922805,-6.01,0.0163866,-6.01,0.0476462,-6.01,0.0282331,-6.01,0.243584,-6.01,0.00404726,-6.01,0.00858003,-6.01,0.0419173,-6.01,0.0107244,-6.01,0.13243,-6.01,0.0188321,-6.01,0.0461897,-6.01,0.0845229,-6.01,0.382206,-6.01,0.0219684,-6.01,0.0123592,-6.01,0.00333932,-6.01,0.173631,-6.01,0.0522062,-6.01,0.42909,-6.01,0.000726059,-6.01,0.0355641,-6.01,0.240552,-6.01,0.0527712,-6.01,0.0564004,-6.01,0.256423,-6.01,0.076397,-6.01,0.429085,-6.01,0.0145804,-6.01,0.0857045,-6.01,0.0967844,-6.01,0.41459,-6.01,0.00692106,-6.01,0.122222,-6.01,0.4122,-6.01,0.0502618,-6.01,0.229463,-6.01,0.0361366,-6.01,0.0305891,-6.01,0.00974016,-6.01,0.00353743,-6.01,0.412832,-6.01,0.00330508,-6.01,0.037638,-6.01,0.0398286,-6.01,0.0845229,-6.01,0.0116331
-4.01,0.208867,-4.01,0.010304,-4.01,0.236476,-4.01,0.143801,-4.01,0.0701808,-4.01,0.0927711,-4.01,0.00805949,-4.01,0.0192677,-4.01,0.144278,-4.01,0.221955,-4.01,0.100346,-4.01,0.00266412,-4.01,0.0333019,-4.01,0.188172,-4.01,0.209901,-4.01,0.0886912,-4.01,0.011717,-4.01,0.0425148,-4.01,0.0213387,-4.01,0.232693,-4.01,0.00403246,-4.01,0.00581906,-4.01,0.034362,-4.01,0.008559,-4.01,0.129033,-4.01,0.0167815,-4.01,0.0462868,-4.01,0.0815076,-4.01,0.382526,-4.01,0.0214669,-4.01,0.0111469,-4.01,0.00219007,-4.01,0.171201,-4.01,0.0407823,-4.01,0.424369,-4.01,0.000437687,-4.01,0.0258673,-4.01,0.240566,-4.01,0.0395618,-4.01,0.0564574,-4.01,0.18126,-4.01,0.0507987,-4.01,0.42436,-4.01,0.011046,-4.01,0.0709264,-4.01,0.0726674,-4.01,0.362057,-4.01,0.00677431,-4.01,0.096542,-4.01,0.396062,-4.01,0.0437175,-4.01,0.221216,-4.01,0.0281062,-4.01,0.0277815,-4.01,0.00910772,-4.01,0.00225112,-4.01,0.360182,-4.01,0.00217788,-4.01,0.0273766,-4.01,0.0330613,-4.01,0.0815076,-4.01,0.00899899
-2.01,0.194014,-2.01,0.00869817,-2.01,0.242484,-2.01,0.143839,-2.01,0.0697211,-2.01,0.0712537,-2.01,0.00570144,-2.01,0.0194932,-2.01,0.142201,-2.01,0.21752,-2.01,0.0986528,-2.01,0.00176222,-2.01,0.024851,-2.01,0.169205,-2.01,0.157569,-2.01,0.0866958,-2.01,0.00863064,-2.01,0.0385258,-2.01,0.0162122,-2.01,0.223413,-2.01,0.00405022,-2.01,0.0039556,-2.01,0.0283125,-2.01,0.00681281,-2.01,0.126731,-2.01,0.0151874,-2.01,0.0464557,-2.01,0.0800542,-2.01,0.384003,-2.01,0.02096,-2.01,0.0100883,-2.01,0.0014322,-2.01,0.169756,-2.01,0.0319142,-2.01,0.420009,-2.01,0.000355849,-2.01,0.0185229,-2.01,0.240621,-2.01,0.0296918,-2.01,0.0565208,-2.01,0.125356,-2.01,0.0343941,-2.01,0.419999,-2.01,0.00845259,-2.01,0.0704462,-2.01,0.055118,-2.01,0.322342,-2.01,0.00667415,-2.01,0.0824788,-2.01,0.379815,-2.01,0.0390953,-2.01,0.216975,-2.01,0.0218612,-2.01,0.0255343,-2.01,0.00870978,-2.01,0.00142305,-2.01,0.320401,-2.01,0.00143169,-2.01,0.0196046,-2.01,0.0275516,-2.01,0.0800542,-2.01,0.00689455
-0.01,0.183267,-0.01,0.00741883,-0.01,0.251721,-0.01,0.14388,-0.01,0.0714558,-0.01,0.0545376,-0.01,0.00403946,-0.01,0.0198261,-0.01,0.1452,-0.01,0.215251,-0.01,0.0975023,-0.01,0.00115563,-0.01,0.0186112,-0.01,0.153705,-0.01,0.116186,-0.01,0.0860181,-0.01,0.00662488,-0.01,0.0354516,-0.01,0.0123982,-0.01,0.21578,-0.01,0.0041,-0.01,0.00269552,-0.01,0.0234678,-0.01,0.00541981,-0.01,0.125177,-0.01,0.0139595,-0.01,0.0467107,-0.01,0.0798596,-0.01,0.387959,-0.01,0.020846,-0.01,0.0091578,-0.01,0.000934643,-0.01,0.169638,-0.01,0.0250471,-0.01,0.415288,-0.01,0.000412663,-0.01,0.0131178,-0.01,0.240679,-0.01,0.0224118,-0.01,0.0565906,-0.01,0.0879122,-0.01,0.0243835,-0.01,0.415281,-0.01,0.00664615,-0.01,0.072202,-0.01,0.0426312,-0.01,0.293752,-0.01,0.00660581,-0.01,0.0784637,-0.01,0.364436,-0.01,0.0360003,-0.01,0.214814,-0.01,0.0170256,-0.01,0.0237792,-0.01,0.00845916,-0.01,0.000883101,-0.01,0.291775,-0.01,0.000940028,-0.01,0.0138848,-0.01,0.0230598,-0.01,0.0798596,-0.01,0.00523009
1.99,0.183174,1.99,0.00721452,1.99,0.263613,1.99,0.146014,1.99,0.0815183,1.99,0.0539018,1.99,0.00394712,1.99,0.0291782,1.99,0.155136,1.99,0.251587,1.99,0.0974707,1.99,0.00114971,1.99,0.0182859,1.99,0.156676,1.99,0.112213,1.99,0.0945893,1.99,0.00530282,1.99,0.0381386,1.99,0.0121408,1.99,0.236478,1.99,0.00526209,1.99,0.002607,1.99,0.0234245,1.99,0.00547894,1.99,0.12516,1.99,0.0150165,1.99,0.0518878,1.99,0.0849232,1.99,0.435721,1.99,0.0213995,1.99,0.00888113,1.99,0.00091057,1.99,0.171107,1.99,0.0237559,1.99,0.456481,1.99,0.000640118,1.99,0.0130716,1.99,0.255924,1.99,0.0199305,1.99,0.0633894,1.99,0.0682003,1.99,0.0192415,1.99,0.475114,1.99,0.00586386,1.99,0.0823647,1.99,0.0356006,1.99,0.295871,1.99,0.00659899,1.99,0.0901788,1.99,0.369975,1.99,0.0359096,1.99,0.251661,1.99,0.0169227,1.99,0.0263664,1.99,0.00827989,1.99,0.000835271,1.99,0.296452,1.99,0.000922803,1.99,0.0138363,1.99,0.0223721,1.99,0.0849232,1.99,0.00521394
3.99,0.183172,3.99,0.00754248,3.99,0.277646,3.99,0.145129,3.99,0.0937107,3.99,0.0523237,3.99,0.00389793,3.99,0.0421896,3.99,0.16649,3.99,0.293286,3.99,0.0974559,3.99,0.00114905,3.99,0.0180907,3.99,0.1596,3.99,0.109718,3.99,0.103814,3.99,0.00443665,3.99,0.0409858,3.99,0.0120339,3.99,0.257013,3.99,0.0069455,3.99,0.00256487,3.99,0.0234245,3.99,0.0059208,3.99,0.125157,3.99,0.0161368,3.99,0.0587261,3.99,0.0908159,3.99,0.48236,3.99,0.0218704,3.99,0.00879791,3.99,0.000899882,3.99,0.172383,3.99,0.0230788,3.99,0.483576,3.99,0.00108167,3.99,0.0130713,3.99,0.261102,3.99,0.0190481,3.99,0.0706132,3.99,0.0544157,3.99,0.0177819,3.99,0.530289,3.99,0.00508514,3.99,0.0946811,3.99,0.0320369,3.99,0.296928,3.99,0.00659743,3.99,0.107757,3.99,0.369247,3.99,0.0358762,3.99,0.293837,3.99,0.0168755,3.99,0.0291251,3.99,0.00815237,3.99,0.000811462,3.99,0.299576,3.99,0.000914828,3.99,0.0138362,3.99,0.0219497,3.99,0.0908159,3.99,0.00521283
5.99,0.183171,5.99,0.00800105,5.99,0.293388,5.99,0.143843,5.99,0.107345,5.99,0.0497674,5.99,0.00386552,5.99,0.0598458,5.99,0.179194,5.99,0.339627,5.99,0.0974459,5.99,0.00114862,5.99,0.01795,5.99,0.162366,5.99,0.107997,5.99,0.113674,5.99,0.00390071,5.99,0.0439602,5.99,0.0119558,5.99,0.277107,5.99,0.00928429,5.99,0.00253661,5.99,0.0234245,5.99,0.00646246,5.99,0.125154,5.99,0.0173076,5.99,0.0675793,5.99,0.0975403,5.99,0.526519,5.99,0.0222336,5.99,0.00872379,5.99,0.000893004,5.99,0.173475,5.99,0.0225647,5.99,0.497275,5.99,0.00183054,5.99,0.0130711,5.99,0.25507,5.99,0.0184073,5.99,0.0782441,5.99,0.0473919,5.99,0.0168395,5.99,0.578004,5.99,0.00466983,5.99,0.108455,5.99,0.0294476,5.99,0.297577,5.99,0.00659638,5.99,0.130621,5.99,0.365156,5.99,0.0363956,5.99,0.340622,5.99,0.0168394,5.99,0.031986,5.99,0.00806204,5.99,0.000793387,5.99,0.301804,5.99,0.000909687,5.99,0.0138361,5.99,0.0216132,5.99,0.0975403,5.99,0.00521199
7.99,0.183171,7.99,0.00855679,7.99,0.310483,7.99,0.143751,7.99,0.121746,7.99,0.0489439,7.99,0.00384722,7.99,0.0833699,7.99,0.193141,7.99,0.390029,7.99,0.0974392,7.99,0.00114835,7.99,0.0178489,7.99,0.164995,7.99,0.10682,7.99,0.124242,7.99,0.00381294,7.99,0.0470392,7.99,0.0118988,7.99,0.296571,7.99,0.0124415,7.99,0.00251767,7.99,0.0234245,7.99,0.00710022,7.99,0.125153,7.99,0.0185199,7.99,0.0788775,7.99,0.105127,7.99,0.567132,7.99,0.0224615,7.99,0.00865746,7.99,0.000888593,7.99,0.174402,7.99,0.022175,7.99,0.499922,7.99,0.00299016,7.99,0.0130709,7.99,0.240461,7.99,0.0179449,7.99,0.0863344,7.99,0.04454,7.99,0.016291,7.99,0.616633,7.99,0.00455175,7.99,0.123004,7.99,0.0275449,7.99,0.298103,7.99,0.00659568,7.99,0.156277,7.99,0.359793,7.99,0.0378109,7.99,0.391445,7.99,0.0168118,7.99,0.0349067,7.99,0.0079983,7.99,0.000779684,7.99,0.303509,7.99,0.000906385,7.99,0.0138361,7.99,0.0213455,7.99,0.105127,7.99,0.00521138
9.99,0.18317,9.99,0.00920967,9.99,0.328643,9.99,0.143623,9.99,0.136285,9.99,0.0483243,9.99,0.00384382,9.99,0.114073,9.99,0.208182,9.99,0.443679,9.99,0.0974348,9.99,0.00114818,9.99,0.0177762,9.99,0.167509,9.99,0.106021,9.99,0.135589,9.99,0.0037568,9.99,0.0502039,9.99,0.0118571,9.99,0.315195,9.99,0.0165941,9.99,0.00250497,9.99,0.0234245,9.99,0.00782305,9.99,0.125152,9.99,0.0197661,9.99,0.0930688,9.99,0.113596,9.99,0.603499,9.99,0.0225256,9.99,0.00859782,9.99,0.000885773,9.99,0.175181,9.99,0.0218799,9.99,0.494153,9.99,0.00464834,9.99,0.0130708,9.99,0.240259,9.99,0.0176144,9.99,0.0949366,9.99,0.0428828,9.99,0.0160753,9.99,0.645385,9.99,0.00447133,9.99,0.137692,9.99,0.0261574,9.99,0.298585,9.99,0.00659521,9.99,0.181043,9.99,0.354403,9.99,0.039786,9.99,0.445499,9.99,0.0167909,9.99,0.0378543,9.99,0.00795345,9.99,0.000769307,9.99,0.304858,9.99,0.000904271,9.99,0.0138361,9.99,0.0211326,9.99,0.113596,9.99,0.00521092
11.99,0.18317,11.99,0.00996454,11.99,0.34764,11.99,0.14347,11.99,0.15044,11.99,0.0478592,11.99,0.003861,11.99,0.153163,11.99,0.224134,11.99,0.499546,11.99,0.0974318,11.99,0.00114807,11.99,0.017724,11.99,0.169927,11.99,0.10548,11.99,0.147786,11.99,0.00372098,11.99,0.0534445,11.99,0.0118268,11.99,0.332785,11.99,0.0219057,11.99,0.00249646,11.99,0.0234245,11.99,0.00859842,11.99,0.125152,11.99,0.0210425,11.99,0.110425,11.99,0.122959,11.99,0.635296,11.99,0.0223975,11.99,0.00854401,11.99,0.000883974,11.99,0.175832,11.99,0.0216566,11.99,0.482508,11.99,0.00685013,11.99,0.0130707,11.99,0.240018,11.99,0.017382,11.99,0.104101,11.99,0.0421562,11.99,0.0161508,11.99,0.664465,11.99,0.00442045,11.99,0.151993,11.99,0.025151,11.99,0.299034,11.99,0.0065949,11.99,0.201832,11.99,0.349603,11.99,0.0422692,11.99,0.501755,11.99,0.0167751,11.99,0.0408101,11.99,0.00792198,11.99,0.000761455,11.99,0.305937,11.99,0.000902921,11.99,0.013836,11.99,0.0209635,11.99,0.122959,11.99,0.00521059
13.99,0.18317,13.99,0.0108196,13.99,0.367294,13.99,0.143306,13.99,0.163822,13.99,0.0475108,13.99,0.00391179,13.99,0.201438,13.99,0.240777,13.99,0.556434,13.99,0.0974297,13.99,0.001148,13.99,0.0176866,13.99,0.172267,13.99,0.105116,13.99,0.160893,13.99,0.0036982,13.99,0.0567636,13.99,0.0118046,13.99,0.349197,13.99,0.0284843,13.99,0.00249075,13.99,0.0234245,13.99,0.00937002,13.99,0.125151,13.99,0.02235,13.99,0.130701,13.99,0.133227,13.99,0.662526,13.99,0.0220511,13.99,0.0084953,13.99,0.000882829,13.99,0.176373,13.99,0.0214877,13.99,0.467316,13.99,0.00958022,13.99,0.0130707,13.99,0.239761,13.99,0.0172238,13.99,0.113873,13.99,0.0422064,13.99,0.0164752,13.99,0.675072,13.99,0.00439379,13.99,0.165513,13.99,0.0244236,13.99,0.299442,13.99,0.00659469,13.99,0.217355,13.99,0.345613,13.99,0.0452157,13.99,0.559012,13.99,0.0167631,13.99,0.0437704,13.99,0.00789995,13.99,0.000755518,13.99,0.306799,13.99,0.000902062,13.99,0.013836,13.99,0.0208292,13.99,0.133227,13.99,0.00521034
15.99,0.18317,15.99,0.0117556,15.99,0.38746,15.99,0.143145,15.99,0.176172,15.99,0.0472501,15.99,0.0043176,15.99,0.258893,15.99,0.257862,15.99,0.61307,15.99,0.0974284,15.99,0.00114795,15.99,0.0176597,15.99,0.174542,15.99,0.10487,15.99,0.174963,15.99,0.00368373,15.99,0.0601756,15.99,0.0117885,15.99,0.36434,15.99,0.0363284,15.99,0.00248692,15.99,0.0234245,15.99,0.0100714,15.99,0.125151,15.99,0.0236943,15.99,0.152918,15.99,0.144411,15.99,0.685433,15.99,0.0214649,15.99,0.00845107,15.99,0.000882103,15.99,0.176821,15.99,0.0213601,15.99,0.450632,15.99,0.0127618,15.99,0.0130707,15.99,0.239507,15.99,0.017123,15.99,0.124295,15.99,0.0429356,15.99,0.0169998,15.99,0.679163,15.99,0.00438833,15.99,0.177991,15.99,0.0238992,15.99,0.2998,15.99,0.00659454,15.99,0.227923,15.99,0.342435,15.99,0.0485888,15.99,0.615997,15.99,0.0167541,15.99,0.0467441,15.99,0.00788456,15.99,0.000751031,15.99,0.307483,15.99,0.000901516,15.99,0.013836,15.99,0.0207227,15.99,0.144411,15.99,0.00521016
17.99,0.18317,17.99,0.0127339,17.99,0.408022,17.99,0.142995,17.99,0.187347,17.99,0.0470554,17.99,0.00796013,17.99,0.324354,17.99,0.275122,17.99,0.66821,17.99,0.0974275,17.99,0.00114792,17.99,0.0176405,17.99,0.176766,17.99,0.104705,17.99,0.190042,17.99,0.00367456,17.99,0.0637037,17.99,0.0117768,17.99,0.378176,17.99,0.0452763,17.99,0.00248436,17.99,0.0234245,17.99,0.010652,17.99,0.125151,17.99,0.0250847,17.99,0.175538,17.99,0.156517,17.99,0.704419,17.99,0.0206252,17.99,0.00841081,17.99,0.000881643,17.99,0.177192,17.99,0.0212637,17.99,0.434124,17.99,0.0162709,17.99,0.0130706,17.99,0.239273,17.99,0.0170685,17.99,0.135404,17.99,0.0442736,17.99,0.0176709,17.99,0.679019,17.99,0.00440296,17.99,0.18928,17.99,0.0235218,17.99,0.300104,17.99,0.00659445,17.99,0.23461,17.99,0.339977,17.99,0.0523599,17.99,0.671465,17.99,0.0167473,17.99,0.0497501,17.99,0.00787384,17.99,0.000747641,17.99,0.30802,17.99,0.000901169,17.99,0.013836,17.99,0.0206381,17.99,0.156517,17.99,0.00521004
19.99,0.18317,19.99,0.0137061,19.99,0.428886,19.99,0.142864,19.99,0.197292,19.99,0.04691,19.99,0.0142333,19.99,0.395338,19.99,0.292276,19.99,0.720744,19.99,0.0974269,19.99,0.0011479,19.99,0.0176267,19.99,0.17895,19.99,0.104594,19.99,0.206165,19.99,0.00366877,19.99,0.0673769,19.99,0.0117682,19.99,0.390712,19.99,0.0549873,19.99,0.00248264,19.99,0.0234245,19.99,0.0110935,19.99,0.125151,19.99,0.0265324,19.99,0.196963,19.99,0.169552,19.99,0.719961,19.99,0.0195291,19.99,0.0083741,19.99,0.000881352,19.99,0.177497,19.99,0.0211909,19.99,0.418978,19.99,0.0199595,19.99,0.0130706,19.99,0.239067,19.99,0.0170538,19.99,0.147227,19.99,0.0491352,19.99,0.0202063,19.99,0.676765,19.99,0.00443842,19.99,0.199328,19.99,0.0232505,19.99,0.300354,19.99,0.00659439,19.99,0.238576,19.99,0.338113,19.99,0.0565067,19.99,0.724301,19.99,0.0167422,19.99,0.0528126,19.99,0.00786638,19.99,0.000745082,19.99,0.308437,19.99,0.00090095,19.99,0.013836,19.99,0.020571,19.99,0.169552,19.99,0.00520994
21.99,0.18317,21.99,0.0146186,21.99,0.449976,21.99,0.142754,21.99,0.206021,21.99,0.0468015,21.99,0.0242632,21.99,0.468303,21.99,0.309052,21.99,0.769772,21.99,0.0974265,21.99,0.00114789,21.99,0.0176168,21.99,0.181103,21.99,0.10452,21.99,0.223359,21.99,0.00366511,21.99,0.0712269,21.99,0.0117619,21.99,0.401989,21.99,0.0649751,21.99,0.00248149,21.99,0.0234245,21.99,0.0114068,21.99,0.125151,21.99,0.0280501,21.99,0.215992,21.99,0.183521,21.99,0.732556,21.99,0.0181868,21.99,0.00834055,21.99,0.000881168,21.99,0.177748,21.99,0.0211359,21.99,0.405871,21.99,0.0236795,21.99,0.0130706,21.99,0.238895,21.99,0.0170761,21.99,0.15979,21.99,0.0573387,21.99,0.0232889,21.99,0.674034,21.99,0.0044973,21.99,0.208147,21.99,0.0230558,21.99,0.300557,21.99,0.00659434,21.99,0.240766,21.99,0.336718,21.99,0.0610121,21.99,0.773606,21.99,0.0167383,21.99,0.0559588,21.99,0.00786121,21.99,0.000743149,21.99,0.308757,21.99,0.000900811,21.99,0.013836,21.99,0.0205178,21.99,0.183521,21.99,0.00520987
23.99,0.18317,23.99,0.0154197,23.99,0.471225,23.99,0.142665,23.99,0.213594,23.99,0.0467205,23.99,0.0392026,23.99,0.539297,23.99,0.325193,23.99,0.814658,23.99,0.0974262,23.99,0.00114789,23.99,0.0176097,23.99,0.183232,23.99,0.10447,23.99,0.241639,23.99,0.0036628,23.99,0.0752852,23.99,0.0117574,23.99,0.412069,23.99,0.0746971,23.99,0.00248072,23.99,0.0234245,23.99,0.0116187,23.99,0.125151,23.99,0.0296503,23.99,0.232013,23.99,0.198421,23.99,0.74268,23.99,0.0166242,23.99,0.00830985,23.99,0.000881052,23.99,0.177954,23.99,0.0210944,23.99,0.395037,23.99,0.0273012,23.99,0.0130706,23.99,0.238755,23.99,0.0171363,23.99,0.173106,23.99,0.0668583,23.99,0.0263797,23.99,0.67184,23.99,0.00458424,23.99,0.215798,23.99,0.022916,23.99,0.300717,23.99,0.00659431,23.99,0.241853,23.99,0.335685,23.99,0.0658617,23.99,0.81874,23.99,0.0167354,23.99,0.0592162,23.99,0.00785762,23.99,0.00074169,23.99,0.309,23.99,0.000900724,23.99,0.013836,23.99,0.0204756,23.99,0.198421,23.99,0.00520982
25.99,0.18317,25.99,0.016074,25.99,0.492577,25.99,0.142595,25.99,0.220101,25.99,0.0466602,25.99,0.0599758,25.99,0.604775,25.99,0.340474,25.99,0.855033,25.99,0.097426,25.99,0.00114788,25.99,0.0176046,25.99,0.185344,25.99,0.104437,25.99,0.261009,25.99,0.00366135,25.99,0.0795788,25.99,0.0117541,25.99,0.421032,25.99,0.0836668,25.99,0.0024802,25.99,0.0234245,25.99,0.0117582,25.99,0.125151,25.99,0.0313439,25.99,0.244943,25.99,0.214246,25.99,0.750764,25.99,0.0148833,25.99,0.00828172,25.99,0.000880979,25.99,0.178124,25.99,0.0210631,25.99,0.386397,25.99,0.0307236,25.99,0.0130706,25.99,0.238644,25.99,0.0172385,25.99,0.187183,25.99,0.0773701,25.99,0.0293593,25.99,0.670652,25.99,0.00553458,25.99,0.222372,25.99,0.0228157,25.99,0.300841,25.99,0.0065943,25.99,0.242282,25.99,0.334926,25.99,0.0710432,25.99,0.859335,25.99,0.0167333,25.99,0.062612,25.99,0.00785515,25.99,0.000740588,25.99,0.309184,25.99,0.000900669,25.99,0.013836,25.99,0.0204421,25.99,0.214246,25.99,0.00520979
27.99,0.18317,27.99,0.0165716,27.99,0.513985,27.99,0.142541,27.99,0.225647,27.99,0.0466152,27.99,0.0870054,27.99,0.662254,27.99,0.35471,27.99,0.89078,27.99,0.0974259,27.99,0.00114788,27.99,0.017601,27.99,0.187444,27.99,0.104414,27.99,0.281464,27.99,0.00366043,27.99,0.0841219,27.99,0.0117517,27.99,0.428964,27.99,0.0915426,27.99,0.00247985,27.99,0.0266756,27.99,0.0118494,27.99,0.125151,27.99,0.033137,27.99,0.255043,27.99,0.230983,27.99,0.757185,27.99,0.013021,27.99,0.00825591,27.99,0.000880933,27.99,0.178263,27.99,0.0210395,27.99,0.379694,27.99,0.0338779,27.99,0.0130706,27.99,0.238559,27.99,0.0173903,27.99,0.20202,27.99,0.0885096,27.99,0.0321444,27.99,0.670554,27.99,0.00687655,27.99,0.227975,27.99,0.0227438,27.99,0.300937,27.99,0.00659428,27.99,0.242335,27.99,0.334371,27.99,0.0765443,27.99,0.895274,27.99,0.0167317,27.99,0.0661717,27.99,0.00785345,27.99,0.000739757,27.99,0.309322,27.99,0.000900634,27.99,0.013836,27.99,0.0204156,27.99,0.230983,27.99,0.00520976
# x axis: Inactivation: Test potential (mV); y axis: Inactivation: Normalised peak I_{CaL} current open probability (dimensionless),,,,,,,,,,,,,,,,,,,,,,,,,,,,,,,,,,,,,,,,,,,,,,,,,,,,,,,,,,,,,,,,,,,,,,,,,,,,,,,,,,,,,,,,,,,,,,,,# x axis: Inactivation: Test potential (mV); y axis: Inactivation: Normalised peak I_{CaL} current open probability (dimensionless),,,,# x axis: Inactivation: Test potential (mV); y axis: Inactivation: Normalised peak I_{CaL} current open probability (dimensionless),,,,# x axis: Inactivation: Test potential (mV); y axis: Inactivation: Normalised peak I_{CaL} current open probability (dimensionless),,,,,,,,,,,,,,,,,,# x axis: Inactivation: Test potential (mV); y axis: Inactivation: Normalised peak I_{CaL} current open probability (dimensionless),
