Time between pulses (ms),Aslanidi 2009 atrial,Time between pulses (ms),Aslanidi 2009 Purkinje,Time between pulses (ms),beeler_1977_feb,Time between pulses (ms),Bernus 2002,Time between pulses (ms),Bondarenko 2004 apical,Time between pulses (ms),Cabo 2003,Time between pulses (ms),Corrias_2011,Time between pulses (ms),cortassa 2006,Time between pulses (ms),Courtemanche 1998,Time between pulses (ms),Decker 2009,Time between pulses (ms),Demir_Clark_1999,Time between pulses (ms),DiFrancesco Noble 1985,Time between pulses (ms),Dokos_1996,Time between pulses (ms),Faber_2007,Time between pulses (ms),Fox_2002,Time between pulses (ms),Grandi 2010 epi,Time between pulses (ms),Hilgemann_noble_1987,Time between pulses (ms),Hinch_2004,Time between pulses (ms),Hund_feb_2004,Time between pulses (ms),Inada_2009,Time between pulses (ms),Iyer 2004,Time between pulses (ms),Jafri_1998,Time between pulses (ms),Kurata_2002,Time between pulses (ms),Li 2010,Time between pulses (ms),Li 2011,Time between pulses (ms),Lindblad_1996,Time between pulses (ms),Livshitz_2007,Time between pulses (ms),LOvell_2004,Time between pulses (ms),Luo Rudy 1994,Time between pulses (ms),Mahajan 2008,Time between pulses (ms),Matsuoka 2003,Time between pulses (ms),McAlliater_1975,Time between pulses (ms),Noble 1991,Time between pulses (ms),Noble 1998,Time between pulses (ms),Nygren_1998,Time between pulses (ms),O'Hara-Rudy 2011 (epi),Time between pulses (ms),Paci_atrial,Time between pulses (ms),Pandit_2001,Time between pulses (ms),Priebe 1998,Time between pulses (ms),Ramirez_2000,Time between pulses (ms),Shannon 2004,Time between pulses (ms),ten Tusscher 2004 (epi),Time between pulses (ms),ten Tusscher 2006 (epi),Time between pulses (ms),Tomek_2019,Time between pulses (ms),varela_2016_ra,Time between pulses (ms),wilders_1991,Time between pulses (ms),Winslow 1999,Time between pulses (ms),Zhang_2000,Time between pulses (ms),Bartolucci 2020,Time between pulses (ms),Pohl 2016 (ICaL),Time between pulses (ms),Trovato 2020,Time between pulses (ms),Grandi 2011,Time between pulses (ms),Heijman 2011,Time between pulses (ms),Fink_2008,Time between pulses (ms),Kernik 2019 (ICaL),Time between pulses (ms),Koivumaki 2011,Time between pulses (ms),Michailova 2005,Time between pulses (ms),Nordin 1993 (ICaL),Time between pulses (ms),Pasek 2006,Time between pulses (ms),Sato 2006 (ICaL),Time between pulses (ms),Zeng 1995 (ICaL)
10,0.99914,10,0.0134981,10,0.347854,10,0.205217,10,0.814805,10,0.161088,10,0.0201359,10,0.0350057,10,0.158326,10,0.470154,10,0.911745,10,0.96985,10,0.0275601,10,0.969978,10,0.14644,10,0.247776,10,0.969996,10,1.00015,10,0.0270159,10,0.463599,10,0.519508,10,0.0200076,10,0.20418,10,0.0519618,10,0.0282983,10,0.54627,10,0.0261683,10,0.0559209,10,0.243248,10,0.55488,10,0.0384672,10,0.120717,10,0.826386,10,0.708616,10,0.168137,10,0.840116,10,0.0280118,10,0.576522,10,0.281119,10,0.0460774,10,0.225703,10,0.193894,10,0.0487202,10,0.840115,10,0.0309969,10,0.304025,10,0.303791,10,0.856571,10,0.262307,10,0.189695,10,0.74575,10,0.210504,10,0.316127,10,0.10089,10,0.0313161,10,0.0469134,10,0.301888,10,0.791053,10,0.633093,10,0.186093,10,0.243248
20,1.00002,20,0.0205294,20,0.460827,20,0.262241,20,0.963089,20,0.255933,20,0.0360395,20,0.0503691,20,0.176836,20,0.643048,20,0.99137,20,0.999089,20,0.0368385,20,0.998569,20,0.180731,20,0.384039,20,0.999094,20,1.00001,20,0.0415214,20,0.656269,20,0.705992,20,0.035711,20,0.364991,20,0.0806673,20,0.0507702,20,0.764394,20,0.0404398,20,0.0650303,20,0.380286,20,0.698174,20,0.0703548,20,0.149657,20,0.969831,20,0.898034,20,0.290876,20,0.947507,20,0.0672497,20,0.818759,20,0.325452,20,0.0696918,20,0.366148,20,0.288602,20,0.0777848,20,0.947507,20,0.0550263,20,0.854637,20,0.31453,20,0.979255,20,0.436438,20,0.324205,20,0.857976,20,0.354618,20,0.405328,20,0.208109,20,0.0542482,20,0.135121,20,0.312674,20,0.956301,20,0.863906,20,0.320067,20,0.380286
30,1,30,0.027902,30,0.55609,30,0.315173,30,0.992643,30,0.340065,30,0.0516869,30,0.0655433,30,0.194938,30,0.759566,30,0.999156,30,0.999972,30,0.0460906,30,0.999822,30,0.2146,30,0.495761,30,0.999973,30,1,30,0.0567707,30,0.749531,30,0.82011,30,0.0511649,30,0.493307,30,0.10863,30,0.0717554,30,0.877738,30,0.0553663,30,0.0740556,30,0.492622,30,0.795985,30,0.110465,30,0.177678,30,0.994757,30,0.964318,30,0.395554,30,0.97444,30,0.112035,30,0.922433,30,0.370154,30,0.092748,30,0.481173,30,0.372188,30,0.109932,30,0.97444,30,0.0784625,30,0.987172,30,0.325197,30,0.997002,30,0.568761,30,0.436529,30,0.8905,30,0.472451,30,0.483024,30,0.319389,30,0.076652,30,0.238379,30,0.323385,30,0.990861,30,0.94952,30,0.432769,30,0.492622
40,1,40,0.0355173,40,0.635119,40,0.364307,40,0.998533,40,0.414687,40,0.0670808,40,0.0804944,40,0.212643,40,0.838058,40,0.999917,40,0.999999,40,0.0552774,40,0.999953,40,0.247444,40,0.587253,40,0.999999,40,1,40,0.072425,40,0.802819,40,0.889935,40,0.0663716,40,0.595694,40,0.13577,40,0.0919975,40,0.936557,40,0.0706947,40,0.0829971,40,0.584622,40,0.862121,40,0.154272,40,0.204784,40,0.999089,40,0.987514,40,0.484783,40,0.981284,40,0.158672,40,0.966803,40,0.413318,40,0.115241,40,0.575337,40,0.445954,40,0.144085,40,0.981284,40,0.101318,40,0.998942,40,0.335756,40,0.999567,40,0.669433,40,0.530195,40,0.900401,40,0.568775,40,0.550614,40,0.424747,40,0.0985259,40,0.341838,40,0.333983,40,0.998089,40,0.981276,40,0.527004,40,0.584622
50,1,50,0.0433266,50,0.700268,50,0.409917,50,0.999707,50,0.480873,50,0.082225,50,0.0952152,50,0.229958,50,0.890928,50,0.999992,50,1,50,0.0643872,50,0.999986,50,0.279098,50,0.662157,50,1,50,1,50,0.0883398,50,0.838508,50,0.932658,50,0.0813349,50,0.677392,50,0.162097,50,0.112075,50,0.967079,50,0.0862862,50,0.0918541,50,0.65995,50,0.906818,50,0.19851,50,0.231,50,0.999842,50,0.995631,50,0.560842,50,0.983114,50,0.204989,50,0.985792,50,0.454174,50,0.137181,50,0.652415,50,0.511054,50,0.179394,50,0.983114,50,0.123607,50,0.999913,50,0.346189,50,0.999937,50,0.746122,50,0.608294,50,0.903886,50,0.647513,50,0.609386,50,0.519523,50,0.119882,50,0.438118,50,0.344454,50,0.9996,50,0.993055,50,0.605626,50,0.65995
75,1,75,0.0633665,75,0.81682,75,0.510132,75,0.999995,75,0.615419,75,0.119019,75,0.131011,75,0.271599,75,0.959395,75,1,75,1,75,0.0868025,75,0.999999,75,0.352878,75,0.795229,75,1,75,1,75,0.128973,75,0.895881,75,0.980281,75,0.117703,75,0.81652,75,0.224478,75,0.162843,75,0.993614,75,0.126126,75,0.113629,75,0.793809,75,0.965013,75,0.300621,75,0.292828,75,0.999998,75,0.999683,75,0.705424,75,0.984054,75,0.312849,75,0.998298,75,0.545296,75,0.189686,75,0.789334,75,0.642276,75,0.268708,75,0.984054,75,0.176942,75,1,75,0.371668,75,1,75,0.867557,75,0.751366,75,0.907188,75,0.78707,75,0.72488,75,0.703499,75,0.171084,75,0.632171,75,0.370019,75,0.999992,75,0.999418,75,0.749673,75,0.793809
100,1,100,0.0837418,100,0.888068,100,0.593328,100,1,100,0.715095,100,0.154338,100,0.165401,100,0.310988,100,0.984884,100,1,100,1,100,0.108696,100,1,100,0.419313,100,0.875891,100,1,100,1,100,0.17057,100,0.931522,100,0.994226,100,0.152631,100,0.895648,100,0.282226,100,0.214329,100,0.998761,100,0.166955,100,0.134885,100,0.874979,100,0.986863,100,0.385947,100,0.349687,100,1,100,0.999977,100,0.802406,100,0.984464,100,0.40587,100,0.999796,100,0.621705,100,0.239001,100,0.872321,100,0.738281,100,0.354604,100,0.984464,100,0.227031,100,1,100,0.396251,100,1,100,0.929879,100,0.842182,100,0.909515,100,0.871374,100,0.806238,100,0.821712,100,0.219307,100,0.762842,100,0.394679,100,1,100,0.999951,100,0.841108,100,0.874979
125,1,125,0.104214,125,0.931605,125,0.662394,125,1,125,0.788937,125,0.188242,125,0.198435,125,0.348247,125,0.994373,125,1,125,1,125,0.13007,125,1,125,0.479011,125,0.92478,125,1,125,1,125,0.212719,125,0.954858,125,0.998309,125,0.186177,125,0.940651,125,0.335679,125,0.265564,125,0.99976,125,0.20837,125,0.155632,125,0.924196,125,0.995067,125,0.456884,125,0.401976,125,1,125,0.999998,125,0.867459,125,0.984848,125,0.484878,125,0.999976,125,0.685455,125,0.285315,125,0.922617,125,0.808521,125,0.433753,125,0.984848,125,0.274072,125,1,125,0.41993,125,1,125,0.962249,125,0.899826,125,0.911747,125,0.9223,125,0.86354,125,0.894075,125,0.264725,125,0.847134,125,0.418429,125,1,125,0.999996,125,0.899145,125,0.924196
150,1,150,0.124701,150,0.958208,150,0.719731,150,1,150,0.84364,150,0.220786,150,0.230163,150,0.383491,150,0.997905,150,1,150,1,150,0.150936,150,1,150,0.532612,150,0.954411,150,1,150,1,150,0.254874,150,0.970235,150,0.999505,150,0.218394,150,0.966246,150,0.385152,150,0.315667,150,0.999953,150,0.249837,150,0.175884,150,0.954038,150,0.998148,150,0.517154,150,0.450061,150,1,150,1,150,0.911095,150,0.985222,150,0.552189,150,0.999997,150,0.738543,150,0.328812,150,0.953101,150,0.85991,150,0.504869,150,0.985222,150,0.318251,150,1,150,0.442718,150,1,150,0.979302,150,0.936416,150,0.913923,150,0.953064,150,0.903898,150,0.937387,150,0.307501,150,0.900939,150,0.441283,150,1,150,1,150,0.935984,150,0.954038
175,1,175,0.14519,175,0.974464,175,0.76733,175,1,175,0.884166,175,0.252025,175,0.260636,175,0.41683,175,0.99922,175,1,175,1,175,0.171303,175,1,175,0.58072,175,0.97237,175,1,175,1,175,0.296502,175,0.980375,175,0.999855,175,0.249337,175,0.980803,175,0.430944,175,0.364003,175,0.999991,175,0.290833,175,0.195649,175,0.972132,175,0.999305,175,0.569443,175,0.49428,175,1,175,1,175,0.940365,175,0.985587,175,0.609944,175,1,175,0.78271,175,0.369662,175,0.971576,175,0.897507,175,0.567793,175,0.985587,175,0.35974,175,1,175,0.464636,175,1,175,0.988431,175,0.959641,175,0.916045,175,0.971647,175,0.93232,175,0.963045,175,0.347788,175,0.93537,175,0.463264,175,1,175,1,175,0.959367,175,0.972132
200,1,200,0.165676,200,0.984396,200,0.806845,200,1,200,0.914188,200,0.282012,200,0.289904,200,0.448366,200,0.99971,200,1,200,1,200,0.191183,200,1,200,0.623889,200,0.983254,200,1,200,1,200,0.337161,200,0.987061,200,0.999957,200,0.279054,200,0.989082,200,0.473325,200,0.410152,200,0.999998,200,0.330923,200,0.214942,200,0.983103,200,0.999739,200,0.615446,200,0.534944,200,1,200,1,200,0.959999,200,0.985943,200,0.659815,200,1,200,0.819438,200,0.408026,200,0.982773,200,0.925014,200,0.622953,200,0.985943,200,0.398705,200,1,200,0.485712,200,1,200,0.993406,200,0.974383,200,0.918115,200,0.982873,200,0.952337,200,0.97818,200,0.385732,200,0.957563,200,0.484398,200,1,200,1,200,0.974208,200,0.983103
225,1,225,0.186155,225,0.990466,225,0.839649,225,1,225,0.936429,225,0.310797,225,0.318013,225,0.478196,225,0.999892,225,1,225,1,225,0.210587,225,1,225,0.662621,225,0.989851,225,1,225,1,225,0.376516,225,0.99147,225,0.999987,225,0.307595,225,0.99379,225,0.51255,225,0.453848,225,1,225,0.369776,225,0.233772,225,0.989755,225,0.999902,225,0.656248,225,0.572338,225,1,225,1,225,0.973168,225,0.98629,225,0.703076,225,1,225,0.849971,225,0.444055,225,0.989559,225,0.945139,225,0.671042,225,0.98629,225,0.435298,225,1,225,0.505972,225,1,225,0.996169,225,0.98374,225,0.920134,225,0.989654,225,0.966434,225,0.9871,225,0.421468,225,0.971985,225,0.504714,225,1,225,1,225,0.983629,225,0.989755
250,1,250,0.20661,250,0.994174,250,0.866882,250,1,250,0.952905,250,0.338428,250,0.345011,250,0.506413,250,0.99996,250,1,250,1,250,0.229525,250,1,250,0.697369,250,0.993849,250,1,250,1,250,0.414335,250,0.994377,250,0.999996,250,0.335006,250,0.996468,250,0.548854,250,0.494953,250,1,250,0.407161,250,0.25215,250,0.993788,250,0.999963,250,0.692593,250,0.606726,250,1,250,1,250,0.982002,250,0.986628,250,0.740715,250,1,250,0.875347,250,0.477892,250,0.993672,250,0.959862,250,0.712845,250,0.986628,250,0.469665,250,1,250,0.525444,250,1,250,0.997734,250,0.989679,250,0.922103,250,0.99375,250,0.976361,250,0.99236,250,0.455125,250,0.981427,250,0.524238,250,1,250,1,250,0.989609,250,0.993788
275,1,275,0.227015,275,0.99644,275,0.88949,275,1,275,0.965111,275,0.364951,275,0.370939,275,0.533105,275,0.999985,275,1,275,1,275,0.24801,275,1,275,0.728541,275,0.996272,275,1,275,1,275,0.450461,275,0.996293,275,0.999999,275,0.361332,275,0.997991,275,0.582455,275,0.533425,275,1,275,0.442922,275,0.270088,275,0.996234,275,0.999986,275,0.725041,275,0.638348,275,1,275,1,275,0.987927,275,0.986958,275,0.773522,275,1,275,0.896435,275,0.509669,275,0.996165,275,0.970635,275,0.749138,275,0.986958,275,0.50194,275,1,275,0.544156,275,1,275,0.998638,275,0.993449,275,0.924024,275,0.996225,275,0.983353,275,0.995467,275,0.486824,275,0.987648,275,0.543001,275,1,275,1,275,0.993404,275,0.996234
300,1,300,0.247337,300,0.997825,300,0.908258,300,1,300,0.974154,300,0.390411,300,0.395842,300,0.558353,300,0.999994,300,1,300,1,300,0.266052,300,1,300,0.756505,300,0.997741,300,1,300,1,300,0.484804,300,0.997556,300,1,300,0.386616,300,0.998858,300,0.613553,300,0.569276,300,1,300,0.476966,300,0.287596,300,0.997716,300,0.999995,300,0.75404,300,0.667428,300,1,300,1,300,0.991902,300,0.98728,300,0.802148,300,1,300,0.913959,300,0.539512,300,0.997676,300,0.978516,300,0.780644,300,0.98728,300,0.532251,300,1,300,0.562137,300,1,300,0.999169,300,0.995842,300,0.925897,300,0.997719,300,0.988276,300,0.997305,300,0.516679,300,0.991765,300,0.56103,300,1,300,1,300,0.995814,300,0.997716
325,1,325,0.267534,325,0.998671,325,0.923839,325,1,325,0.980853,325,0.41485,325,0.419759,325,0.582236,325,0.999998,325,1,325,1,325,0.283661,325,1,325,0.78159,325,0.998631,325,1,325,1,325,0.517337,325,0.998389,325,1,325,0.410898,325,0.99935,325,0.642335,325,0.602574,325,1,325,0.509255,325,0.304684,325,0.998615,325,0.999998,325,0.779969,325,0.694169,325,1,325,1,325,0.994568,325,0.987594,325,0.827141,325,1,325,0.928519,325,0.567539,325,0.998591,325,0.984282,325,0.80801,325,0.987594,325,0.560717,325,1,325,0.579414,325,1,325,0.999487,325,0.997361,325,0.927725,325,0.998622,325,0.991744,325,0.998395,325,0.544797,325,0.9945,325,0.578353,325,1,325,1,325,0.997343,325,0.998615
350,1,350,0.287568,350,0.999188,350,0.936773,350,1,350,0.985815,350,0.438309,350,0.442729,350,0.604827,350,0.999999,350,1,350,1,350,0.300848,350,1,350,0.804091,350,0.99917,350,1,350,1,350,0.548045,350,0.998938,350,1,350,0.43422,350,0.99963,350,0.668974,350,0.633418,350,1,350,0.539783,350,0.321362,350,0.99916,350,0.999999,350,0.803162,350,0.71876,350,1,350,1,350,0.996356,350,0.987901,350,0.84897,350,1,350,0.940616,350,0.59386,350,0.999146,350,0.9885,350,0.831805,350,0.987901,350,0.587451,350,1,350,0.596014,350,1,350,0.99968,350,0.998325,350,0.929507,350,0.999168,350,0.994186,350,0.999042,350,0.571279,350,0.996322,350,0.594996,350,1,350,1,350,0.998313,350,0.99916
375,1,375,0.307399,375,0.999504,375,0.947511,375,1,375,0.989492,375,0.460828,375,0.46479,375,0.626196,375,1,375,1,375,1,375,0.317623,375,1,375,0.824275,375,0.999497,375,1,375,1,375,0.576967,375,0.9993,375,1,375,0.456618,375,0.99979,375,0.693628,375,0.661925,375,1,375,0.568576,375,0.33764,375,0.999491,375,1,375,0.823909,375,0.741374,375,1,375,1,375,0.997556,375,0.988199,375,0.868039,375,1,375,0.950667,375,0.618579,375,0.999483,375,0.991586,375,0.852519,375,0.988199,375,0.612558,375,1,375,0.611961,375,1,375,0.999799,375,0.998937,375,0.931245,375,0.999497,375,0.995905,375,0.999428,375,0.59622,375,0.997539,375,0.610985,375,1,375,1,375,0.998929,375,0.999491
400,1,400,0.32699,400,0.999697,400,0.956426,400,1,400,0.992215,400,0.482444,400,0.485977,400,0.64641,400,1,400,1,400,1,400,0.333995,400,1,400,0.84238,400,0.999695,400,1,400,1,400,0.604147,400,0.999538,400,1,400,0.47813,400,0.99988,400,0.716447,400,0.688232,400,1,400,0.595671,400,0.353527,400,0.999691,400,1,400,0.842468,400,0.76217,400,1,400,1,400,0.998361,400,0.988491,400,0.884699,400,1,400,0.959017,400,0.641794,400,0.999686,400,0.993844,400,0.870576,400,0.988491,400,0.636136,400,1,400,0.627282,400,1,400,0.999873,400,0.999325,400,0.93294,400,0.999696,400,0.997116,400,0.999658,400,0.619711,400,0.998352,400,0.626345,400,1,400,1,400,0.99932,400,0.999691
425,1,425,0.346311,425,0.999815,425,0.963826,425,1,425,0.994233,425,0.503193,425,0.506326,425,0.665531,425,1,425,1,425,1,425,0.349975,425,1,425,0.858621,425,0.999815,425,1,425,1,425,0.629646,425,0.999696,425,1,425,0.49879,425,0.999932,425,0.737565,425,0.712468,425,1,425,0.621131,425,0.369034,425,0.999813,425,1,425,0.85907,425,0.781294,425,1,425,1,425,0.9989,425,0.988775,425,0.899255,425,1,425,0.965954,425,0.663596,425,0.99981,425,0.995496,425,0.886338,425,0.988775,425,0.65828,425,1,425,0.641999,425,1,425,0.999919,425,0.999572,425,0.934594,425,0.999817,425,0.997969,425,0.999795,425,0.641835,425,0.998896,425,0.641101,425,1,425,1,425,0.999569,425,0.999813
450,1,450,0.365327,450,0.999887,450,0.96997,450,1,450,0.995728,450,0.52311,450,0.52587,450,0.683618,450,1,450,1,450,1,450,0.365571,450,1,450,0.873188,450,0.999888,450,1,450,1,450,0.653537,450,0.999799,450,1,450,0.518632,450,0.999961,450,0.757111,450,0.734778,450,1,450,0.645022,450,0.384169,450,0.999887,450,1,450,0.873923,450,0.798879,450,1,450,1,450,0.999262,450,0.989052,450,0.911973,450,1,450,0.971717,450,0.68407,450,0.999885,450,0.996705,450,0.900114,450,0.989052,450,0.679077,450,1,450,0.656138,450,1,450,0.999948,450,0.999728,450,0.936208,450,0.999889,450,0.99857,450,0.999877,450,0.662671,450,0.99926,450,0.655276,450,1,450,1,450,0.999726,450,0.999887
475,1,475,0.384015,475,0.999931,475,0.97507,475,1,475,0.996835,475,0.542229,475,0.544639,475,0.700727,475,1,475,1,475,1,475,0.380793,475,1,475,0.886254,475,0.999932,475,1,475,1,475,0.675897,475,0.999868,475,1,475,0.537688,475,0.999978,475,0.775201,475,0.755305,475,1,475,0.667417,475,0.39894,475,0.999931,475,1,475,0.88721,475,0.815051,475,1,475,1,475,0.999505,475,0.989322,475,0.923085,475,1,475,0.976505,475,0.703299,475,0.99993,475,0.997589,475,0.91217,475,0.989322,475,0.698607,475,1,475,0.66972,475,1,475,0.999967,475,0.999827,475,0.937781,475,0.999933,475,0.998993,475,0.999926,475,0.682296,475,0.999504,475,0.668893,475,1,475,1,475,0.999826,475,0.999931
500,1,500,0.402356,500,0.999958,500,0.979304,500,1,500,0.997655,500,0.560582,500,0.562666,500,0.716911,500,1,500,1,500,1,500,0.395651,500,1,500,0.897975,500,0.999959,500,1,500,1,500,0.696807,500,0.999913,500,1,500,0.55599,500,0.999988,500,0.791944,500,0.774175,500,1,500,0.688393,500,0.413358,500,0.999958,500,1,500,0.899097,500,0.829923,500,1,500,1,500,0.999668,500,0.989586,500,0.932794,500,1,500,0.980482,500,0.721357,500,0.999958,500,0.998236,500,0.922732,500,0.989586,500,0.716949,500,1,500,0.682767,500,1,500,0.999979,500,0.99989,500,0.939316,500,0.99996,500,0.999291,500,0.999956,500,0.700779,500,0.999667,500,0.681973,500,1,500,1,500,0.99989,500,0.999958
525,1,525,0.420324,525,0.999974,525,0.982819,525,1,525,0.998263,525,0.578199,525,0.579979,525,0.732219,525,1,525,1,525,1,525,0.410151,525,1,525,0.908487,525,0.999975,525,1,525,1,525,0.71635,525,0.999943,525,1,525,0.573568,525,0.999993,525,0.80744,525,0.791518,525,1,525,0.708015,525,0.42743,525,0.999975,525,1,525,0.90973,525,0.843598,525,1,525,1,525,0.999777,525,0.989843,525,0.941278,525,1,525,0.983786,525,0.738317,525,0.999974,525,0.99871,525,0.931994,525,0.989843,525,0.734175,525,1,525,0.695299,525,1,525,0.999986,525,0.99993,525,0.940812,525,0.999976,525,0.9995,525,0.999973,525,0.718187,525,0.999777,525,0.694537,525,1,525,1,525,0.99993,525,0.999975
550,1,550,0.437911,550,0.999984,550,0.985737,550,1,550,0.998713,550,0.595109,550,0.596607,550,0.7467,550,1,550,1,550,1,550,0.424304,550,1,550,0.917917,550,0.999985,550,1,550,1,550,0.734606,550,0.999962,550,1,550,0.590449,550,0.999996,550,0.821781,550,0.807457,550,1,550,0.726392,550,0.441164,550,0.999985,550,1,550,0.919244,550,0.856174,550,1,550,1,550,0.999851,550,0.990094,550,0.948691,550,1,550,0.986531,550,0.754244,550,0.999984,550,0.999056,550,0.940123,550,0.990094,550,0.750353,550,1,550,0.707337,550,1,550,0.999991,550,0.999956,550,0.942272,550,0.999985,550,0.999648,550,0.999984,550,0.734582,550,0.99985,550,0.706606,550,1,550,1,550,0.999956,550,0.999985
575,1,575,0.455101,575,0.99999,575,0.988159,575,1,575,0.999047,575,0.611341,575,0.612576,575,0.760398,575,1,575,1,575,1,575,0.438117,575,1,575,0.926375,575,0.999991,575,1,575,1,575,0.751653,575,0.999975,575,1,575,0.606663,575,0.999998,575,0.835055,575,0.822101,575,1,575,0.743571,575,0.454569,575,0.999991,575,1,575,0.927754,575,0.867739,575,1,575,1,575,0.9999,575,0.990339,575,0.955168,575,1,575,0.988811,575,0.769201,575,0.999991,575,0.999309,575,0.947263,575,0.990339,575,0.765546,575,1,575,0.718901,575,1,575,0.999994,575,0.999972,575,0.943696,575,0.999991,575,0.999752,575,0.99999,575,0.750023,575,0.9999,575,0.718199,575,1,575,1,575,0.999972,575,0.999991
600,1,600,0.47189,600,0.999994,600,0.99017,600,1,600,0.999294,600,0.626923,600,0.627914,600,0.773354,600,1,600,1,600,1,600,0.451599,600,1,600,0.933962,600,0.999994,600,1,600,1,600,0.767569,600,0.999984,600,1,600,0.622234,600,0.999999,600,0.847339,600,0.83556,600,1,600,0.759635,600,0.467652,600,0.999994,600,1,600,0.935368,600,0.878374,600,1,600,1,600,0.999933,600,0.990577,600,0.960827,600,1,600,0.990705,600,0.783248,600,0.999994,600,0.999495,600,0.953539,600,0.990577,600,0.779814,600,1,600,0.730008,600,1,600,0.999996,600,0.999982,600,0.945085,600,0.999995,600,0.999826,600,0.999994,600,0.764566,600,0.999933,600,0.729334,600,1,600,1,600,0.999982,600,0.999994
625,1,625,0.488266,625,0.999996,625,0.991839,625,1,625,0.999477,625,0.64188,625,0.642644,625,0.785611,625,1,625,1,625,1,625,0.464758,625,1,625,0.940767,625,0.999997,625,1,625,1,625,0.782426,625,0.999989,625,1,625,0.637189,625,0.999999,625,0.858709,625,0.847932,625,1,625,0.774654,625,0.480422,625,0.999997,625,1,625,0.942179,625,0.888154,625,1,625,1,625,0.999955,625,0.99081,625,0.965772,625,1,625,0.992279,625,0.796441,625,0.999997,625,0.99963,625,0.959059,625,0.99081,625,0.793214,625,1,625,0.740677,625,1,625,0.999998,625,0.999989,625,0.94644,625,0.999997,625,0.999877,625,0.999996,625,0.778262,625,0.999955,625,0.74003,625,1,625,1,625,0.999989,625,0.999997
650,1,650,0.504226,650,0.999998,650,0.993225,650,1,650,0.999612,650,0.656238,650,0.656791,650,0.797204,650,1,650,1,650,1,650,0.477601,650,1,650,0.94687,650,0.999998,650,1,650,1,650,0.796297,650,0.999993,650,1,650,0.651552,650,1,650,0.869232,650,0.859308,650,1,650,0.788697,650,0.492885,650,0.999998,650,1,650,0.948273,650,0.897147,650,1,650,1,650,0.99997,650,0.991037,650,0.970093,650,1,650,0.993586,650,0.80883,650,0.999998,650,0.99973,650,0.963916,650,0.991037,650,0.805799,650,1,650,0.750925,650,1,650,0.999998,650,0.999993,650,0.947761,650,0.999998,650,0.999913,650,0.999998,650,0.791162,650,0.99997,650,0.750304,650,1,650,1,650,0.999993,650,0.999998
675,1,675,0.51977,675,0.999999,675,0.994376,675,1,675,0.999713,675,0.670019,675,0.670378,675,0.808171,675,1,675,1,675,1,675,0.490135,675,1,675,0.952345,675,0.999999,675,1,675,1,675,0.809247,675,0.999995,675,1,675,0.665347,675,1,675,0.878972,675,0.869771,675,1,675,0.801827,675,0.50505,675,0.999999,675,1,675,0.953724,675,0.905417,675,1,675,1,675,0.99998,675,0.991258,675,0.973868,675,1,675,0.994672,675,0.820465,675,0.999999,675,0.999802,675,0.968192,675,0.991258,675,0.817617,675,1,675,0.760768,675,1,675,0.999999,675,0.999995,675,0.94905,675,0.999999,675,0.999939,675,0.999999,675,0.803312,675,0.99998,675,0.760173,675,1,675,1,675,0.999995,675,0.999999
700,1,700,0.534897,700,0.999999,700,0.995331,700,1,700,0.999787,700,0.683249,700,0.683427,700,0.818544,700,1,700,1,700,1,700,0.502369,700,1,700,0.957256,700,0.999999,700,1,700,1,700,0.821336,700,0.999997,700,1,700,0.678595,700,1,700,0.887986,700,0.879397,700,1,700,0.814103,700,0.516922,700,0.999999,700,1,700,0.958601,700,0.913023,700,1,700,1,700,0.999986,700,0.991474,700,0.977167,700,1,700,0.995574,700,0.831393,700,0.999999,700,0.999855,700,0.971957,700,0.991474,700,0.828717,700,1,700,0.770223,700,1,700,0.999999,700,0.999997,700,0.950307,700,0.999999,700,0.999957,700,0.999999,700,0.814754,700,0.999986,700,0.769651,700,1,700,1,700,0.999997,700,0.999999
725,1,725,0.549608,725,0.999999,725,0.996124,725,1,725,0.999842,725,0.695947,725,0.695959,725,0.828357,725,1,725,1,725,1,725,0.51431,725,1,725,0.96166,725,1,725,1,725,1,725,0.832619,725,0.999998,725,1,725,0.691319,725,1,725,0.896329,725,0.888262,725,1,725,0.825584,725,0.52851,725,1,725,1,725,0.962964,725,0.920016,725,1,725,1,725,0.999991,725,0.991684,725,0.980049,725,1,725,0.996323,725,0.841655,725,1,725,0.999894,725,0.975273,725,0.991684,725,0.839141,725,1,725,0.779305,725,1,725,1,725,0.999998,725,0.951533,725,1,725,0.99997,725,1,725,0.825531,725,0.999991,725,0.778756,725,1,725,1,725,0.999998,725,1
750,1,750,0.563905,750,1,750,0.996782,750,1,750,0.999883,750,0.708137,750,0.707996,750,0.837639,750,1,750,1,750,1,750,0.525964,750,1,750,0.965611,750,1,750,1,750,1,750,0.843164,750,0.999999,750,1,750,0.703539,750,1,750,0.90405,750,0.896425,750,1,750,0.836323,750,0.53982,750,1,750,1,750,0.966867,750,0.926448,750,1,750,1,750,0.999994,750,0.99189,750,0.982568,750,1,750,0.996946,750,0.851292,750,1,750,0.999923,750,0.978195,750,0.99189,750,0.84893,750,1,750,0.788027,750,1,750,1,750,0.999999,750,0.952728,750,1,750,0.999979,750,1,750,0.835681,750,0.999994,750,0.7875,750,1,750,1,750,0.999999,750,1
775,1,775,0.577794,775,1,775,0.997329,775,1,775,0.999914,775,0.719838,775,0.719556,775,0.846418,775,1,775,1,775,1,775,0.537338,775,1,775,0.969155,775,1,775,1,775,1,775,0.853008,775,0.999999,775,1,775,0.715275,775,1,775,0.911196,775,0.903948,775,1,775,0.846369,775,0.550859,775,1,775,1,775,0.970359,775,0.932362,775,1,775,1,775,0.999996,775,0.99209,775,0.984768,775,1,775,0.997463,775,0.860343,775,1,775,0.999943,775,0.980771,775,0.99209,775,0.858124,775,1,775,0.796406,775,1,775,1,775,0.999999,775,0.953894,775,1,775,0.999985,775,1,775,0.845241,775,0.999996,775,0.7959,775,1,775,1,775,0.999999,775,1
800,1,800,0.591278,800,1,800,0.997782,800,1,800,0.999936,800,0.73107,800,0.730658,800,0.854724,800,1,800,1,800,1,800,0.54844,800,1,800,0.972333,800,1,800,1,800,1,800,0.862207,800,0.999999,800,1,800,0.726547,800,1,800,0.91781,800,0.910883,800,1,800,0.855771,800,0.561633,800,1,800,1,800,0.973482,800,0.937801,800,1,800,1,800,0.999997,800,0.992285,800,0.986691,800,1,800,0.997892,800,0.868843,800,1,800,0.999959,800,0.98304,800,0.992285,800,0.866758,800,1,800,0.804453,800,1,800,1,800,1,800,0.955032,800,1,800,0.999989,800,1,800,0.854244,800,0.999997,800,0.803967,800,1,800,1,800,1,800,1
825,1,825,0.604362,825,1,825,0.998159,825,1,825,0.999953,825,0.741852,825,0.74132,825,0.86258,825,1,825,1,825,1,825,0.559275,825,1,825,0.975184,825,1,825,1,825,1,825,0.8708,825,1,825,1,825,0.737373,825,1,825,0.923932,825,0.917281,825,1,825,0.86457,825,0.572148,825,1,825,1,825,0.976277,825,0.942802,825,1,825,1,825,0.999998,825,0.992476,825,0.988371,825,1,825,0.998249,825,0.876826,825,1,825,0.99997,825,0.985042,825,0.992476,825,0.874867,825,1,825,0.812183,825,1,825,1,825,1,825,0.956141,825,1,825,0.999993,825,1,825,0.862724,825,0.999998,825,0.811716,825,1,825,1,825,1,825,1
850,1,850,0.617048,850,1,850,0.998472,850,1,850,0.999965,850,0.752201,850,0.751561,850,0.870011,850,1,850,1,850,1,850,0.56985,850,1,850,0.977742,850,1,850,1,850,1,850,0.878841,850,1,850,1,850,0.74777,850,1,850,0.929597,850,0.923189,850,1,850,0.872808,850,0.582412,850,1,850,1,850,0.978777,850,0.947401,850,1,850,1,850,0.999999,850,0.992661,850,0.989839,850,1,850,0.998546,850,0.884323,850,1,850,0.999978,850,0.986806,850,0.992661,850,0.882482,850,1,850,0.819607,850,1,850,1,850,1,850,0.957223,850,1,850,0.999995,850,1,850,0.87071,850,0.999999,850,0.819159,850,1,850,1,850,1,850,1
875,1,875,0.629353,875,1,875,0.998731,875,1,875,0.999974,875,0.762136,875,0.761396,875,0.87704,875,1,875,1,875,1,875,0.580172,875,1,875,0.980035,875,1,875,1,875,1,875,0.886357,875,1,875,1,875,0.757755,875,1,875,0.934841,875,0.928647,875,1,875,0.880523,875,0.592429,875,1,875,1,875,0.981013,875,0.951631,875,1,875,1,875,0.999999,875,0.992843,875,0.991122,875,1,875,0.998792,875,0.891363,875,1,875,0.999984,875,0.988362,875,0.992843,875,0.889634,875,1,875,0.826738,875,1,875,1,875,1,875,0.958279,875,1,875,0.999996,875,1,875,0.878232,875,0.999999,875,0.826308,875,1,875,1,875,1,875,1
900,1,900,0.641279,900,1,900,0.998947,900,1,900,0.999981,900,0.771672,900,0.770842,900,0.88369,900,1,900,1,900,1,900,0.590246,900,1,900,0.982093,900,1,900,1,900,1,900,0.893387,900,1,900,1,900,0.767345,900,1,900,0.939694,900,0.933692,900,1,900,0.887749,900,0.602206,900,1,900,1,900,0.983014,900,0.95552,900,1,900,1,900,0.999999,900,0.993019,900,0.992242,900,1,900,0.998996,900,0.897975,900,1,900,0.999988,900,0.989734,900,0.993019,900,0.896351,900,1,900,0.833587,900,1,900,1,900,1,900,0.959308,900,1,900,0.999997,900,1,900,0.885316,900,0.999999,900,0.833174,900,1,900,1,900,1,900,1
925,1,925,0.652833,925,1,925,0.999126,925,1,925,0.999986,925,0.780826,925,0.779914,925,0.889979,925,1,925,1,925,1,925,0.600078,925,1,925,0.983938,925,1,925,1,925,1,925,0.89996,925,1,925,1,925,0.776555,925,1,925,0.944186,925,0.938351,925,1,925,0.89452,925,0.611748,925,1,925,1,925,0.984804,925,0.959096,925,1,925,1,925,1,925,0.993192,925,0.993222,925,1,925,0.999166,925,0.904185,925,1,925,0.999991,925,0.990944,925,0.993192,925,0.902659,925,1,925,0.840166,925,1,925,1,925,1,925,0.960313,925,1,925,0.999998,925,1,925,0.891988,925,1,925,0.839769,925,1,925,1,925,1,925,1
950,1,950,0.664025,950,1,950,0.999274,950,1,950,0.999989,950,0.789613,950,0.788627,950,0.895929,950,1,950,1,950,1,950,0.609674,950,1,950,0.985593,950,1,950,1,950,1,950,0.906118,950,1,950,1,950,0.785401,950,1,950,0.948343,950,0.942662,950,1,950,0.900868,950,0.621062,950,1,950,1,950,0.986405,950,0.962385,950,1,950,1,950,1,950,0.99336,950,0.994077,950,1,950,0.999307,950,0.910017,950,1,950,0.999994,950,0.992011,950,0.99336,950,0.908583,950,1,950,0.846484,950,1,950,1,950,1,950,0.961292,950,1,950,0.999999,950,1,950,0.898271,950,1,950,0.846103,950,1,950,1,950,1,950,1
975,1,975,0.674864,975,1,975,0.999397,975,1,975,0.999992,975,0.798047,975,0.796995,975,0.901557,975,1,975,1,975,1,975,0.61904,975,1,975,0.987078,975,1,975,1,975,1,975,0.91188,975,1,975,1,975,0.793897,975,1,975,0.95219,975,0.946653,975,1,975,0.906817,975,0.630152,975,1,975,1,975,0.987838,975,0.96541,975,1,975,1,975,1,975,0.993524,975,0.994825,975,1,975,0.999425,975,0.915493,975,1,975,0.999995,975,0.992952,975,0.993524,975,0.914146,975,1,975,0.852553,975,1,975,1,975,1,975,0.962247,975,1,975,0.999999,975,1,975,0.90419,975,1,975,0.852187,975,1,975,1,975,1,975,1
1000,1,1000,0.685357,1000,1,1000,0.9995,1000,1,1000,0.999994,1000,0.806144,1000,0.805031,1000,0.90688,1000,1,1000,1,1000,1,1000,0.628182,1000,1,1000,0.988409,1000,1,1000,1,1000,1,1000,0.917273,1000,1,1000,1,1000,0.802056,1000,1,1000,0.955751,1000,0.950351,1000,1,1000,0.912396,1000,0.639024,1000,1,1000,1,1000,0.989119,1000,0.968191,1000,1,1000,1,1000,1,1000,0.993684,1000,0.995478,1000,1,1000,0.999522,1000,0.920637,1000,1,1000,0.999997,1000,0.993783,1000,0.993684,1000,0.919371,1000,1,1000,0.858382,1000,1,1000,1,1000,1,1000,0.963179,1000,1,1000,0.999999,1000,1,1000,0.909764,1000,1,1000,0.858031,1000,1,1000,1,1000,1,1000,1
# x axis: Time between pulses (ms); y axis: Recovery: Normalised I_{CaL} current (dimensionless),,,,,,,,,,,,,,,,,,,,,,,,,,,,,,,,,,,,,,,,,,,,,,,,,,,,,,,,,,,,,,,,,,,,,,,,,,,,,,,,,,,,,,,,,,,,,,,,,,,,,,# x axis: Time between pulses (ms); y axis: Recovery: Normalised I_{CaL} current (dimensionless),,,,# x axis: Time between pulses (ms); y axis: Recovery: Normalised I_{CaL} current (dimensionless),,,,,,,,,,,,,,,
