time (ms),grandi (cai),time (ms),grandi (cass),time (ms),grandi (cad)
-10,9.21E-02,-10,1.16E-01,-10,1.95E-01
-9,9.21E-02,-9,1.16E-01,-9,1.95E-01
-8,9.21E-02,-8,1.16E-01,-8,1.95E-01
-7,9.21E-02,-7,1.16E-01,-7,1.95E-01
-6,9.21E-02,-6,1.16E-01,-6,1.95E-01
-5,9.21E-02,-5,1.16E-01,-5,1.95E-01
-4,9.21E-02,-4,1.16E-01,-4,1.95E-01
-3,9.21E-02,-3,1.16E-01,-3,1.95E-01
-2,9.21E-02,-2,1.16E-01,-2,1.95E-01
-1,9.21E-02,-1,1.16E-01,-1,1.95E-01
0,9.21E-02,0,1.16E-01,0,1.95E-01
1,9.21E-02,1,1.16E-01,1,1.97E-01
2,9.21E-02,2,1.16E-01,2,1.99E-01
3,9.21E-02,3,1.17E-01,3,2.03E-01
4,9.22E-02,4,1.25E-01,4,5.29E-01
5,9.26E-02,5,1.37E-01,5,9.73E-01
6,9.31E-02,6,1.54E-01,6,1.69E+00
7,9.38E-02,7,1.76E-01,7,2.57E+00
8,9.46E-02,8,2.02E-01,8,3.48E+00
9,9.56E-02,9,2.30E-01,9,4.33E+00
10,9.66E-02,10,2.59E-01,10,5.13E+00
11,9.77E-02,11,2.90E-01,11,5.93E+00
12,9.89E-02,12,3.23E-01,12,6.80E+00
13,1.00E-01,13,3.61E-01,13,7.83E+00
14,1.02E-01,14,4.04E-01,14,9.12E+00
15,1.04E-01,15,4.58E-01,15,1.08E+01
16,1.06E-01,16,5.28E-01,16,1.32E+01
17,1.09E-01,17,6.24E-01,17,1.67E+01
18,1.14E-01,18,7.66E-01,18,2.23E+01
19,1.21E-01,19,9.93E-01,19,3.16E+01
20,1.32E-01,20,1.39E+00,20,4.80E+01
21,1.53E-01,21,2.08E+00,21,7.41E+01
22,1.85E-01,22,3.11E+00,22,9.89E+01
23,2.23E-01,23,4.23E+00,23,1.03E+02
24,2.61E-01,24,5.20E+00,24,9.05E+01
25,2.96E-01,25,5.97E+00,25,7.50E+01
26,3.27E-01,26,6.54E+00,26,6.22E+01
27,3.53E-01,27,6.93E+00,27,5.25E+01
28,3.75E-01,28,7.16E+00,28,4.54E+01
29,3.93E-01,29,7.27E+00,29,4.01E+01
30,4.08E-01,30,7.27E+00,30,3.61E+01
31,4.20E-01,31,7.20E+00,31,3.29E+01
32,4.29E-01,32,7.08E+00,32,3.04E+01
33,4.36E-01,33,6.92E+00,33,2.83E+01
34,4.42E-01,34,6.75E+00,34,2.66E+01
35,4.47E-01,35,6.57E+00,35,2.52E+01
36,4.51E-01,36,6.38E+00,36,2.39E+01
37,4.54E-01,37,6.19E+00,37,2.28E+01
38,4.56E-01,38,6.00E+00,38,2.18E+01
39,4.58E-01,39,5.82E+00,39,2.09E+01
40,4.60E-01,40,5.65E+00,40,2.01E+01
41,4.61E-01,41,5.48E+00,41,1.93E+01
42,4.62E-01,42,5.32E+00,42,1.86E+01
43,4.63E-01,43,5.16E+00,43,1.80E+01
44,4.64E-01,44,5.01E+00,44,1.74E+01
45,4.64E-01,45,4.87E+00,45,1.68E+01
46,4.64E-01,46,4.73E+00,46,1.63E+01
47,4.64E-01,47,4.60E+00,47,1.58E+01
48,4.64E-01,48,4.48E+00,48,1.53E+01
49,4.64E-01,49,4.36E+00,49,1.48E+01
50,4.64E-01,50,4.25E+00,50,1.44E+01
51,4.64E-01,51,4.14E+00,51,1.40E+01
52,4.63E-01,52,4.03E+00,52,1.36E+01
53,4.63E-01,53,3.93E+00,53,1.32E+01
54,4.62E-01,54,3.83E+00,54,1.28E+01
55,4.61E-01,55,3.74E+00,55,1.24E+01
56,4.61E-01,56,3.65E+00,56,1.21E+01
57,4.60E-01,57,3.56E+00,57,1.18E+01
58,4.59E-01,58,3.48E+00,58,1.14E+01
59,4.58E-01,59,3.39E+00,59,1.11E+01
60,4.57E-01,60,3.32E+00,60,1.08E+01
61,4.56E-01,61,3.24E+00,61,1.05E+01
62,4.55E-01,62,3.17E+00,62,1.02E+01
63,4.54E-01,63,3.10E+00,63,9.97E+00
64,4.52E-01,64,3.03E+00,64,9.71E+00
65,4.51E-01,65,2.96E+00,65,9.45E+00
66,4.50E-01,66,2.90E+00,66,9.20E+00
67,4.49E-01,67,2.84E+00,67,8.96E+00
68,4.47E-01,68,2.78E+00,68,8.73E+00
69,4.46E-01,69,2.72E+00,69,8.50E+00
70,4.44E-01,70,2.66E+00,70,8.28E+00
71,4.43E-01,71,2.61E+00,71,8.07E+00
72,4.41E-01,72,2.55E+00,72,7.87E+00
73,4.40E-01,73,2.50E+00,73,7.67E+00
74,4.38E-01,74,2.45E+00,74,7.47E+00
75,4.37E-01,75,2.40E+00,75,7.29E+00
76,4.35E-01,76,2.36E+00,76,7.10E+00
77,4.33E-01,77,2.31E+00,77,6.93E+00
78,4.32E-01,78,2.27E+00,78,6.76E+00
79,4.30E-01,79,2.22E+00,79,6.59E+00
80,4.28E-01,80,2.18E+00,80,6.43E+00
81,4.27E-01,81,2.14E+00,81,6.27E+00
82,4.25E-01,82,2.10E+00,82,6.12E+00
83,4.23E-01,83,2.06E+00,83,5.98E+00
84,4.22E-01,84,2.02E+00,84,5.83E+00
85,4.20E-01,85,1.99E+00,85,5.69E+00
86,4.18E-01,86,1.95E+00,86,5.56E+00
87,4.16E-01,87,1.92E+00,87,5.43E+00
88,4.14E-01,88,1.88E+00,88,5.30E+00
89,4.13E-01,89,1.85E+00,89,5.18E+00
90,4.11E-01,90,1.82E+00,90,5.06E+00
91,4.09E-01,91,1.79E+00,91,4.94E+00
92,4.07E-01,92,1.76E+00,92,4.83E+00
93,4.05E-01,93,1.73E+00,93,4.72E+00
94,4.04E-01,94,1.70E+00,94,4.62E+00
95,4.02E-01,95,1.67E+00,95,4.51E+00
96,4.00E-01,96,1.64E+00,96,4.41E+00
97,3.98E-01,97,1.62E+00,97,4.32E+00
98,3.96E-01,98,1.59E+00,98,4.22E+00
99,3.94E-01,99,1.56E+00,99,4.13E+00
100,3.93E-01,100,1.54E+00,100,4.04E+00
101,3.91E-01,101,1.52E+00,101,3.96E+00
102,3.89E-01,102,1.49E+00,102,3.87E+00
103,3.87E-01,103,1.47E+00,103,3.79E+00
104,3.85E-01,104,1.45E+00,104,3.71E+00
105,3.83E-01,105,1.43E+00,105,3.63E+00
106,3.82E-01,106,1.40E+00,106,3.56E+00
107,3.80E-01,107,1.38E+00,107,3.49E+00
108,3.78E-01,108,1.36E+00,108,3.42E+00
109,3.76E-01,109,1.34E+00,109,3.35E+00
110,3.74E-01,110,1.32E+00,110,3.28E+00
111,3.73E-01,111,1.31E+00,111,3.22E+00
112,3.71E-01,112,1.29E+00,112,3.15E+00
113,3.69E-01,113,1.27E+00,113,3.09E+00
114,3.67E-01,114,1.25E+00,114,3.03E+00
115,3.65E-01,115,1.23E+00,115,2.98E+00
116,3.64E-01,116,1.22E+00,116,2.92E+00
117,3.62E-01,117,1.20E+00,117,2.87E+00
118,3.60E-01,118,1.19E+00,118,2.81E+00
119,3.58E-01,119,1.17E+00,119,2.76E+00
120,3.57E-01,120,1.15E+00,120,2.71E+00
121,3.55E-01,121,1.14E+00,121,2.66E+00
122,3.53E-01,122,1.13E+00,122,2.62E+00
123,3.51E-01,123,1.11E+00,123,2.57E+00
124,3.50E-01,124,1.10E+00,124,2.53E+00
125,3.48E-01,125,1.08E+00,125,2.48E+00
126,3.46E-01,126,1.07E+00,126,2.44E+00
127,3.45E-01,127,1.06E+00,127,2.40E+00
128,3.43E-01,128,1.04E+00,128,2.36E+00
129,3.41E-01,129,1.03E+00,129,2.32E+00
130,3.40E-01,130,1.02E+00,130,2.28E+00
131,3.38E-01,131,1.01E+00,131,2.24E+00
132,3.36E-01,132,9.96E-01,132,2.21E+00
133,3.35E-01,133,9.84E-01,133,2.17E+00
134,3.33E-01,134,9.73E-01,134,2.14E+00
135,3.31E-01,135,9.62E-01,135,2.10E+00
136,3.30E-01,136,9.51E-01,136,2.07E+00
137,3.28E-01,137,9.41E-01,137,2.04E+00
138,3.27E-01,138,9.30E-01,138,2.01E+00
139,3.25E-01,139,9.20E-01,139,1.98E+00
140,3.23E-01,140,9.10E-01,140,1.95E+00
141,3.22E-01,141,9.00E-01,141,1.92E+00
142,3.20E-01,142,8.91E-01,142,1.89E+00
143,3.19E-01,143,8.81E-01,143,1.86E+00
144,3.17E-01,144,8.72E-01,144,1.83E+00
145,3.16E-01,145,8.63E-01,145,1.80E+00
146,3.14E-01,146,8.54E-01,146,1.78E+00
147,3.13E-01,147,8.45E-01,147,1.75E+00
148,3.11E-01,148,8.37E-01,148,1.73E+00
149,3.10E-01,149,8.28E-01,149,1.70E+00
150,3.08E-01,150,8.20E-01,150,1.68E+00
151,3.07E-01,151,8.11E-01,151,1.65E+00
152,3.05E-01,152,8.03E-01,152,1.63E+00
153,3.04E-01,153,7.95E-01,153,1.60E+00
154,3.02E-01,154,7.87E-01,154,1.58E+00
155,3.01E-01,155,7.80E-01,155,1.56E+00
156,3.00E-01,156,7.72E-01,156,1.53E+00
157,2.98E-01,157,7.64E-01,157,1.51E+00
158,2.97E-01,158,7.57E-01,158,1.49E+00
159,2.95E-01,159,7.50E-01,159,1.46E+00
160,2.94E-01,160,7.42E-01,160,1.44E+00
161,2.93E-01,161,7.35E-01,161,1.42E+00
162,2.91E-01,162,7.28E-01,162,1.40E+00
163,2.90E-01,163,7.21E-01,163,1.38E+00
164,2.88E-01,164,7.14E-01,164,1.36E+00
165,2.87E-01,165,7.07E-01,165,1.33E+00
166,2.86E-01,166,7.00E-01,166,1.31E+00
167,2.84E-01,167,6.94E-01,167,1.29E+00
168,2.83E-01,168,6.87E-01,168,1.27E+00
169,2.82E-01,169,6.81E-01,169,1.25E+00
170,2.80E-01,170,6.74E-01,170,1.23E+00
171,2.79E-01,171,6.68E-01,171,1.21E+00
172,2.78E-01,172,6.61E-01,172,1.19E+00
173,2.76E-01,173,6.55E-01,173,1.17E+00
174,2.75E-01,174,6.49E-01,174,1.15E+00
175,2.74E-01,175,6.42E-01,175,1.13E+00
176,2.73E-01,176,6.36E-01,176,1.11E+00
177,2.71E-01,177,6.30E-01,177,1.09E+00
178,2.70E-01,178,6.24E-01,178,1.07E+00
179,2.69E-01,179,6.18E-01,179,1.05E+00
180,2.67E-01,180,6.12E-01,180,1.03E+00
181,2.66E-01,181,6.06E-01,181,1.01E+00
182,2.65E-01,182,6.00E-01,182,9.96E-01
183,2.64E-01,183,5.94E-01,183,9.78E-01
184,2.63E-01,184,5.89E-01,184,9.60E-01
185,2.61E-01,185,5.83E-01,185,9.43E-01
186,2.60E-01,186,5.77E-01,186,9.26E-01
187,2.59E-01,187,5.72E-01,187,9.10E-01
188,2.58E-01,188,5.66E-01,188,8.94E-01
189,2.57E-01,189,5.61E-01,189,8.78E-01
190,2.55E-01,190,5.55E-01,190,8.62E-01
191,2.54E-01,191,5.50E-01,191,8.47E-01
192,2.53E-01,192,5.45E-01,192,8.33E-01
193,2.52E-01,193,5.40E-01,193,8.19E-01
194,2.51E-01,194,5.35E-01,194,8.05E-01
195,2.50E-01,195,5.30E-01,195,7.91E-01
196,2.48E-01,196,5.25E-01,196,7.78E-01
197,2.47E-01,197,5.20E-01,197,7.65E-01
198,2.46E-01,198,5.15E-01,198,7.53E-01
199,2.45E-01,199,5.10E-01,199,7.41E-01
200,2.44E-01,200,5.05E-01,200,7.29E-01
201,2.43E-01,201,5.00E-01,201,7.17E-01
202,2.42E-01,202,4.96E-01,202,7.06E-01
203,2.41E-01,203,4.91E-01,203,6.95E-01
204,2.40E-01,204,4.87E-01,204,6.84E-01
205,2.38E-01,205,4.82E-01,205,6.73E-01
206,2.37E-01,206,4.78E-01,206,6.63E-01
207,2.36E-01,207,4.73E-01,207,6.53E-01
208,2.35E-01,208,4.69E-01,208,6.43E-01
209,2.34E-01,209,4.65E-01,209,6.33E-01
210,2.33E-01,210,4.61E-01,210,6.24E-01
211,2.32E-01,211,4.56E-01,211,6.14E-01
212,2.31E-01,212,4.52E-01,212,6.05E-01
213,2.30E-01,213,4.48E-01,213,5.96E-01
214,2.29E-01,214,4.44E-01,214,5.87E-01
215,2.28E-01,215,4.40E-01,215,5.79E-01
216,2.27E-01,216,4.36E-01,216,5.70E-01
217,2.26E-01,217,4.32E-01,217,5.62E-01
218,2.25E-01,218,4.29E-01,218,5.54E-01
219,2.24E-01,219,4.25E-01,219,5.46E-01
220,2.23E-01,220,4.21E-01,220,5.38E-01
221,2.22E-01,221,4.17E-01,221,5.31E-01
222,2.21E-01,222,4.14E-01,222,5.23E-01
223,2.20E-01,223,4.10E-01,223,5.16E-01
224,2.20E-01,224,4.06E-01,224,5.09E-01
225,2.19E-01,225,4.03E-01,225,5.02E-01
226,2.18E-01,226,3.99E-01,226,4.95E-01
227,2.17E-01,227,3.96E-01,227,4.89E-01
228,2.16E-01,228,3.92E-01,228,4.83E-01
229,2.15E-01,229,3.89E-01,229,4.76E-01
230,2.14E-01,230,3.86E-01,230,4.70E-01
231,2.13E-01,231,3.82E-01,231,4.64E-01
232,2.12E-01,232,3.79E-01,232,4.58E-01
233,2.11E-01,233,3.76E-01,233,4.53E-01
234,2.10E-01,234,3.72E-01,234,4.47E-01
235,2.10E-01,235,3.69E-01,235,4.42E-01
236,2.09E-01,236,3.66E-01,236,4.37E-01
237,2.08E-01,237,3.63E-01,237,4.31E-01
238,2.07E-01,238,3.60E-01,238,4.26E-01
239,2.06E-01,239,3.57E-01,239,4.21E-01
240,2.05E-01,240,3.54E-01,240,4.17E-01
241,2.05E-01,241,3.51E-01,241,4.12E-01
242,2.04E-01,242,3.48E-01,242,4.07E-01
243,2.03E-01,243,3.45E-01,243,4.03E-01
244,2.02E-01,244,3.42E-01,244,3.98E-01
245,2.01E-01,245,3.39E-01,245,3.94E-01
246,2.00E-01,246,3.36E-01,246,3.90E-01
247,2.00E-01,247,3.33E-01,247,3.86E-01
248,1.99E-01,248,3.31E-01,248,3.82E-01
249,1.98E-01,249,3.28E-01,249,3.78E-01
250,1.97E-01,250,3.25E-01,250,3.74E-01
251,1.97E-01,251,3.23E-01,251,3.71E-01
252,1.96E-01,252,3.20E-01,252,3.67E-01
253,1.95E-01,253,3.17E-01,253,3.64E-01
254,1.94E-01,254,3.15E-01,254,3.60E-01
255,1.94E-01,255,3.13E-01,255,3.57E-01
256,1.93E-01,256,3.10E-01,256,3.54E-01
257,1.92E-01,257,3.08E-01,257,3.51E-01
258,1.91E-01,258,3.05E-01,258,3.48E-01
259,1.91E-01,259,3.03E-01,259,3.46E-01
260,1.90E-01,260,3.01E-01,260,3.43E-01
261,1.89E-01,261,2.99E-01,261,3.41E-01
262,1.89E-01,262,2.97E-01,262,3.38E-01
263,1.88E-01,263,2.95E-01,263,3.36E-01
264,1.87E-01,264,2.93E-01,264,3.34E-01
265,1.86E-01,265,2.91E-01,265,3.32E-01
266,1.86E-01,266,2.89E-01,266,3.30E-01
267,1.85E-01,267,2.87E-01,267,3.28E-01
268,1.84E-01,268,2.85E-01,268,3.26E-01
269,1.84E-01,269,2.83E-01,269,3.24E-01
270,1.83E-01,270,2.81E-01,270,3.22E-01
271,1.82E-01,271,2.80E-01,271,3.20E-01
272,1.82E-01,272,2.78E-01,272,3.19E-01
273,1.81E-01,273,2.76E-01,273,3.17E-01
274,1.81E-01,274,2.75E-01,274,3.15E-01
275,1.80E-01,275,2.73E-01,275,3.14E-01
276,1.79E-01,276,2.72E-01,276,3.12E-01
277,1.79E-01,277,2.70E-01,277,3.11E-01
278,1.78E-01,278,2.68E-01,278,3.09E-01
279,1.77E-01,279,2.67E-01,279,3.08E-01
280,1.77E-01,280,2.65E-01,280,3.07E-01
281,1.76E-01,281,2.64E-01,281,3.05E-01
282,1.76E-01,282,2.63E-01,282,3.04E-01
283,1.75E-01,283,2.61E-01,283,3.03E-01
284,1.75E-01,284,2.60E-01,284,3.01E-01
285,1.74E-01,285,2.58E-01,285,3.00E-01
286,1.73E-01,286,2.57E-01,286,2.99E-01
287,1.73E-01,287,2.56E-01,287,2.98E-01
288,1.72E-01,288,2.54E-01,288,2.97E-01
289,1.72E-01,289,2.53E-01,289,2.95E-01
290,1.71E-01,290,2.52E-01,290,2.94E-01
291,1.71E-01,291,2.51E-01,291,2.93E-01
292,1.70E-01,292,2.49E-01,292,2.92E-01
293,1.70E-01,293,2.48E-01,293,2.91E-01
294,1.69E-01,294,2.47E-01,294,2.90E-01
295,1.68E-01,295,2.46E-01,295,2.89E-01
296,1.68E-01,296,2.45E-01,296,2.88E-01
297,1.67E-01,297,2.43E-01,297,2.87E-01
298,1.67E-01,298,2.42E-01,298,2.86E-01
299,1.66E-01,299,2.41E-01,299,2.85E-01
300,1.66E-01,300,2.40E-01,300,2.84E-01
301,1.65E-01,301,2.39E-01,301,2.83E-01
302,1.65E-01,302,2.38E-01,302,2.82E-01
303,1.64E-01,303,2.37E-01,303,2.81E-01
304,1.64E-01,304,2.36E-01,304,2.81E-01
305,1.63E-01,305,2.35E-01,305,2.80E-01
306,1.63E-01,306,2.34E-01,306,2.79E-01
307,1.62E-01,307,2.33E-01,307,2.78E-01
308,1.62E-01,308,2.32E-01,308,2.77E-01
309,1.61E-01,309,2.31E-01,309,2.76E-01
310,1.61E-01,310,2.30E-01,310,2.76E-01
311,1.61E-01,311,2.29E-01,311,2.75E-01
312,1.60E-01,312,2.28E-01,312,2.74E-01
313,1.60E-01,313,2.27E-01,313,2.73E-01
314,1.59E-01,314,2.26E-01,314,2.72E-01
315,1.59E-01,315,2.25E-01,315,2.72E-01
316,1.58E-01,316,2.24E-01,316,2.71E-01
317,1.58E-01,317,2.23E-01,317,2.70E-01
318,1.57E-01,318,2.22E-01,318,2.70E-01
319,1.57E-01,319,2.21E-01,319,2.69E-01
320,1.56E-01,320,2.21E-01,320,2.68E-01
321,1.56E-01,321,2.20E-01,321,2.68E-01
322,1.56E-01,322,2.19E-01,322,2.67E-01
323,1.55E-01,323,2.18E-01,323,2.66E-01
324,1.55E-01,324,2.17E-01,324,2.66E-01
325,1.54E-01,325,2.16E-01,325,2.65E-01
326,1.54E-01,326,2.16E-01,326,2.64E-01
327,1.54E-01,327,2.15E-01,327,2.64E-01
328,1.53E-01,328,2.14E-01,328,2.63E-01
329,1.53E-01,329,2.13E-01,329,2.62E-01
330,1.52E-01,330,2.13E-01,330,2.62E-01
331,1.52E-01,331,2.12E-01,331,2.61E-01
332,1.52E-01,332,2.11E-01,332,2.61E-01
333,1.51E-01,333,2.10E-01,333,2.60E-01
334,1.51E-01,334,2.10E-01,334,2.60E-01
335,1.50E-01,335,2.09E-01,335,2.59E-01
336,1.50E-01,336,2.08E-01,336,2.58E-01
337,1.50E-01,337,2.07E-01,337,2.58E-01
338,1.49E-01,338,2.07E-01,338,2.57E-01
339,1.49E-01,339,2.06E-01,339,2.57E-01
340,1.48E-01,340,2.05E-01,340,2.56E-01
341,1.48E-01,341,2.05E-01,341,2.56E-01
342,1.48E-01,342,2.04E-01,342,2.55E-01
343,1.47E-01,343,2.03E-01,343,2.55E-01
344,1.47E-01,344,2.03E-01,344,2.54E-01
345,1.47E-01,345,2.02E-01,345,2.54E-01
346,1.46E-01,346,2.01E-01,346,2.53E-01
347,1.46E-01,347,2.01E-01,347,2.53E-01
348,1.46E-01,348,2.00E-01,348,2.52E-01
349,1.45E-01,349,1.99E-01,349,2.52E-01
350,1.45E-01,350,1.99E-01,350,2.51E-01
351,1.45E-01,351,1.98E-01,351,2.51E-01
352,1.44E-01,352,1.98E-01,352,2.51E-01
353,1.44E-01,353,1.97E-01,353,2.50E-01
354,1.43E-01,354,1.96E-01,354,2.50E-01
355,1.43E-01,355,1.96E-01,355,2.49E-01
356,1.43E-01,356,1.95E-01,356,2.49E-01
357,1.42E-01,357,1.95E-01,357,2.48E-01
358,1.42E-01,358,1.94E-01,358,2.48E-01
359,1.42E-01,359,1.94E-01,359,2.48E-01
360,1.42E-01,360,1.93E-01,360,2.47E-01
361,1.41E-01,361,1.92E-01,361,2.47E-01
362,1.41E-01,362,1.92E-01,362,2.46E-01
363,1.41E-01,363,1.91E-01,363,2.46E-01
364,1.40E-01,364,1.91E-01,364,2.46E-01
365,1.40E-01,365,1.90E-01,365,2.45E-01
366,1.40E-01,366,1.90E-01,366,2.45E-01
367,1.39E-01,367,1.89E-01,367,2.44E-01
368,1.39E-01,368,1.89E-01,368,2.44E-01
369,1.39E-01,369,1.88E-01,369,2.44E-01
370,1.38E-01,370,1.88E-01,370,2.43E-01
371,1.38E-01,371,1.87E-01,371,2.43E-01
372,1.38E-01,372,1.87E-01,372,2.43E-01
373,1.38E-01,373,1.86E-01,373,2.42E-01
374,1.37E-01,374,1.86E-01,374,2.42E-01
375,1.37E-01,375,1.85E-01,375,2.41E-01
376,1.37E-01,376,1.85E-01,376,2.41E-01
377,1.36E-01,377,1.84E-01,377,2.41E-01
378,1.36E-01,378,1.84E-01,378,2.40E-01
379,1.36E-01,379,1.83E-01,379,2.40E-01
380,1.36E-01,380,1.83E-01,380,2.40E-01
381,1.35E-01,381,1.82E-01,381,2.39E-01
382,1.35E-01,382,1.82E-01,382,2.39E-01
383,1.35E-01,383,1.81E-01,383,2.39E-01
384,1.34E-01,384,1.81E-01,384,2.38E-01
385,1.34E-01,385,1.81E-01,385,2.38E-01
386,1.34E-01,386,1.80E-01,386,2.38E-01
387,1.34E-01,387,1.80E-01,387,2.37E-01
388,1.33E-01,388,1.79E-01,388,2.37E-01
389,1.33E-01,389,1.79E-01,389,2.37E-01
390,1.33E-01,390,1.78E-01,390,2.37E-01
391,1.33E-01,391,1.78E-01,391,2.36E-01
392,1.32E-01,392,1.78E-01,392,2.36E-01
393,1.32E-01,393,1.77E-01,393,2.36E-01
394,1.32E-01,394,1.77E-01,394,2.35E-01
395,1.32E-01,395,1.76E-01,395,2.35E-01
396,1.31E-01,396,1.76E-01,396,2.35E-01
397,1.31E-01,397,1.75E-01,397,2.35E-01
398,1.31E-01,398,1.75E-01,398,2.34E-01
399,1.31E-01,399,1.75E-01,399,2.34E-01
400,1.30E-01,400,1.74E-01,400,2.34E-01
401,1.30E-01,401,1.74E-01,401,2.33E-01
402,1.30E-01,402,1.74E-01,402,2.33E-01
403,1.30E-01,403,1.73E-01,403,2.33E-01
404,1.29E-01,404,1.73E-01,404,2.33E-01
405,1.29E-01,405,1.72E-01,405,2.32E-01
406,1.29E-01,406,1.72E-01,406,2.32E-01
407,1.29E-01,407,1.72E-01,407,2.32E-01
408,1.28E-01,408,1.71E-01,408,2.32E-01
409,1.28E-01,409,1.71E-01,409,2.31E-01
410,1.28E-01,410,1.71E-01,410,2.31E-01
411,1.28E-01,411,1.70E-01,411,2.31E-01
412,1.28E-01,412,1.70E-01,412,2.31E-01
413,1.27E-01,413,1.70E-01,413,2.30E-01
414,1.27E-01,414,1.69E-01,414,2.30E-01
415,1.27E-01,415,1.69E-01,415,2.30E-01
416,1.27E-01,416,1.68E-01,416,2.30E-01
417,1.26E-01,417,1.68E-01,417,2.29E-01
418,1.26E-01,418,1.68E-01,418,2.29E-01
419,1.26E-01,419,1.67E-01,419,2.29E-01
420,1.26E-01,420,1.67E-01,420,2.29E-01
421,1.26E-01,421,1.67E-01,421,2.28E-01
422,1.25E-01,422,1.66E-01,422,2.28E-01
423,1.25E-01,423,1.66E-01,423,2.28E-01
424,1.25E-01,424,1.66E-01,424,2.28E-01
425,1.25E-01,425,1.65E-01,425,2.28E-01
426,1.25E-01,426,1.65E-01,426,2.27E-01
427,1.24E-01,427,1.65E-01,427,2.27E-01
428,1.24E-01,428,1.65E-01,428,2.27E-01
429,1.24E-01,429,1.64E-01,429,2.27E-01
430,1.24E-01,430,1.64E-01,430,2.26E-01
431,1.24E-01,431,1.64E-01,431,2.26E-01
432,1.23E-01,432,1.63E-01,432,2.26E-01
433,1.23E-01,433,1.63E-01,433,2.26E-01
434,1.23E-01,434,1.63E-01,434,2.26E-01
435,1.23E-01,435,1.62E-01,435,2.25E-01
436,1.23E-01,436,1.62E-01,436,2.25E-01
437,1.22E-01,437,1.62E-01,437,2.25E-01
438,1.22E-01,438,1.62E-01,438,2.25E-01
439,1.22E-01,439,1.61E-01,439,2.25E-01
440,1.22E-01,440,1.61E-01,440,2.24E-01
441,1.22E-01,441,1.61E-01,441,2.24E-01
442,1.21E-01,442,1.60E-01,442,2.24E-01
443,1.21E-01,443,1.60E-01,443,2.24E-01
444,1.21E-01,444,1.60E-01,444,2.24E-01
445,1.21E-01,445,1.60E-01,445,2.24E-01
446,1.21E-01,446,1.59E-01,446,2.23E-01
447,1.21E-01,447,1.59E-01,447,2.23E-01
448,1.20E-01,448,1.59E-01,448,2.23E-01
449,1.20E-01,449,1.58E-01,449,2.23E-01
450,1.20E-01,450,1.58E-01,450,2.23E-01
451,1.20E-01,451,1.58E-01,451,2.22E-01
452,1.20E-01,452,1.58E-01,452,2.22E-01
453,1.19E-01,453,1.57E-01,453,2.22E-01
454,1.19E-01,454,1.57E-01,454,2.22E-01
455,1.19E-01,455,1.57E-01,455,2.22E-01
456,1.19E-01,456,1.57E-01,456,2.22E-01
457,1.19E-01,457,1.56E-01,457,2.21E-01
458,1.19E-01,458,1.56E-01,458,2.21E-01
459,1.18E-01,459,1.56E-01,459,2.21E-01
460,1.18E-01,460,1.56E-01,460,2.21E-01
461,1.18E-01,461,1.55E-01,461,2.21E-01
462,1.18E-01,462,1.55E-01,462,2.21E-01
463,1.18E-01,463,1.55E-01,463,2.20E-01
464,1.18E-01,464,1.55E-01,464,2.20E-01
465,1.18E-01,465,1.54E-01,465,2.20E-01
466,1.17E-01,466,1.54E-01,466,2.20E-01
467,1.17E-01,467,1.54E-01,467,2.20E-01
468,1.17E-01,468,1.54E-01,468,2.20E-01
469,1.17E-01,469,1.53E-01,469,2.19E-01
470,1.17E-01,470,1.53E-01,470,2.19E-01
471,1.17E-01,471,1.53E-01,471,2.19E-01
472,1.16E-01,472,1.53E-01,472,2.19E-01
473,1.16E-01,473,1.53E-01,473,2.19E-01
474,1.16E-01,474,1.52E-01,474,2.19E-01
475,1.16E-01,475,1.52E-01,475,2.19E-01
476,1.16E-01,476,1.52E-01,476,2.18E-01
477,1.16E-01,477,1.52E-01,477,2.18E-01
478,1.16E-01,478,1.51E-01,478,2.18E-01
479,1.15E-01,479,1.51E-01,479,2.18E-01
480,1.15E-01,480,1.51E-01,480,2.18E-01
481,1.15E-01,481,1.51E-01,481,2.18E-01
482,1.15E-01,482,1.51E-01,482,2.17E-01
483,1.15E-01,483,1.50E-01,483,2.17E-01
484,1.15E-01,484,1.50E-01,484,2.17E-01
485,1.15E-01,485,1.50E-01,485,2.17E-01
486,1.14E-01,486,1.50E-01,486,2.17E-01
487,1.14E-01,487,1.50E-01,487,2.17E-01
488,1.14E-01,488,1.49E-01,488,2.17E-01
489,1.14E-01,489,1.49E-01,489,2.17E-01
490,1.14E-01,490,1.49E-01,490,2.16E-01
491,1.14E-01,491,1.49E-01,491,2.16E-01
492,1.14E-01,492,1.49E-01,492,2.16E-01
493,1.13E-01,493,1.48E-01,493,2.16E-01
494,1.13E-01,494,1.48E-01,494,2.16E-01
495,1.13E-01,495,1.48E-01,495,2.16E-01
496,1.13E-01,496,1.48E-01,496,2.16E-01
497,1.13E-01,497,1.48E-01,497,2.15E-01
498,1.13E-01,498,1.47E-01,498,2.15E-01
499,1.13E-01,499,1.47E-01,499,2.15E-01
500,1.13E-01,500,1.47E-01,500,2.15E-01
501,1.12E-01,501,1.47E-01,501,2.15E-01
502,1.12E-01,502,1.47E-01,502,2.15E-01
503,1.12E-01,503,1.46E-01,503,2.15E-01
504,1.12E-01,504,1.46E-01,504,2.15E-01
505,1.12E-01,505,1.46E-01,505,2.14E-01
506,1.12E-01,506,1.46E-01,506,2.14E-01
507,1.12E-01,507,1.46E-01,507,2.14E-01
508,1.12E-01,508,1.46E-01,508,2.14E-01
509,1.11E-01,509,1.45E-01,509,2.14E-01
510,1.11E-01,510,1.45E-01,510,2.14E-01
511,1.11E-01,511,1.45E-01,511,2.14E-01
512,1.11E-01,512,1.45E-01,512,2.14E-01
513,1.11E-01,513,1.45E-01,513,2.14E-01
514,1.11E-01,514,1.44E-01,514,2.13E-01
515,1.11E-01,515,1.44E-01,515,2.13E-01
516,1.11E-01,516,1.44E-01,516,2.13E-01
517,1.11E-01,517,1.44E-01,517,2.13E-01
518,1.10E-01,518,1.44E-01,518,2.13E-01
519,1.10E-01,519,1.44E-01,519,2.13E-01
520,1.10E-01,520,1.43E-01,520,2.13E-01
521,1.10E-01,521,1.43E-01,521,2.13E-01
522,1.10E-01,522,1.43E-01,522,2.13E-01
523,1.10E-01,523,1.43E-01,523,2.12E-01
524,1.10E-01,524,1.43E-01,524,2.12E-01
525,1.10E-01,525,1.43E-01,525,2.12E-01
526,1.10E-01,526,1.43E-01,526,2.12E-01
527,1.09E-01,527,1.42E-01,527,2.12E-01
528,1.09E-01,528,1.42E-01,528,2.12E-01
529,1.09E-01,529,1.42E-01,529,2.12E-01
530,1.09E-01,530,1.42E-01,530,2.12E-01
531,1.09E-01,531,1.42E-01,531,2.12E-01
532,1.09E-01,532,1.42E-01,532,2.12E-01
533,1.09E-01,533,1.41E-01,533,2.11E-01
534,1.09E-01,534,1.41E-01,534,2.11E-01
535,1.09E-01,535,1.41E-01,535,2.11E-01
536,1.08E-01,536,1.41E-01,536,2.11E-01
537,1.08E-01,537,1.41E-01,537,2.11E-01
538,1.08E-01,538,1.41E-01,538,2.11E-01
539,1.08E-01,539,1.41E-01,539,2.11E-01
540,1.08E-01,540,1.40E-01,540,2.11E-01
541,1.08E-01,541,1.40E-01,541,2.11E-01
542,1.08E-01,542,1.40E-01,542,2.11E-01
543,1.08E-01,543,1.40E-01,543,2.10E-01
544,1.08E-01,544,1.40E-01,544,2.10E-01
545,1.08E-01,545,1.40E-01,545,2.10E-01
546,1.07E-01,546,1.40E-01,546,2.10E-01
547,1.07E-01,547,1.39E-01,547,2.10E-01
548,1.07E-01,548,1.39E-01,548,2.10E-01
549,1.07E-01,549,1.39E-01,549,2.10E-01
550,1.07E-01,550,1.39E-01,550,2.10E-01
551,1.07E-01,551,1.39E-01,551,2.10E-01
552,1.07E-01,552,1.39E-01,552,2.10E-01
553,1.07E-01,553,1.39E-01,553,2.10E-01
554,1.07E-01,554,1.38E-01,554,2.09E-01
555,1.07E-01,555,1.38E-01,555,2.09E-01
556,1.07E-01,556,1.38E-01,556,2.09E-01
557,1.06E-01,557,1.38E-01,557,2.09E-01
558,1.06E-01,558,1.38E-01,558,2.09E-01
559,1.06E-01,559,1.38E-01,559,2.09E-01
560,1.06E-01,560,1.38E-01,560,2.09E-01
561,1.06E-01,561,1.37E-01,561,2.09E-01
562,1.06E-01,562,1.37E-01,562,2.09E-01
563,1.06E-01,563,1.37E-01,563,2.09E-01
564,1.06E-01,564,1.37E-01,564,2.09E-01
565,1.06E-01,565,1.37E-01,565,2.09E-01
566,1.06E-01,566,1.37E-01,566,2.08E-01
567,1.06E-01,567,1.37E-01,567,2.08E-01
568,1.06E-01,568,1.37E-01,568,2.08E-01
569,1.05E-01,569,1.36E-01,569,2.08E-01
570,1.05E-01,570,1.36E-01,570,2.08E-01
571,1.05E-01,571,1.36E-01,571,2.08E-01
572,1.05E-01,572,1.36E-01,572,2.08E-01
573,1.05E-01,573,1.36E-01,573,2.08E-01
574,1.05E-01,574,1.36E-01,574,2.08E-01
575,1.05E-01,575,1.36E-01,575,2.08E-01
576,1.05E-01,576,1.36E-01,576,2.08E-01
577,1.05E-01,577,1.36E-01,577,2.08E-01
578,1.05E-01,578,1.35E-01,578,2.07E-01
579,1.05E-01,579,1.35E-01,579,2.07E-01
580,1.05E-01,580,1.35E-01,580,2.07E-01
581,1.04E-01,581,1.35E-01,581,2.07E-01
582,1.04E-01,582,1.35E-01,582,2.07E-01
583,1.04E-01,583,1.35E-01,583,2.07E-01
584,1.04E-01,584,1.35E-01,584,2.07E-01
585,1.04E-01,585,1.35E-01,585,2.07E-01
586,1.04E-01,586,1.34E-01,586,2.07E-01
587,1.04E-01,587,1.34E-01,587,2.07E-01
588,1.04E-01,588,1.34E-01,588,2.07E-01
589,1.04E-01,589,1.34E-01,589,2.07E-01
590,1.04E-01,590,1.34E-01,590,2.07E-01
591,1.04E-01,591,1.34E-01,591,2.07E-01
592,1.04E-01,592,1.34E-01,592,2.06E-01
593,1.04E-01,593,1.34E-01,593,2.06E-01
594,1.04E-01,594,1.34E-01,594,2.06E-01
595,1.03E-01,595,1.34E-01,595,2.06E-01
596,1.03E-01,596,1.33E-01,596,2.06E-01
597,1.03E-01,597,1.33E-01,597,2.06E-01
598,1.03E-01,598,1.33E-01,598,2.06E-01
599,1.03E-01,599,1.33E-01,599,2.06E-01
600,1.03E-01,600,1.33E-01,600,2.06E-01
601,1.03E-01,601,1.33E-01,601,2.06E-01
602,1.03E-01,602,1.33E-01,602,2.06E-01
603,1.03E-01,603,1.33E-01,603,2.06E-01
604,1.03E-01,604,1.33E-01,604,2.06E-01
605,1.03E-01,605,1.32E-01,605,2.06E-01
606,1.03E-01,606,1.32E-01,606,2.06E-01
607,1.03E-01,607,1.32E-01,607,2.05E-01
608,1.03E-01,608,1.32E-01,608,2.05E-01
609,1.02E-01,609,1.32E-01,609,2.05E-01
610,1.02E-01,610,1.32E-01,610,2.05E-01
611,1.02E-01,611,1.32E-01,611,2.05E-01
612,1.02E-01,612,1.32E-01,612,2.05E-01
613,1.02E-01,613,1.32E-01,613,2.05E-01
614,1.02E-01,614,1.32E-01,614,2.05E-01
615,1.02E-01,615,1.32E-01,615,2.05E-01
616,1.02E-01,616,1.31E-01,616,2.05E-01
617,1.02E-01,617,1.31E-01,617,2.05E-01
618,1.02E-01,618,1.31E-01,618,2.05E-01
619,1.02E-01,619,1.31E-01,619,2.05E-01
620,1.02E-01,620,1.31E-01,620,2.05E-01
621,1.02E-01,621,1.31E-01,621,2.05E-01
622,1.02E-01,622,1.31E-01,622,2.05E-01
623,1.02E-01,623,1.31E-01,623,2.05E-01
624,1.02E-01,624,1.31E-01,624,2.04E-01
625,1.01E-01,625,1.31E-01,625,2.04E-01
626,1.01E-01,626,1.31E-01,626,2.04E-01
627,1.01E-01,627,1.30E-01,627,2.04E-01
628,1.01E-01,628,1.30E-01,628,2.04E-01
629,1.01E-01,629,1.30E-01,629,2.04E-01
630,1.01E-01,630,1.30E-01,630,2.04E-01
631,1.01E-01,631,1.30E-01,631,2.04E-01
632,1.01E-01,632,1.30E-01,632,2.04E-01
633,1.01E-01,633,1.30E-01,633,2.04E-01
634,1.01E-01,634,1.30E-01,634,2.04E-01
635,1.01E-01,635,1.30E-01,635,2.04E-01
636,1.01E-01,636,1.30E-01,636,2.04E-01
637,1.01E-01,637,1.30E-01,637,2.04E-01
638,1.01E-01,638,1.29E-01,638,2.04E-01
639,1.01E-01,639,1.29E-01,639,2.04E-01
640,1.01E-01,640,1.29E-01,640,2.04E-01
641,1.01E-01,641,1.29E-01,641,2.04E-01
642,1.00E-01,642,1.29E-01,642,2.03E-01
643,1.00E-01,643,1.29E-01,643,2.03E-01
644,1.00E-01,644,1.29E-01,644,2.03E-01
645,1.00E-01,645,1.29E-01,645,2.03E-01
646,1.00E-01,646,1.29E-01,646,2.03E-01
647,1.00E-01,647,1.29E-01,647,2.03E-01
648,1.00E-01,648,1.29E-01,648,2.03E-01
649,1.00E-01,649,1.29E-01,649,2.03E-01
650,1.00E-01,650,1.29E-01,650,2.03E-01
651,1.00E-01,651,1.28E-01,651,2.03E-01
652,1.00E-01,652,1.28E-01,652,2.03E-01
653,9.99E-02,653,1.28E-01,653,2.03E-01
654,9.99E-02,654,1.28E-01,654,2.03E-01
655,9.98E-02,655,1.28E-01,655,2.03E-01
656,9.98E-02,656,1.28E-01,656,2.03E-01
657,9.97E-02,657,1.28E-01,657,2.03E-01
658,9.97E-02,658,1.28E-01,658,2.03E-01
659,9.96E-02,659,1.28E-01,659,2.03E-01
660,9.96E-02,660,1.28E-01,660,2.03E-01
661,9.95E-02,661,1.28E-01,661,2.03E-01
662,9.95E-02,662,1.28E-01,662,2.02E-01
663,9.94E-02,663,1.28E-01,663,2.02E-01
664,9.94E-02,664,1.27E-01,664,2.02E-01
665,9.93E-02,665,1.27E-01,665,2.02E-01
666,9.93E-02,666,1.27E-01,666,2.02E-01
667,9.92E-02,667,1.27E-01,667,2.02E-01
668,9.92E-02,668,1.27E-01,668,2.02E-01
669,9.91E-02,669,1.27E-01,669,2.02E-01
670,9.91E-02,670,1.27E-01,670,2.02E-01
671,9.90E-02,671,1.27E-01,671,2.02E-01
672,9.90E-02,672,1.27E-01,672,2.02E-01
673,9.89E-02,673,1.27E-01,673,2.02E-01
674,9.89E-02,674,1.27E-01,674,2.02E-01
675,9.89E-02,675,1.27E-01,675,2.02E-01
676,9.88E-02,676,1.27E-01,676,2.02E-01
677,9.88E-02,677,1.27E-01,677,2.02E-01
678,9.87E-02,678,1.26E-01,678,2.02E-01
679,9.87E-02,679,1.26E-01,679,2.02E-01
680,9.86E-02,680,1.26E-01,680,2.02E-01
681,9.86E-02,681,1.26E-01,681,2.02E-01
682,9.85E-02,682,1.26E-01,682,2.02E-01
683,9.85E-02,683,1.26E-01,683,2.02E-01
684,9.85E-02,684,1.26E-01,684,2.02E-01
685,9.84E-02,685,1.26E-01,685,2.01E-01
686,9.84E-02,686,1.26E-01,686,2.01E-01
687,9.83E-02,687,1.26E-01,687,2.01E-01
688,9.83E-02,688,1.26E-01,688,2.01E-01
689,9.82E-02,689,1.26E-01,689,2.01E-01
690,9.82E-02,690,1.26E-01,690,2.01E-01
691,9.82E-02,691,1.26E-01,691,2.01E-01
692,9.81E-02,692,1.26E-01,692,2.01E-01
693,9.81E-02,693,1.26E-01,693,2.01E-01
694,9.80E-02,694,1.25E-01,694,2.01E-01
695,9.80E-02,695,1.25E-01,695,2.01E-01
696,9.80E-02,696,1.25E-01,696,2.01E-01
697,9.79E-02,697,1.25E-01,697,2.01E-01
698,9.79E-02,698,1.25E-01,698,2.01E-01
699,9.78E-02,699,1.25E-01,699,2.01E-01
700,9.78E-02,700,1.25E-01,700,2.01E-01
701,9.78E-02,701,1.25E-01,701,2.01E-01
702,9.77E-02,702,1.25E-01,702,2.01E-01
703,9.77E-02,703,1.25E-01,703,2.01E-01
704,9.76E-02,704,1.25E-01,704,2.01E-01
705,9.76E-02,705,1.25E-01,705,2.01E-01
706,9.76E-02,706,1.25E-01,706,2.01E-01
707,9.75E-02,707,1.25E-01,707,2.01E-01
708,9.75E-02,708,1.25E-01,708,2.01E-01
709,9.75E-02,709,1.25E-01,709,2.01E-01
710,9.74E-02,710,1.25E-01,710,2.01E-01
711,9.74E-02,711,1.24E-01,711,2.00E-01
712,9.73E-02,712,1.24E-01,712,2.00E-01
713,9.73E-02,713,1.24E-01,713,2.00E-01
714,9.73E-02,714,1.24E-01,714,2.00E-01
715,9.72E-02,715,1.24E-01,715,2.00E-01
716,9.72E-02,716,1.24E-01,716,2.00E-01
717,9.72E-02,717,1.24E-01,717,2.00E-01
718,9.71E-02,718,1.24E-01,718,2.00E-01
719,9.71E-02,719,1.24E-01,719,2.00E-01
720,9.71E-02,720,1.24E-01,720,2.00E-01
721,9.70E-02,721,1.24E-01,721,2.00E-01
722,9.70E-02,722,1.24E-01,722,2.00E-01
723,9.70E-02,723,1.24E-01,723,2.00E-01
724,9.69E-02,724,1.24E-01,724,2.00E-01
725,9.69E-02,725,1.24E-01,725,2.00E-01
726,9.69E-02,726,1.24E-01,726,2.00E-01
727,9.68E-02,727,1.24E-01,727,2.00E-01
728,9.68E-02,728,1.24E-01,728,2.00E-01
729,9.68E-02,729,1.24E-01,729,2.00E-01
730,9.67E-02,730,1.23E-01,730,2.00E-01
731,9.67E-02,731,1.23E-01,731,2.00E-01
732,9.67E-02,732,1.23E-01,732,2.00E-01
733,9.66E-02,733,1.23E-01,733,2.00E-01
734,9.66E-02,734,1.23E-01,734,2.00E-01
735,9.66E-02,735,1.23E-01,735,2.00E-01
736,9.65E-02,736,1.23E-01,736,2.00E-01
737,9.65E-02,737,1.23E-01,737,2.00E-01
738,9.65E-02,738,1.23E-01,738,2.00E-01
739,9.64E-02,739,1.23E-01,739,2.00E-01
740,9.64E-02,740,1.23E-01,740,2.00E-01
741,9.64E-02,741,1.23E-01,741,1.99E-01
742,9.63E-02,742,1.23E-01,742,1.99E-01
743,9.63E-02,743,1.23E-01,743,1.99E-01
744,9.63E-02,744,1.23E-01,744,1.99E-01
745,9.62E-02,745,1.23E-01,745,1.99E-01
746,9.62E-02,746,1.23E-01,746,1.99E-01
747,9.62E-02,747,1.23E-01,747,1.99E-01
748,9.62E-02,748,1.23E-01,748,1.99E-01
749,9.61E-02,749,1.23E-01,749,1.99E-01
750,9.61E-02,750,1.23E-01,750,1.99E-01
751,9.61E-02,751,1.22E-01,751,1.99E-01
752,9.60E-02,752,1.22E-01,752,1.99E-01
753,9.60E-02,753,1.22E-01,753,1.99E-01
754,9.60E-02,754,1.22E-01,754,1.99E-01
755,9.59E-02,755,1.22E-01,755,1.99E-01
756,9.59E-02,756,1.22E-01,756,1.99E-01
757,9.59E-02,757,1.22E-01,757,1.99E-01
758,9.59E-02,758,1.22E-01,758,1.99E-01
759,9.58E-02,759,1.22E-01,759,1.99E-01
760,9.58E-02,760,1.22E-01,760,1.99E-01
761,9.58E-02,761,1.22E-01,761,1.99E-01
762,9.57E-02,762,1.22E-01,762,1.99E-01
763,9.57E-02,763,1.22E-01,763,1.99E-01
764,9.57E-02,764,1.22E-01,764,1.99E-01
765,9.57E-02,765,1.22E-01,765,1.99E-01
766,9.56E-02,766,1.22E-01,766,1.99E-01
767,9.56E-02,767,1.22E-01,767,1.99E-01
768,9.56E-02,768,1.22E-01,768,1.99E-01
769,9.56E-02,769,1.22E-01,769,1.99E-01
770,9.55E-02,770,1.22E-01,770,1.99E-01
771,9.55E-02,771,1.22E-01,771,1.99E-01
772,9.55E-02,772,1.22E-01,772,1.99E-01
773,9.55E-02,773,1.22E-01,773,1.99E-01
774,9.54E-02,774,1.21E-01,774,1.99E-01
775,9.54E-02,775,1.21E-01,775,1.99E-01
776,9.54E-02,776,1.21E-01,776,1.99E-01
777,9.53E-02,777,1.21E-01,777,1.99E-01
778,9.53E-02,778,1.21E-01,778,1.98E-01
779,9.53E-02,779,1.21E-01,779,1.98E-01
780,9.53E-02,780,1.21E-01,780,1.98E-01
781,9.52E-02,781,1.21E-01,781,1.98E-01
782,9.52E-02,782,1.21E-01,782,1.98E-01
783,9.52E-02,783,1.21E-01,783,1.98E-01
784,9.52E-02,784,1.21E-01,784,1.98E-01
785,9.51E-02,785,1.21E-01,785,1.98E-01
786,9.51E-02,786,1.21E-01,786,1.98E-01
787,9.51E-02,787,1.21E-01,787,1.98E-01
788,9.51E-02,788,1.21E-01,788,1.98E-01
789,9.51E-02,789,1.21E-01,789,1.98E-01
790,9.50E-02,790,1.21E-01,790,1.98E-01
791,9.50E-02,791,1.21E-01,791,1.98E-01
792,9.50E-02,792,1.21E-01,792,1.98E-01
793,9.50E-02,793,1.21E-01,793,1.98E-01
794,9.49E-02,794,1.21E-01,794,1.98E-01
795,9.49E-02,795,1.21E-01,795,1.98E-01
796,9.49E-02,796,1.21E-01,796,1.98E-01
797,9.49E-02,797,1.21E-01,797,1.98E-01
798,9.48E-02,798,1.21E-01,798,1.98E-01
799,9.48E-02,799,1.21E-01,799,1.98E-01
800,9.48E-02,800,1.21E-01,800,1.98E-01
801,9.48E-02,801,1.20E-01,801,1.98E-01
802,9.48E-02,802,1.20E-01,802,1.98E-01
803,9.47E-02,803,1.20E-01,803,1.98E-01
804,9.47E-02,804,1.20E-01,804,1.98E-01
805,9.47E-02,805,1.20E-01,805,1.98E-01
806,9.47E-02,806,1.20E-01,806,1.98E-01
807,9.46E-02,807,1.20E-01,807,1.98E-01
808,9.46E-02,808,1.20E-01,808,1.98E-01
809,9.46E-02,809,1.20E-01,809,1.98E-01
810,9.46E-02,810,1.20E-01,810,1.98E-01
811,9.46E-02,811,1.20E-01,811,1.98E-01
812,9.45E-02,812,1.20E-01,812,1.98E-01
813,9.45E-02,813,1.20E-01,813,1.98E-01
814,9.45E-02,814,1.20E-01,814,1.98E-01
815,9.45E-02,815,1.20E-01,815,1.98E-01
816,9.45E-02,816,1.20E-01,816,1.98E-01
817,9.44E-02,817,1.20E-01,817,1.98E-01
818,9.44E-02,818,1.20E-01,818,1.98E-01
819,9.44E-02,819,1.20E-01,819,1.98E-01
820,9.44E-02,820,1.20E-01,820,1.98E-01
821,9.44E-02,821,1.20E-01,821,1.98E-01
822,9.43E-02,822,1.20E-01,822,1.98E-01
823,9.43E-02,823,1.20E-01,823,1.97E-01
824,9.43E-02,824,1.20E-01,824,1.97E-01
825,9.43E-02,825,1.20E-01,825,1.97E-01
826,9.43E-02,826,1.20E-01,826,1.97E-01
827,9.42E-02,827,1.20E-01,827,1.97E-01
828,9.42E-02,828,1.20E-01,828,1.97E-01
829,9.42E-02,829,1.20E-01,829,1.97E-01
830,9.42E-02,830,1.20E-01,830,1.97E-01
831,9.42E-02,831,1.20E-01,831,1.97E-01
832,9.41E-02,832,1.19E-01,832,1.97E-01
833,9.41E-02,833,1.19E-01,833,1.97E-01
834,9.41E-02,834,1.19E-01,834,1.97E-01
835,9.41E-02,835,1.19E-01,835,1.97E-01
836,9.41E-02,836,1.19E-01,836,1.97E-01
837,9.40E-02,837,1.19E-01,837,1.97E-01
838,9.40E-02,838,1.19E-01,838,1.97E-01
839,9.40E-02,839,1.19E-01,839,1.97E-01
840,9.40E-02,840,1.19E-01,840,1.97E-01
841,9.40E-02,841,1.19E-01,841,1.97E-01
842,9.40E-02,842,1.19E-01,842,1.97E-01
843,9.39E-02,843,1.19E-01,843,1.97E-01
844,9.39E-02,844,1.19E-01,844,1.97E-01
845,9.39E-02,845,1.19E-01,845,1.97E-01
846,9.39E-02,846,1.19E-01,846,1.97E-01
847,9.39E-02,847,1.19E-01,847,1.97E-01
848,9.38E-02,848,1.19E-01,848,1.97E-01
849,9.38E-02,849,1.19E-01,849,1.97E-01
850,9.38E-02,850,1.19E-01,850,1.97E-01
851,9.38E-02,851,1.19E-01,851,1.97E-01
852,9.38E-02,852,1.19E-01,852,1.97E-01
853,9.38E-02,853,1.19E-01,853,1.97E-01
854,9.37E-02,854,1.19E-01,854,1.97E-01
855,9.37E-02,855,1.19E-01,855,1.97E-01
856,9.37E-02,856,1.19E-01,856,1.97E-01
857,9.37E-02,857,1.19E-01,857,1.97E-01
858,9.37E-02,858,1.19E-01,858,1.97E-01
859,9.37E-02,859,1.19E-01,859,1.97E-01
860,9.36E-02,860,1.19E-01,860,1.97E-01
861,9.36E-02,861,1.19E-01,861,1.97E-01
862,9.36E-02,862,1.19E-01,862,1.97E-01
863,9.36E-02,863,1.19E-01,863,1.97E-01
864,9.36E-02,864,1.19E-01,864,1.97E-01
865,9.36E-02,865,1.19E-01,865,1.97E-01
866,9.36E-02,866,1.19E-01,866,1.97E-01
867,9.35E-02,867,1.19E-01,867,1.97E-01
868,9.35E-02,868,1.19E-01,868,1.97E-01
869,9.35E-02,869,1.18E-01,869,1.97E-01
870,9.35E-02,870,1.18E-01,870,1.97E-01
871,9.35E-02,871,1.18E-01,871,1.97E-01
872,9.35E-02,872,1.18E-01,872,1.97E-01
873,9.34E-02,873,1.18E-01,873,1.97E-01
874,9.34E-02,874,1.18E-01,874,1.97E-01
875,9.34E-02,875,1.18E-01,875,1.97E-01
876,9.34E-02,876,1.18E-01,876,1.97E-01
877,9.34E-02,877,1.18E-01,877,1.97E-01
878,9.34E-02,878,1.18E-01,878,1.97E-01
879,9.34E-02,879,1.18E-01,879,1.97E-01
880,9.33E-02,880,1.18E-01,880,1.97E-01
881,9.33E-02,881,1.18E-01,881,1.97E-01
882,9.33E-02,882,1.18E-01,882,1.97E-01
883,9.33E-02,883,1.18E-01,883,1.96E-01
884,9.33E-02,884,1.18E-01,884,1.96E-01
885,9.33E-02,885,1.18E-01,885,1.96E-01
886,9.33E-02,886,1.18E-01,886,1.96E-01
887,9.32E-02,887,1.18E-01,887,1.96E-01
888,9.32E-02,888,1.18E-01,888,1.96E-01
889,9.32E-02,889,1.18E-01,889,1.96E-01
890,9.32E-02,890,1.18E-01,890,1.96E-01
891,9.32E-02,891,1.18E-01,891,1.96E-01
892,9.32E-02,892,1.18E-01,892,1.96E-01
893,9.32E-02,893,1.18E-01,893,1.96E-01
894,9.31E-02,894,1.18E-01,894,1.96E-01
895,9.31E-02,895,1.18E-01,895,1.96E-01
896,9.31E-02,896,1.18E-01,896,1.96E-01
897,9.31E-02,897,1.18E-01,897,1.96E-01
898,9.31E-02,898,1.18E-01,898,1.96E-01
899,9.31E-02,899,1.18E-01,899,1.96E-01
900,9.31E-02,900,1.18E-01,900,1.96E-01
901,9.31E-02,901,1.18E-01,901,1.96E-01
902,9.30E-02,902,1.18E-01,902,1.96E-01
903,9.30E-02,903,1.18E-01,903,1.96E-01
904,9.30E-02,904,1.18E-01,904,1.96E-01
905,9.30E-02,905,1.18E-01,905,1.96E-01
906,9.30E-02,906,1.18E-01,906,1.96E-01
907,9.30E-02,907,1.18E-01,907,1.96E-01
908,9.30E-02,908,1.18E-01,908,1.96E-01
909,9.29E-02,909,1.18E-01,909,1.96E-01
910,9.29E-02,910,1.18E-01,910,1.96E-01
911,9.29E-02,911,1.18E-01,911,1.96E-01
912,9.29E-02,912,1.18E-01,912,1.96E-01
913,9.29E-02,913,1.18E-01,913,1.96E-01
914,9.29E-02,914,1.17E-01,914,1.96E-01
915,9.29E-02,915,1.17E-01,915,1.96E-01
916,9.29E-02,916,1.17E-01,916,1.96E-01
917,9.29E-02,917,1.17E-01,917,1.96E-01
918,9.28E-02,918,1.17E-01,918,1.96E-01
919,9.28E-02,919,1.17E-01,919,1.96E-01
920,9.28E-02,920,1.17E-01,920,1.96E-01
921,9.28E-02,921,1.17E-01,921,1.96E-01
922,9.28E-02,922,1.17E-01,922,1.96E-01
923,9.28E-02,923,1.17E-01,923,1.96E-01
924,9.28E-02,924,1.17E-01,924,1.96E-01
925,9.28E-02,925,1.17E-01,925,1.96E-01
926,9.27E-02,926,1.17E-01,926,1.96E-01
927,9.27E-02,927,1.17E-01,927,1.96E-01
928,9.27E-02,928,1.17E-01,928,1.96E-01
929,9.27E-02,929,1.17E-01,929,1.96E-01
930,9.27E-02,930,1.17E-01,930,1.96E-01
931,9.27E-02,931,1.17E-01,931,1.96E-01
932,9.27E-02,932,1.17E-01,932,1.96E-01
933,9.27E-02,933,1.17E-01,933,1.96E-01
934,9.27E-02,934,1.17E-01,934,1.96E-01
935,9.26E-02,935,1.17E-01,935,1.96E-01
936,9.26E-02,936,1.17E-01,936,1.96E-01
937,9.26E-02,937,1.17E-01,937,1.96E-01
938,9.26E-02,938,1.17E-01,938,1.96E-01
939,9.26E-02,939,1.17E-01,939,1.96E-01
940,9.26E-02,940,1.17E-01,940,1.96E-01
941,9.26E-02,941,1.17E-01,941,1.96E-01
942,9.26E-02,942,1.17E-01,942,1.96E-01
943,9.26E-02,943,1.17E-01,943,1.96E-01
944,9.26E-02,944,1.17E-01,944,1.96E-01
945,9.25E-02,945,1.17E-01,945,1.96E-01
946,9.25E-02,946,1.17E-01,946,1.96E-01
947,9.25E-02,947,1.17E-01,947,1.96E-01
948,9.25E-02,948,1.17E-01,948,1.96E-01
949,9.25E-02,949,1.17E-01,949,1.96E-01
950,9.25E-02,950,1.17E-01,950,1.96E-01
951,9.25E-02,951,1.17E-01,951,1.96E-01
952,9.25E-02,952,1.17E-01,952,1.96E-01
953,9.25E-02,953,1.17E-01,953,1.96E-01
954,9.25E-02,954,1.17E-01,954,1.96E-01
955,9.24E-02,955,1.17E-01,955,1.96E-01
956,9.24E-02,956,1.17E-01,956,1.96E-01
957,9.24E-02,957,1.17E-01,957,1.96E-01
958,9.24E-02,958,1.17E-01,958,1.96E-01
959,9.24E-02,959,1.17E-01,959,1.96E-01
960,9.24E-02,960,1.17E-01,960,1.96E-01
961,9.24E-02,961,1.17E-01,961,1.96E-01
962,9.24E-02,962,1.17E-01,962,1.96E-01
963,9.24E-02,963,1.17E-01,963,1.96E-01
964,9.24E-02,964,1.17E-01,964,1.96E-01
965,9.23E-02,965,1.17E-01,965,1.96E-01
966,9.23E-02,966,1.17E-01,966,1.96E-01
967,9.23E-02,967,1.17E-01,967,1.96E-01
968,9.23E-02,968,1.17E-01,968,1.96E-01
969,9.23E-02,969,1.17E-01,969,1.96E-01
970,9.23E-02,970,1.17E-01,970,1.96E-01
971,9.23E-02,971,1.17E-01,971,1.95E-01
972,9.23E-02,972,1.17E-01,972,1.95E-01
973,9.23E-02,973,1.16E-01,973,1.95E-01
974,9.23E-02,974,1.16E-01,974,1.95E-01
975,9.23E-02,975,1.16E-01,975,1.95E-01
976,9.23E-02,976,1.16E-01,976,1.95E-01
977,9.22E-02,977,1.16E-01,977,1.95E-01
978,9.22E-02,978,1.16E-01,978,1.95E-01
979,9.22E-02,979,1.16E-01,979,1.95E-01
980,9.22E-02,980,1.16E-01,980,1.95E-01
981,9.22E-02,981,1.16E-01,981,1.95E-01
982,9.22E-02,982,1.16E-01,982,1.95E-01
983,9.22E-02,983,1.16E-01,983,1.95E-01
984,9.22E-02,984,1.16E-01,984,1.95E-01
985,9.22E-02,985,1.16E-01,985,1.95E-01
986,9.22E-02,986,1.16E-01,986,1.95E-01
987,9.22E-02,987,1.16E-01,987,1.95E-01
988,9.22E-02,988,1.16E-01,988,1.95E-01
989,9.21E-02,989,1.16E-01,989,1.95E-01
990,9.21E-02,990,1.16E-01,990,1.95E-01
991,9.21E-02,991,1.16E-01,991,1.95E-01
992,9.21E-02,992,1.16E-01,992,1.95E-01
993,9.21E-02,993,1.16E-01,993,1.95E-01
994,9.21E-02,994,1.16E-01,994,1.95E-01
995,9.21E-02,995,1.16E-01,995,1.95E-01
996,9.21E-02,996,1.16E-01,996,1.95E-01
997,9.21E-02,997,1.16E-01,997,1.95E-01
998,9.21E-02,998,1.16E-01,998,1.95E-01
999,9.21E-02,999,1.16E-01,999,1.95E-01
1000,9.21E-02,1000,1.16E-01,1000,1.95E-01
1001,9.21E-02,1001,1.16E-01,1001,1.97E-01
1002,9.21E-02,1002,1.16E-01,1002,1.99E-01
1003,9.21E-02,1003,1.17E-01,1003,2.03E-01
1004,9.22E-02,1004,1.25E-01,1004,5.29E-01
1005,9.26E-02,1005,1.37E-01,1005,9.73E-01
1006,9.31E-02,1006,1.54E-01,1006,1.69E+00
1007,9.38E-02,1007,1.76E-01,1007,2.57E+00
1008,9.46E-02,1008,2.02E-01,1008,3.48E+00
1009,9.56E-02,1009,2.30E-01,1009,4.33E+00
1010,9.66E-02,1010,2.59E-01,1010,5.13E+00
1011,9.77E-02,1011,2.90E-01,1011,5.93E+00
1012,9.89E-02,1012,3.23E-01,1012,6.80E+00
1013,1.00E-01,1013,3.61E-01,1013,7.83E+00
1014,1.02E-01,1014,4.04E-01,1014,9.12E+00
1015,1.04E-01,1015,4.58E-01,1015,1.08E+01
1016,1.06E-01,1016,5.28E-01,1016,1.32E+01
1017,1.09E-01,1017,6.24E-01,1017,1.67E+01
1018,1.14E-01,1018,7.66E-01,1018,2.23E+01
1019,1.21E-01,1019,9.93E-01,1019,3.16E+01
1020,1.32E-01,1020,1.39E+00,1020,4.80E+01
1021,1.53E-01,1021,2.08E+00,1021,7.41E+01
1022,1.85E-01,1022,3.11E+00,1022,9.89E+01
1023,2.23E-01,1023,4.23E+00,1023,1.03E+02
1024,2.61E-01,1024,5.20E+00,1024,9.05E+01
1025,2.96E-01,1025,5.97E+00,1025,7.50E+01
1026,3.27E-01,1026,6.54E+00,1026,6.22E+01
1027,3.53E-01,1027,6.93E+00,1027,5.25E+01
1028,3.75E-01,1028,7.16E+00,1028,4.54E+01
1029,3.93E-01,1029,7.26E+00,1029,4.01E+01
1030,4.08E-01,1030,7.27E+00,1030,3.61E+01
1031,4.20E-01,1031,7.20E+00,1031,3.29E+01
1032,4.29E-01,1032,7.08E+00,1032,3.04E+01
1033,4.36E-01,1033,6.92E+00,1033,2.83E+01
1034,4.42E-01,1034,6.75E+00,1034,2.66E+01
1035,4.47E-01,1035,6.57E+00,1035,2.52E+01
1036,4.51E-01,1036,6.38E+00,1036,2.39E+01
1037,4.54E-01,1037,6.19E+00,1037,2.28E+01
1038,4.56E-01,1038,6.00E+00,1038,2.18E+01
1039,4.58E-01,1039,5.82E+00,1039,2.09E+01
1040,4.60E-01,1040,5.65E+00,1040,2.01E+01
1041,4.61E-01,1041,5.48E+00,1041,1.93E+01
1042,4.62E-01,1042,5.32E+00,1042,1.86E+01
1043,4.63E-01,1043,5.16E+00,1043,1.80E+01
1044,4.64E-01,1044,5.01E+00,1044,1.74E+01
1045,4.64E-01,1045,4.87E+00,1045,1.68E+01
1046,4.64E-01,1046,4.73E+00,1046,1.63E+01
1047,4.64E-01,1047,4.60E+00,1047,1.58E+01
1048,4.64E-01,1048,4.48E+00,1048,1.53E+01
1049,4.64E-01,1049,4.36E+00,1049,1.48E+01
1050,4.64E-01,1050,4.25E+00,1050,1.44E+01
1051,4.64E-01,1051,4.14E+00,1051,1.40E+01
1052,4.63E-01,1052,4.03E+00,1052,1.36E+01
1053,4.63E-01,1053,3.93E+00,1053,1.32E+01
1054,4.62E-01,1054,3.83E+00,1054,1.28E+01
1055,4.61E-01,1055,3.74E+00,1055,1.24E+01
1056,4.61E-01,1056,3.65E+00,1056,1.21E+01
1057,4.60E-01,1057,3.56E+00,1057,1.18E+01
1058,4.59E-01,1058,3.48E+00,1058,1.14E+01
1059,4.58E-01,1059,3.39E+00,1059,1.11E+01
1060,4.57E-01,1060,3.32E+00,1060,1.08E+01
1061,4.56E-01,1061,3.24E+00,1061,1.05E+01
1062,4.55E-01,1062,3.17E+00,1062,1.02E+01
1063,4.54E-01,1063,3.10E+00,1063,9.97E+00
1064,4.52E-01,1064,3.03E+00,1064,9.71E+00
1065,4.51E-01,1065,2.96E+00,1065,9.45E+00
1066,4.50E-01,1066,2.90E+00,1066,9.20E+00
1067,4.49E-01,1067,2.84E+00,1067,8.96E+00
1068,4.47E-01,1068,2.78E+00,1068,8.73E+00
1069,4.46E-01,1069,2.72E+00,1069,8.50E+00
1070,4.44E-01,1070,2.66E+00,1070,8.28E+00
1071,4.43E-01,1071,2.61E+00,1071,8.07E+00
1072,4.41E-01,1072,2.55E+00,1072,7.87E+00
1073,4.40E-01,1073,2.50E+00,1073,7.67E+00
1074,4.38E-01,1074,2.45E+00,1074,7.47E+00
1075,4.37E-01,1075,2.40E+00,1075,7.29E+00
1076,4.35E-01,1076,2.36E+00,1076,7.10E+00
1077,4.33E-01,1077,2.31E+00,1077,6.93E+00
1078,4.32E-01,1078,2.27E+00,1078,6.76E+00
1079,4.30E-01,1079,2.22E+00,1079,6.59E+00
1080,4.28E-01,1080,2.18E+00,1080,6.43E+00
1081,4.27E-01,1081,2.14E+00,1081,6.27E+00
1082,4.25E-01,1082,2.10E+00,1082,6.12E+00
1083,4.23E-01,1083,2.06E+00,1083,5.98E+00
1084,4.22E-01,1084,2.02E+00,1084,5.83E+00
1085,4.20E-01,1085,1.99E+00,1085,5.69E+00
1086,4.18E-01,1086,1.95E+00,1086,5.56E+00
1087,4.16E-01,1087,1.92E+00,1087,5.43E+00
1088,4.14E-01,1088,1.88E+00,1088,5.30E+00
1089,4.13E-01,1089,1.85E+00,1089,5.18E+00
1090,4.11E-01,1090,1.82E+00,1090,5.06E+00
1091,4.09E-01,1091,1.79E+00,1091,4.94E+00
1092,4.07E-01,1092,1.76E+00,1092,4.83E+00
1093,4.05E-01,1093,1.73E+00,1093,4.72E+00
1094,4.04E-01,1094,1.70E+00,1094,4.62E+00
1095,4.02E-01,1095,1.67E+00,1095,4.51E+00
1096,4.00E-01,1096,1.64E+00,1096,4.41E+00
1097,3.98E-01,1097,1.62E+00,1097,4.32E+00
1098,3.96E-01,1098,1.59E+00,1098,4.22E+00
1099,3.94E-01,1099,1.56E+00,1099,4.13E+00
1100,3.93E-01,1100,1.54E+00,1100,4.04E+00
1101,3.91E-01,1101,1.52E+00,1101,3.96E+00
1102,3.89E-01,1102,1.49E+00,1102,3.87E+00
1103,3.87E-01,1103,1.47E+00,1103,3.79E+00
1104,3.85E-01,1104,1.45E+00,1104,3.71E+00
1105,3.83E-01,1105,1.43E+00,1105,3.63E+00
1106,3.82E-01,1106,1.40E+00,1106,3.56E+00
1107,3.80E-01,1107,1.38E+00,1107,3.49E+00
1108,3.78E-01,1108,1.36E+00,1108,3.42E+00
1109,3.76E-01,1109,1.34E+00,1109,3.35E+00
1110,3.74E-01,1110,1.32E+00,1110,3.28E+00
1111,3.73E-01,1111,1.31E+00,1111,3.22E+00
1112,3.71E-01,1112,1.29E+00,1112,3.15E+00
1113,3.69E-01,1113,1.27E+00,1113,3.09E+00
1114,3.67E-01,1114,1.25E+00,1114,3.03E+00
1115,3.65E-01,1115,1.23E+00,1115,2.98E+00
1116,3.64E-01,1116,1.22E+00,1116,2.92E+00
1117,3.62E-01,1117,1.20E+00,1117,2.87E+00
1118,3.60E-01,1118,1.19E+00,1118,2.81E+00
1119,3.58E-01,1119,1.17E+00,1119,2.76E+00
1120,3.57E-01,1120,1.15E+00,1120,2.71E+00
1121,3.55E-01,1121,1.14E+00,1121,2.66E+00
1122,3.53E-01,1122,1.13E+00,1122,2.62E+00
1123,3.51E-01,1123,1.11E+00,1123,2.57E+00
1124,3.50E-01,1124,1.10E+00,1124,2.53E+00
1125,3.48E-01,1125,1.08E+00,1125,2.48E+00
1126,3.46E-01,1126,1.07E+00,1126,2.44E+00
1127,3.45E-01,1127,1.06E+00,1127,2.40E+00
1128,3.43E-01,1128,1.04E+00,1128,2.36E+00
1129,3.41E-01,1129,1.03E+00,1129,2.32E+00
1130,3.40E-01,1130,1.02E+00,1130,2.28E+00
1131,3.38E-01,1131,1.01E+00,1131,2.24E+00
1132,3.36E-01,1132,9.96E-01,1132,2.21E+00
1133,3.35E-01,1133,9.84E-01,1133,2.17E+00
1134,3.33E-01,1134,9.73E-01,1134,2.14E+00
1135,3.31E-01,1135,9.62E-01,1135,2.10E+00
1136,3.30E-01,1136,9.51E-01,1136,2.07E+00
1137,3.28E-01,1137,9.41E-01,1137,2.04E+00
1138,3.27E-01,1138,9.30E-01,1138,2.01E+00
1139,3.25E-01,1139,9.20E-01,1139,1.98E+00
1140,3.23E-01,1140,9.10E-01,1140,1.95E+00
1141,3.22E-01,1141,9.00E-01,1141,1.92E+00
1142,3.20E-01,1142,8.91E-01,1142,1.89E+00
1143,3.19E-01,1143,8.81E-01,1143,1.86E+00
1144,3.17E-01,1144,8.72E-01,1144,1.83E+00
1145,3.16E-01,1145,8.63E-01,1145,1.80E+00
1146,3.14E-01,1146,8.54E-01,1146,1.78E+00
1147,3.13E-01,1147,8.45E-01,1147,1.75E+00
1148,3.11E-01,1148,8.37E-01,1148,1.73E+00
1149,3.10E-01,1149,8.28E-01,1149,1.70E+00
1150,3.08E-01,1150,8.20E-01,1150,1.68E+00
1151,3.07E-01,1151,8.11E-01,1151,1.65E+00
1152,3.05E-01,1152,8.03E-01,1152,1.63E+00
1153,3.04E-01,1153,7.95E-01,1153,1.60E+00
1154,3.02E-01,1154,7.87E-01,1154,1.58E+00
1155,3.01E-01,1155,7.80E-01,1155,1.56E+00
1156,3.00E-01,1156,7.72E-01,1156,1.53E+00
1157,2.98E-01,1157,7.64E-01,1157,1.51E+00
1158,2.97E-01,1158,7.57E-01,1158,1.49E+00
1159,2.95E-01,1159,7.50E-01,1159,1.46E+00
1160,2.94E-01,1160,7.42E-01,1160,1.44E+00
1161,2.93E-01,1161,7.35E-01,1161,1.42E+00
1162,2.91E-01,1162,7.28E-01,1162,1.40E+00
1163,2.90E-01,1163,7.21E-01,1163,1.38E+00
1164,2.88E-01,1164,7.14E-01,1164,1.36E+00
1165,2.87E-01,1165,7.07E-01,1165,1.33E+00
1166,2.86E-01,1166,7.00E-01,1166,1.31E+00
1167,2.84E-01,1167,6.94E-01,1167,1.29E+00
1168,2.83E-01,1168,6.87E-01,1168,1.27E+00
1169,2.82E-01,1169,6.81E-01,1169,1.25E+00
1170,2.80E-01,1170,6.74E-01,1170,1.23E+00
1171,2.79E-01,1171,6.68E-01,1171,1.21E+00
1172,2.78E-01,1172,6.61E-01,1172,1.19E+00
1173,2.76E-01,1173,6.55E-01,1173,1.17E+00
1174,2.75E-01,1174,6.49E-01,1174,1.15E+00
1175,2.74E-01,1175,6.42E-01,1175,1.13E+00
1176,2.73E-01,1176,6.36E-01,1176,1.11E+00
1177,2.71E-01,1177,6.30E-01,1177,1.09E+00
1178,2.70E-01,1178,6.24E-01,1178,1.07E+00
1179,2.69E-01,1179,6.18E-01,1179,1.05E+00
1180,2.67E-01,1180,6.12E-01,1180,1.03E+00
1181,2.66E-01,1181,6.06E-01,1181,1.01E+00
1182,2.65E-01,1182,6.00E-01,1182,9.96E-01
1183,2.64E-01,1183,5.94E-01,1183,9.78E-01
1184,2.63E-01,1184,5.89E-01,1184,9.60E-01
1185,2.61E-01,1185,5.83E-01,1185,9.43E-01
1186,2.60E-01,1186,5.77E-01,1186,9.26E-01
1187,2.59E-01,1187,5.72E-01,1187,9.10E-01
1188,2.58E-01,1188,5.66E-01,1188,8.94E-01
1189,2.57E-01,1189,5.61E-01,1189,8.78E-01
1190,2.55E-01,1190,5.55E-01,1190,8.62E-01
1191,2.54E-01,1191,5.50E-01,1191,8.47E-01
1192,2.53E-01,1192,5.45E-01,1192,8.33E-01
1193,2.52E-01,1193,5.40E-01,1193,8.19E-01
1194,2.51E-01,1194,5.35E-01,1194,8.05E-01
1195,2.50E-01,1195,5.30E-01,1195,7.91E-01
1196,2.48E-01,1196,5.25E-01,1196,7.78E-01
1197,2.47E-01,1197,5.20E-01,1197,7.65E-01
1198,2.46E-01,1198,5.15E-01,1198,7.53E-01
1199,2.45E-01,1199,5.10E-01,1199,7.41E-01
1200,2.44E-01,1200,5.05E-01,1200,7.29E-01
1201,2.43E-01,1201,5.00E-01,1201,7.17E-01
1202,2.42E-01,1202,4.96E-01,1202,7.06E-01
1203,2.41E-01,1203,4.91E-01,1203,6.95E-01
1204,2.40E-01,1204,4.87E-01,1204,6.84E-01
1205,2.38E-01,1205,4.82E-01,1205,6.73E-01
1206,2.37E-01,1206,4.78E-01,1206,6.63E-01
1207,2.36E-01,1207,4.73E-01,1207,6.53E-01
1208,2.35E-01,1208,4.69E-01,1208,6.43E-01
1209,2.34E-01,1209,4.65E-01,1209,6.33E-01
1210,2.33E-01,1210,4.61E-01,1210,6.24E-01
1211,2.32E-01,1211,4.56E-01,1211,6.14E-01
1212,2.31E-01,1212,4.52E-01,1212,6.05E-01
1213,2.30E-01,1213,4.48E-01,1213,5.96E-01
1214,2.29E-01,1214,4.44E-01,1214,5.87E-01
1215,2.28E-01,1215,4.40E-01,1215,5.79E-01
1216,2.27E-01,1216,4.36E-01,1216,5.70E-01
1217,2.26E-01,1217,4.32E-01,1217,5.62E-01
1218,2.25E-01,1218,4.29E-01,1218,5.54E-01
1219,2.24E-01,1219,4.25E-01,1219,5.46E-01
1220,2.23E-01,1220,4.21E-01,1220,5.38E-01
1221,2.22E-01,1221,4.17E-01,1221,5.31E-01
1222,2.21E-01,1222,4.14E-01,1222,5.23E-01
1223,2.20E-01,1223,4.10E-01,1223,5.16E-01
1224,2.20E-01,1224,4.06E-01,1224,5.09E-01
1225,2.19E-01,1225,4.03E-01,1225,5.02E-01
1226,2.18E-01,1226,3.99E-01,1226,4.95E-01
1227,2.17E-01,1227,3.96E-01,1227,4.89E-01
1228,2.16E-01,1228,3.92E-01,1228,4.83E-01
1229,2.15E-01,1229,3.89E-01,1229,4.76E-01
1230,2.14E-01,1230,3.86E-01,1230,4.70E-01
1231,2.13E-01,1231,3.82E-01,1231,4.64E-01
1232,2.12E-01,1232,3.79E-01,1232,4.58E-01
1233,2.11E-01,1233,3.76E-01,1233,4.53E-01
1234,2.10E-01,1234,3.72E-01,1234,4.47E-01
1235,2.10E-01,1235,3.69E-01,1235,4.42E-01
1236,2.09E-01,1236,3.66E-01,1236,4.37E-01
1237,2.08E-01,1237,3.63E-01,1237,4.31E-01
1238,2.07E-01,1238,3.60E-01,1238,4.26E-01
1239,2.06E-01,1239,3.57E-01,1239,4.21E-01
1240,2.05E-01,1240,3.54E-01,1240,4.17E-01
1241,2.05E-01,1241,3.51E-01,1241,4.12E-01
1242,2.04E-01,1242,3.48E-01,1242,4.07E-01
1243,2.03E-01,1243,3.45E-01,1243,4.03E-01
1244,2.02E-01,1244,3.42E-01,1244,3.98E-01
1245,2.01E-01,1245,3.39E-01,1245,3.94E-01
1246,2.00E-01,1246,3.36E-01,1246,3.90E-01
1247,2.00E-01,1247,3.33E-01,1247,3.86E-01
1248,1.99E-01,1248,3.31E-01,1248,3.82E-01
1249,1.98E-01,1249,3.28E-01,1249,3.78E-01
1250,1.97E-01,1250,3.25E-01,1250,3.74E-01
1251,1.97E-01,1251,3.23E-01,1251,3.71E-01
1252,1.96E-01,1252,3.20E-01,1252,3.67E-01
1253,1.95E-01,1253,3.17E-01,1253,3.64E-01
1254,1.94E-01,1254,3.15E-01,1254,3.60E-01
1255,1.94E-01,1255,3.13E-01,1255,3.57E-01
1256,1.93E-01,1256,3.10E-01,1256,3.54E-01
1257,1.92E-01,1257,3.08E-01,1257,3.51E-01
1258,1.91E-01,1258,3.05E-01,1258,3.48E-01
1259,1.91E-01,1259,3.03E-01,1259,3.46E-01
1260,1.90E-01,1260,3.01E-01,1260,3.43E-01
1261,1.89E-01,1261,2.99E-01,1261,3.41E-01
1262,1.89E-01,1262,2.97E-01,1262,3.38E-01
1263,1.88E-01,1263,2.95E-01,1263,3.36E-01
1264,1.87E-01,1264,2.93E-01,1264,3.34E-01
1265,1.86E-01,1265,2.91E-01,1265,3.32E-01
1266,1.86E-01,1266,2.89E-01,1266,3.30E-01
1267,1.85E-01,1267,2.87E-01,1267,3.28E-01
1268,1.84E-01,1268,2.85E-01,1268,3.26E-01
1269,1.84E-01,1269,2.83E-01,1269,3.24E-01
1270,1.83E-01,1270,2.81E-01,1270,3.22E-01
1271,1.82E-01,1271,2.80E-01,1271,3.20E-01
1272,1.82E-01,1272,2.78E-01,1272,3.19E-01
1273,1.81E-01,1273,2.76E-01,1273,3.17E-01
1274,1.81E-01,1274,2.75E-01,1274,3.15E-01
1275,1.80E-01,1275,2.73E-01,1275,3.14E-01
1276,1.79E-01,1276,2.72E-01,1276,3.12E-01
1277,1.79E-01,1277,2.70E-01,1277,3.11E-01
1278,1.78E-01,1278,2.68E-01,1278,3.09E-01
1279,1.77E-01,1279,2.67E-01,1279,3.08E-01
1280,1.77E-01,1280,2.65E-01,1280,3.07E-01
1281,1.76E-01,1281,2.64E-01,1281,3.05E-01
1282,1.76E-01,1282,2.63E-01,1282,3.04E-01
1283,1.75E-01,1283,2.61E-01,1283,3.03E-01
1284,1.75E-01,1284,2.60E-01,1284,3.01E-01
1285,1.74E-01,1285,2.58E-01,1285,3.00E-01
1286,1.73E-01,1286,2.57E-01,1286,2.99E-01
1287,1.73E-01,1287,2.56E-01,1287,2.98E-01
1288,1.72E-01,1288,2.54E-01,1288,2.97E-01
1289,1.72E-01,1289,2.53E-01,1289,2.95E-01
1290,1.71E-01,1290,2.52E-01,1290,2.94E-01
1291,1.71E-01,1291,2.51E-01,1291,2.93E-01
1292,1.70E-01,1292,2.49E-01,1292,2.92E-01
1293,1.70E-01,1293,2.48E-01,1293,2.91E-01
1294,1.69E-01,1294,2.47E-01,1294,2.90E-01
1295,1.68E-01,1295,2.46E-01,1295,2.89E-01
1296,1.68E-01,1296,2.45E-01,1296,2.88E-01
1297,1.67E-01,1297,2.43E-01,1297,2.87E-01
1298,1.67E-01,1298,2.42E-01,1298,2.86E-01
1299,1.66E-01,1299,2.41E-01,1299,2.85E-01
1300,1.66E-01,1300,2.40E-01,1300,2.84E-01
1301,1.65E-01,1301,2.39E-01,1301,2.83E-01
1302,1.65E-01,1302,2.38E-01,1302,2.82E-01
1303,1.64E-01,1303,2.37E-01,1303,2.81E-01
1304,1.64E-01,1304,2.36E-01,1304,2.81E-01
1305,1.63E-01,1305,2.35E-01,1305,2.80E-01
1306,1.63E-01,1306,2.34E-01,1306,2.79E-01
1307,1.62E-01,1307,2.33E-01,1307,2.78E-01
1308,1.62E-01,1308,2.32E-01,1308,2.77E-01
1309,1.61E-01,1309,2.31E-01,1309,2.76E-01
1310,1.61E-01,1310,2.30E-01,1310,2.76E-01
1311,1.61E-01,1311,2.29E-01,1311,2.75E-01
1312,1.60E-01,1312,2.28E-01,1312,2.74E-01
1313,1.60E-01,1313,2.27E-01,1313,2.73E-01
1314,1.59E-01,1314,2.26E-01,1314,2.72E-01
1315,1.59E-01,1315,2.25E-01,1315,2.72E-01
1316,1.58E-01,1316,2.24E-01,1316,2.71E-01
1317,1.58E-01,1317,2.23E-01,1317,2.70E-01
1318,1.57E-01,1318,2.22E-01,1318,2.70E-01
1319,1.57E-01,1319,2.21E-01,1319,2.69E-01
1320,1.56E-01,1320,2.21E-01,1320,2.68E-01
1321,1.56E-01,1321,2.20E-01,1321,2.68E-01
1322,1.56E-01,1322,2.19E-01,1322,2.67E-01
1323,1.55E-01,1323,2.18E-01,1323,2.66E-01
1324,1.55E-01,1324,2.17E-01,1324,2.66E-01
1325,1.54E-01,1325,2.16E-01,1325,2.65E-01
1326,1.54E-01,1326,2.16E-01,1326,2.64E-01
1327,1.54E-01,1327,2.15E-01,1327,2.64E-01
1328,1.53E-01,1328,2.14E-01,1328,2.63E-01
1329,1.53E-01,1329,2.13E-01,1329,2.62E-01
1330,1.52E-01,1330,2.13E-01,1330,2.62E-01
1331,1.52E-01,1331,2.12E-01,1331,2.61E-01
1332,1.52E-01,1332,2.11E-01,1332,2.61E-01
1333,1.51E-01,1333,2.10E-01,1333,2.60E-01
1334,1.51E-01,1334,2.10E-01,1334,2.60E-01
1335,1.50E-01,1335,2.09E-01,1335,2.59E-01
1336,1.50E-01,1336,2.08E-01,1336,2.58E-01
1337,1.50E-01,1337,2.07E-01,1337,2.58E-01
1338,1.49E-01,1338,2.07E-01,1338,2.57E-01
1339,1.49E-01,1339,2.06E-01,1339,2.57E-01
1340,1.48E-01,1340,2.05E-01,1340,2.56E-01
1341,1.48E-01,1341,2.05E-01,1341,2.56E-01
1342,1.48E-01,1342,2.04E-01,1342,2.55E-01
1343,1.47E-01,1343,2.03E-01,1343,2.55E-01
1344,1.47E-01,1344,2.03E-01,1344,2.54E-01
1345,1.47E-01,1345,2.02E-01,1345,2.54E-01
1346,1.46E-01,1346,2.01E-01,1346,2.53E-01
1347,1.46E-01,1347,2.01E-01,1347,2.53E-01
1348,1.46E-01,1348,2.00E-01,1348,2.52E-01
1349,1.45E-01,1349,1.99E-01,1349,2.52E-01
1350,1.45E-01,1350,1.99E-01,1350,2.51E-01
1351,1.45E-01,1351,1.98E-01,1351,2.51E-01
1352,1.44E-01,1352,1.98E-01,1352,2.51E-01
1353,1.44E-01,1353,1.97E-01,1353,2.50E-01
1354,1.43E-01,1354,1.96E-01,1354,2.50E-01
1355,1.43E-01,1355,1.96E-01,1355,2.49E-01
1356,1.43E-01,1356,1.95E-01,1356,2.49E-01
1357,1.42E-01,1357,1.95E-01,1357,2.48E-01
1358,1.42E-01,1358,1.94E-01,1358,2.48E-01
1359,1.42E-01,1359,1.94E-01,1359,2.48E-01
1360,1.42E-01,1360,1.93E-01,1360,2.47E-01
1361,1.41E-01,1361,1.92E-01,1361,2.47E-01
1362,1.41E-01,1362,1.92E-01,1362,2.46E-01
1363,1.41E-01,1363,1.91E-01,1363,2.46E-01
1364,1.40E-01,1364,1.91E-01,1364,2.46E-01
1365,1.40E-01,1365,1.90E-01,1365,2.45E-01
1366,1.40E-01,1366,1.90E-01,1366,2.45E-01
1367,1.39E-01,1367,1.89E-01,1367,2.44E-01
1368,1.39E-01,1368,1.89E-01,1368,2.44E-01
1369,1.39E-01,1369,1.88E-01,1369,2.44E-01
1370,1.38E-01,1370,1.88E-01,1370,2.43E-01
1371,1.38E-01,1371,1.87E-01,1371,2.43E-01
1372,1.38E-01,1372,1.87E-01,1372,2.43E-01
1373,1.38E-01,1373,1.86E-01,1373,2.42E-01
1374,1.37E-01,1374,1.86E-01,1374,2.42E-01
1375,1.37E-01,1375,1.85E-01,1375,2.41E-01
1376,1.37E-01,1376,1.85E-01,1376,2.41E-01
1377,1.36E-01,1377,1.84E-01,1377,2.41E-01
1378,1.36E-01,1378,1.84E-01,1378,2.40E-01
1379,1.36E-01,1379,1.83E-01,1379,2.40E-01
1380,1.36E-01,1380,1.83E-01,1380,2.40E-01
1381,1.35E-01,1381,1.82E-01,1381,2.39E-01
1382,1.35E-01,1382,1.82E-01,1382,2.39E-01
1383,1.35E-01,1383,1.81E-01,1383,2.39E-01
1384,1.34E-01,1384,1.81E-01,1384,2.38E-01
1385,1.34E-01,1385,1.81E-01,1385,2.38E-01
1386,1.34E-01,1386,1.80E-01,1386,2.38E-01
1387,1.34E-01,1387,1.80E-01,1387,2.37E-01
1388,1.33E-01,1388,1.79E-01,1388,2.37E-01
1389,1.33E-01,1389,1.79E-01,1389,2.37E-01
1390,1.33E-01,1390,1.78E-01,1390,2.37E-01
1391,1.33E-01,1391,1.78E-01,1391,2.36E-01
1392,1.32E-01,1392,1.78E-01,1392,2.36E-01
1393,1.32E-01,1393,1.77E-01,1393,2.36E-01
1394,1.32E-01,1394,1.77E-01,1394,2.35E-01
1395,1.32E-01,1395,1.76E-01,1395,2.35E-01
1396,1.31E-01,1396,1.76E-01,1396,2.35E-01
1397,1.31E-01,1397,1.75E-01,1397,2.35E-01
1398,1.31E-01,1398,1.75E-01,1398,2.34E-01
1399,1.31E-01,1399,1.75E-01,1399,2.34E-01
1400,1.30E-01,1400,1.74E-01,1400,2.34E-01
1401,1.30E-01,1401,1.74E-01,1401,2.33E-01
1402,1.30E-01,1402,1.74E-01,1402,2.33E-01
1403,1.30E-01,1403,1.73E-01,1403,2.33E-01
1404,1.29E-01,1404,1.73E-01,1404,2.33E-01
1405,1.29E-01,1405,1.72E-01,1405,2.32E-01
1406,1.29E-01,1406,1.72E-01,1406,2.32E-01
1407,1.29E-01,1407,1.72E-01,1407,2.32E-01
1408,1.28E-01,1408,1.71E-01,1408,2.32E-01
1409,1.28E-01,1409,1.71E-01,1409,2.31E-01
1410,1.28E-01,1410,1.71E-01,1410,2.31E-01
1411,1.28E-01,1411,1.70E-01,1411,2.31E-01
1412,1.28E-01,1412,1.70E-01,1412,2.31E-01
1413,1.27E-01,1413,1.70E-01,1413,2.30E-01
1414,1.27E-01,1414,1.69E-01,1414,2.30E-01
1415,1.27E-01,1415,1.69E-01,1415,2.30E-01
1416,1.27E-01,1416,1.68E-01,1416,2.30E-01
1417,1.26E-01,1417,1.68E-01,1417,2.29E-01
1418,1.26E-01,1418,1.68E-01,1418,2.29E-01
1419,1.26E-01,1419,1.67E-01,1419,2.29E-01
1420,1.26E-01,1420,1.67E-01,1420,2.29E-01
1421,1.26E-01,1421,1.67E-01,1421,2.28E-01
1422,1.25E-01,1422,1.66E-01,1422,2.28E-01
1423,1.25E-01,1423,1.66E-01,1423,2.28E-01
1424,1.25E-01,1424,1.66E-01,1424,2.28E-01
1425,1.25E-01,1425,1.65E-01,1425,2.28E-01
1426,1.25E-01,1426,1.65E-01,1426,2.27E-01
1427,1.24E-01,1427,1.65E-01,1427,2.27E-01
1428,1.24E-01,1428,1.65E-01,1428,2.27E-01
1429,1.24E-01,1429,1.64E-01,1429,2.27E-01
1430,1.24E-01,1430,1.64E-01,1430,2.26E-01
1431,1.24E-01,1431,1.64E-01,1431,2.26E-01
1432,1.23E-01,1432,1.63E-01,1432,2.26E-01
1433,1.23E-01,1433,1.63E-01,1433,2.26E-01
1434,1.23E-01,1434,1.63E-01,1434,2.26E-01
1435,1.23E-01,1435,1.62E-01,1435,2.25E-01
1436,1.23E-01,1436,1.62E-01,1436,2.25E-01
1437,1.22E-01,1437,1.62E-01,1437,2.25E-01
1438,1.22E-01,1438,1.62E-01,1438,2.25E-01
1439,1.22E-01,1439,1.61E-01,1439,2.25E-01
1440,1.22E-01,1440,1.61E-01,1440,2.24E-01
1441,1.22E-01,1441,1.61E-01,1441,2.24E-01
1442,1.21E-01,1442,1.60E-01,1442,2.24E-01
1443,1.21E-01,1443,1.60E-01,1443,2.24E-01
1444,1.21E-01,1444,1.60E-01,1444,2.24E-01
1445,1.21E-01,1445,1.60E-01,1445,2.24E-01
1446,1.21E-01,1446,1.59E-01,1446,2.23E-01
1447,1.21E-01,1447,1.59E-01,1447,2.23E-01
1448,1.20E-01,1448,1.59E-01,1448,2.23E-01
1449,1.20E-01,1449,1.58E-01,1449,2.23E-01
1450,1.20E-01,1450,1.58E-01,1450,2.23E-01
1451,1.20E-01,1451,1.58E-01,1451,2.22E-01
1452,1.20E-01,1452,1.58E-01,1452,2.22E-01
1453,1.19E-01,1453,1.57E-01,1453,2.22E-01
1454,1.19E-01,1454,1.57E-01,1454,2.22E-01
1455,1.19E-01,1455,1.57E-01,1455,2.22E-01
1456,1.19E-01,1456,1.57E-01,1456,2.22E-01
1457,1.19E-01,1457,1.56E-01,1457,2.21E-01
1458,1.19E-01,1458,1.56E-01,1458,2.21E-01
1459,1.18E-01,1459,1.56E-01,1459,2.21E-01
1460,1.18E-01,1460,1.56E-01,1460,2.21E-01
1461,1.18E-01,1461,1.55E-01,1461,2.21E-01
1462,1.18E-01,1462,1.55E-01,1462,2.21E-01
1463,1.18E-01,1463,1.55E-01,1463,2.20E-01
1464,1.18E-01,1464,1.55E-01,1464,2.20E-01
1465,1.18E-01,1465,1.54E-01,1465,2.20E-01
1466,1.17E-01,1466,1.54E-01,1466,2.20E-01
1467,1.17E-01,1467,1.54E-01,1467,2.20E-01
1468,1.17E-01,1468,1.54E-01,1468,2.20E-01
1469,1.17E-01,1469,1.53E-01,1469,2.19E-01
1470,1.17E-01,1470,1.53E-01,1470,2.19E-01
1471,1.17E-01,1471,1.53E-01,1471,2.19E-01
1472,1.16E-01,1472,1.53E-01,1472,2.19E-01
1473,1.16E-01,1473,1.53E-01,1473,2.19E-01
1474,1.16E-01,1474,1.52E-01,1474,2.19E-01
1475,1.16E-01,1475,1.52E-01,1475,2.19E-01
1476,1.16E-01,1476,1.52E-01,1476,2.18E-01
1477,1.16E-01,1477,1.52E-01,1477,2.18E-01
1478,1.16E-01,1478,1.51E-01,1478,2.18E-01
1479,1.15E-01,1479,1.51E-01,1479,2.18E-01
1480,1.15E-01,1480,1.51E-01,1480,2.18E-01
1481,1.15E-01,1481,1.51E-01,1481,2.18E-01
1482,1.15E-01,1482,1.51E-01,1482,2.17E-01
1483,1.15E-01,1483,1.50E-01,1483,2.17E-01
1484,1.15E-01,1484,1.50E-01,1484,2.17E-01
1485,1.15E-01,1485,1.50E-01,1485,2.17E-01
1486,1.14E-01,1486,1.50E-01,1486,2.17E-01
1487,1.14E-01,1487,1.50E-01,1487,2.17E-01
1488,1.14E-01,1488,1.49E-01,1488,2.17E-01
1489,1.14E-01,1489,1.49E-01,1489,2.17E-01
1490,1.14E-01,1490,1.49E-01,1490,2.16E-01
1491,1.14E-01,1491,1.49E-01,1491,2.16E-01
1492,1.14E-01,1492,1.49E-01,1492,2.16E-01
1493,1.13E-01,1493,1.48E-01,1493,2.16E-01
1494,1.13E-01,1494,1.48E-01,1494,2.16E-01
1495,1.13E-01,1495,1.48E-01,1495,2.16E-01
1496,1.13E-01,1496,1.48E-01,1496,2.16E-01
1497,1.13E-01,1497,1.48E-01,1497,2.15E-01
1498,1.13E-01,1498,1.47E-01,1498,2.15E-01
1499,1.13E-01,1499,1.47E-01,1499,2.15E-01
1500,1.13E-01,1500,1.47E-01,1500,2.15E-01
1501,1.12E-01,1501,1.47E-01,1501,2.15E-01
1502,1.12E-01,1502,1.47E-01,1502,2.15E-01
1503,1.12E-01,1503,1.46E-01,1503,2.15E-01
1504,1.12E-01,1504,1.46E-01,1504,2.15E-01
1505,1.12E-01,1505,1.46E-01,1505,2.14E-01
1506,1.12E-01,1506,1.46E-01,1506,2.14E-01
1507,1.12E-01,1507,1.46E-01,1507,2.14E-01
1508,1.12E-01,1508,1.46E-01,1508,2.14E-01
1509,1.11E-01,1509,1.45E-01,1509,2.14E-01
1510,1.11E-01,1510,1.45E-01,1510,2.14E-01
1511,1.11E-01,1511,1.45E-01,1511,2.14E-01
1512,1.11E-01,1512,1.45E-01,1512,2.14E-01
1513,1.11E-01,1513,1.45E-01,1513,2.14E-01
1514,1.11E-01,1514,1.44E-01,1514,2.13E-01
1515,1.11E-01,1515,1.44E-01,1515,2.13E-01
1516,1.11E-01,1516,1.44E-01,1516,2.13E-01
1517,1.11E-01,1517,1.44E-01,1517,2.13E-01
1518,1.10E-01,1518,1.44E-01,1518,2.13E-01
1519,1.10E-01,1519,1.44E-01,1519,2.13E-01
1520,1.10E-01,1520,1.43E-01,1520,2.13E-01
1521,1.10E-01,1521,1.43E-01,1521,2.13E-01
1522,1.10E-01,1522,1.43E-01,1522,2.13E-01
1523,1.10E-01,1523,1.43E-01,1523,2.12E-01
1524,1.10E-01,1524,1.43E-01,1524,2.12E-01
1525,1.10E-01,1525,1.43E-01,1525,2.12E-01
1526,1.10E-01,1526,1.43E-01,1526,2.12E-01
1527,1.09E-01,1527,1.42E-01,1527,2.12E-01
1528,1.09E-01,1528,1.42E-01,1528,2.12E-01
1529,1.09E-01,1529,1.42E-01,1529,2.12E-01
1530,1.09E-01,1530,1.42E-01,1530,2.12E-01
1531,1.09E-01,1531,1.42E-01,1531,2.12E-01
1532,1.09E-01,1532,1.42E-01,1532,2.12E-01
1533,1.09E-01,1533,1.41E-01,1533,2.11E-01
1534,1.09E-01,1534,1.41E-01,1534,2.11E-01
1535,1.09E-01,1535,1.41E-01,1535,2.11E-01
1536,1.08E-01,1536,1.41E-01,1536,2.11E-01
1537,1.08E-01,1537,1.41E-01,1537,2.11E-01
1538,1.08E-01,1538,1.41E-01,1538,2.11E-01
1539,1.08E-01,1539,1.41E-01,1539,2.11E-01
1540,1.08E-01,1540,1.40E-01,1540,2.11E-01
1541,1.08E-01,1541,1.40E-01,1541,2.11E-01
1542,1.08E-01,1542,1.40E-01,1542,2.11E-01
1543,1.08E-01,1543,1.40E-01,1543,2.10E-01
1544,1.08E-01,1544,1.40E-01,1544,2.10E-01
1545,1.08E-01,1545,1.40E-01,1545,2.10E-01
1546,1.07E-01,1546,1.40E-01,1546,2.10E-01
1547,1.07E-01,1547,1.39E-01,1547,2.10E-01
1548,1.07E-01,1548,1.39E-01,1548,2.10E-01
1549,1.07E-01,1549,1.39E-01,1549,2.10E-01
1550,1.07E-01,1550,1.39E-01,1550,2.10E-01
1551,1.07E-01,1551,1.39E-01,1551,2.10E-01
1552,1.07E-01,1552,1.39E-01,1552,2.10E-01
1553,1.07E-01,1553,1.39E-01,1553,2.10E-01
1554,1.07E-01,1554,1.38E-01,1554,2.09E-01
1555,1.07E-01,1555,1.38E-01,1555,2.09E-01
1556,1.07E-01,1556,1.38E-01,1556,2.09E-01
1557,1.06E-01,1557,1.38E-01,1557,2.09E-01
1558,1.06E-01,1558,1.38E-01,1558,2.09E-01
1559,1.06E-01,1559,1.38E-01,1559,2.09E-01
1560,1.06E-01,1560,1.38E-01,1560,2.09E-01
1561,1.06E-01,1561,1.37E-01,1561,2.09E-01
1562,1.06E-01,1562,1.37E-01,1562,2.09E-01
1563,1.06E-01,1563,1.37E-01,1563,2.09E-01
1564,1.06E-01,1564,1.37E-01,1564,2.09E-01
1565,1.06E-01,1565,1.37E-01,1565,2.09E-01
1566,1.06E-01,1566,1.37E-01,1566,2.08E-01
1567,1.06E-01,1567,1.37E-01,1567,2.08E-01
1568,1.06E-01,1568,1.37E-01,1568,2.08E-01
1569,1.05E-01,1569,1.36E-01,1569,2.08E-01
1570,1.05E-01,1570,1.36E-01,1570,2.08E-01
1571,1.05E-01,1571,1.36E-01,1571,2.08E-01
1572,1.05E-01,1572,1.36E-01,1572,2.08E-01
1573,1.05E-01,1573,1.36E-01,1573,2.08E-01
1574,1.05E-01,1574,1.36E-01,1574,2.08E-01
1575,1.05E-01,1575,1.36E-01,1575,2.08E-01
1576,1.05E-01,1576,1.36E-01,1576,2.08E-01
1577,1.05E-01,1577,1.36E-01,1577,2.08E-01
1578,1.05E-01,1578,1.35E-01,1578,2.07E-01
1579,1.05E-01,1579,1.35E-01,1579,2.07E-01
1580,1.05E-01,1580,1.35E-01,1580,2.07E-01
1581,1.04E-01,1581,1.35E-01,1581,2.07E-01
1582,1.04E-01,1582,1.35E-01,1582,2.07E-01
1583,1.04E-01,1583,1.35E-01,1583,2.07E-01
1584,1.04E-01,1584,1.35E-01,1584,2.07E-01
1585,1.04E-01,1585,1.35E-01,1585,2.07E-01
1586,1.04E-01,1586,1.34E-01,1586,2.07E-01
1587,1.04E-01,1587,1.34E-01,1587,2.07E-01
1588,1.04E-01,1588,1.34E-01,1588,2.07E-01
1589,1.04E-01,1589,1.34E-01,1589,2.07E-01
1590,1.04E-01,1590,1.34E-01,1590,2.07E-01
1591,1.04E-01,1591,1.34E-01,1591,2.07E-01
1592,1.04E-01,1592,1.34E-01,1592,2.06E-01
1593,1.04E-01,1593,1.34E-01,1593,2.06E-01
1594,1.04E-01,1594,1.34E-01,1594,2.06E-01
1595,1.03E-01,1595,1.34E-01,1595,2.06E-01
1596,1.03E-01,1596,1.33E-01,1596,2.06E-01
1597,1.03E-01,1597,1.33E-01,1597,2.06E-01
1598,1.03E-01,1598,1.33E-01,1598,2.06E-01
1599,1.03E-01,1599,1.33E-01,1599,2.06E-01
1600,1.03E-01,1600,1.33E-01,1600,2.06E-01
1601,1.03E-01,1601,1.33E-01,1601,2.06E-01
1602,1.03E-01,1602,1.33E-01,1602,2.06E-01
1603,1.03E-01,1603,1.33E-01,1603,2.06E-01
1604,1.03E-01,1604,1.33E-01,1604,2.06E-01
1605,1.03E-01,1605,1.32E-01,1605,2.06E-01
1606,1.03E-01,1606,1.32E-01,1606,2.06E-01
1607,1.03E-01,1607,1.32E-01,1607,2.05E-01
1608,1.03E-01,1608,1.32E-01,1608,2.05E-01
1609,1.02E-01,1609,1.32E-01,1609,2.05E-01
1610,1.02E-01,1610,1.32E-01,1610,2.05E-01
1611,1.02E-01,1611,1.32E-01,1611,2.05E-01
1612,1.02E-01,1612,1.32E-01,1612,2.05E-01
1613,1.02E-01,1613,1.32E-01,1613,2.05E-01
1614,1.02E-01,1614,1.32E-01,1614,2.05E-01
1615,1.02E-01,1615,1.32E-01,1615,2.05E-01
1616,1.02E-01,1616,1.31E-01,1616,2.05E-01
1617,1.02E-01,1617,1.31E-01,1617,2.05E-01
1618,1.02E-01,1618,1.31E-01,1618,2.05E-01
1619,1.02E-01,1619,1.31E-01,1619,2.05E-01
1620,1.02E-01,1620,1.31E-01,1620,2.05E-01
1621,1.02E-01,1621,1.31E-01,1621,2.05E-01
1622,1.02E-01,1622,1.31E-01,1622,2.05E-01
1623,1.02E-01,1623,1.31E-01,1623,2.05E-01
1624,1.02E-01,1624,1.31E-01,1624,2.04E-01
1625,1.01E-01,1625,1.31E-01,1625,2.04E-01
1626,1.01E-01,1626,1.31E-01,1626,2.04E-01
1627,1.01E-01,1627,1.30E-01,1627,2.04E-01
1628,1.01E-01,1628,1.30E-01,1628,2.04E-01
1629,1.01E-01,1629,1.30E-01,1629,2.04E-01
1630,1.01E-01,1630,1.30E-01,1630,2.04E-01
1631,1.01E-01,1631,1.30E-01,1631,2.04E-01
1632,1.01E-01,1632,1.30E-01,1632,2.04E-01
1633,1.01E-01,1633,1.30E-01,1633,2.04E-01
1634,1.01E-01,1634,1.30E-01,1634,2.04E-01
1635,1.01E-01,1635,1.30E-01,1635,2.04E-01
1636,1.01E-01,1636,1.30E-01,1636,2.04E-01
1637,1.01E-01,1637,1.30E-01,1637,2.04E-01
1638,1.01E-01,1638,1.29E-01,1638,2.04E-01
1639,1.01E-01,1639,1.29E-01,1639,2.04E-01
1640,1.01E-01,1640,1.29E-01,1640,2.04E-01
1641,1.01E-01,1641,1.29E-01,1641,2.04E-01
1642,1.00E-01,1642,1.29E-01,1642,2.03E-01
1643,1.00E-01,1643,1.29E-01,1643,2.03E-01
1644,1.00E-01,1644,1.29E-01,1644,2.03E-01
1645,1.00E-01,1645,1.29E-01,1645,2.03E-01
1646,1.00E-01,1646,1.29E-01,1646,2.03E-01
1647,1.00E-01,1647,1.29E-01,1647,2.03E-01
1648,1.00E-01,1648,1.29E-01,1648,2.03E-01
1649,1.00E-01,1649,1.29E-01,1649,2.03E-01
1650,1.00E-01,1650,1.29E-01,1650,2.03E-01
1651,1.00E-01,1651,1.28E-01,1651,2.03E-01
1652,1.00E-01,1652,1.28E-01,1652,2.03E-01
1653,9.99E-02,1653,1.28E-01,1653,2.03E-01
1654,9.99E-02,1654,1.28E-01,1654,2.03E-01
1655,9.98E-02,1655,1.28E-01,1655,2.03E-01
1656,9.98E-02,1656,1.28E-01,1656,2.03E-01
1657,9.97E-02,1657,1.28E-01,1657,2.03E-01
1658,9.97E-02,1658,1.28E-01,1658,2.03E-01
1659,9.96E-02,1659,1.28E-01,1659,2.03E-01
1660,9.96E-02,1660,1.28E-01,1660,2.03E-01
1661,9.95E-02,1661,1.28E-01,1661,2.03E-01
1662,9.95E-02,1662,1.28E-01,1662,2.02E-01
1663,9.94E-02,1663,1.28E-01,1663,2.02E-01
1664,9.94E-02,1664,1.27E-01,1664,2.02E-01
1665,9.93E-02,1665,1.27E-01,1665,2.02E-01
1666,9.93E-02,1666,1.27E-01,1666,2.02E-01
1667,9.92E-02,1667,1.27E-01,1667,2.02E-01
1668,9.92E-02,1668,1.27E-01,1668,2.02E-01
1669,9.91E-02,1669,1.27E-01,1669,2.02E-01
1670,9.91E-02,1670,1.27E-01,1670,2.02E-01
1671,9.90E-02,1671,1.27E-01,1671,2.02E-01
1672,9.90E-02,1672,1.27E-01,1672,2.02E-01
1673,9.89E-02,1673,1.27E-01,1673,2.02E-01
1674,9.89E-02,1674,1.27E-01,1674,2.02E-01
1675,9.89E-02,1675,1.27E-01,1675,2.02E-01
1676,9.88E-02,1676,1.27E-01,1676,2.02E-01
1677,9.88E-02,1677,1.27E-01,1677,2.02E-01
1678,9.87E-02,1678,1.26E-01,1678,2.02E-01
1679,9.87E-02,1679,1.26E-01,1679,2.02E-01
1680,9.86E-02,1680,1.26E-01,1680,2.02E-01
1681,9.86E-02,1681,1.26E-01,1681,2.02E-01
1682,9.85E-02,1682,1.26E-01,1682,2.02E-01
1683,9.85E-02,1683,1.26E-01,1683,2.02E-01
1684,9.85E-02,1684,1.26E-01,1684,2.02E-01
1685,9.84E-02,1685,1.26E-01,1685,2.01E-01
1686,9.84E-02,1686,1.26E-01,1686,2.01E-01
1687,9.83E-02,1687,1.26E-01,1687,2.01E-01
1688,9.83E-02,1688,1.26E-01,1688,2.01E-01
1689,9.82E-02,1689,1.26E-01,1689,2.01E-01
1690,9.82E-02,1690,1.26E-01,1690,2.01E-01
1691,9.82E-02,1691,1.26E-01,1691,2.01E-01
1692,9.81E-02,1692,1.26E-01,1692,2.01E-01
1693,9.81E-02,1693,1.26E-01,1693,2.01E-01
1694,9.80E-02,1694,1.25E-01,1694,2.01E-01
1695,9.80E-02,1695,1.25E-01,1695,2.01E-01
1696,9.80E-02,1696,1.25E-01,1696,2.01E-01
1697,9.79E-02,1697,1.25E-01,1697,2.01E-01
1698,9.79E-02,1698,1.25E-01,1698,2.01E-01
1699,9.78E-02,1699,1.25E-01,1699,2.01E-01
1700,9.78E-02,1700,1.25E-01,1700,2.01E-01
1701,9.78E-02,1701,1.25E-01,1701,2.01E-01
1702,9.77E-02,1702,1.25E-01,1702,2.01E-01
1703,9.77E-02,1703,1.25E-01,1703,2.01E-01
1704,9.76E-02,1704,1.25E-01,1704,2.01E-01
1705,9.76E-02,1705,1.25E-01,1705,2.01E-01
1706,9.76E-02,1706,1.25E-01,1706,2.01E-01
1707,9.75E-02,1707,1.25E-01,1707,2.01E-01
1708,9.75E-02,1708,1.25E-01,1708,2.01E-01
1709,9.75E-02,1709,1.25E-01,1709,2.01E-01
1710,9.74E-02,1710,1.25E-01,1710,2.01E-01
1711,9.74E-02,1711,1.24E-01,1711,2.00E-01
1712,9.73E-02,1712,1.24E-01,1712,2.00E-01
1713,9.73E-02,1713,1.24E-01,1713,2.00E-01
1714,9.73E-02,1714,1.24E-01,1714,2.00E-01
1715,9.72E-02,1715,1.24E-01,1715,2.00E-01
1716,9.72E-02,1716,1.24E-01,1716,2.00E-01
1717,9.72E-02,1717,1.24E-01,1717,2.00E-01
1718,9.71E-02,1718,1.24E-01,1718,2.00E-01
1719,9.71E-02,1719,1.24E-01,1719,2.00E-01
1720,9.71E-02,1720,1.24E-01,1720,2.00E-01
1721,9.70E-02,1721,1.24E-01,1721,2.00E-01
1722,9.70E-02,1722,1.24E-01,1722,2.00E-01
1723,9.70E-02,1723,1.24E-01,1723,2.00E-01
1724,9.69E-02,1724,1.24E-01,1724,2.00E-01
1725,9.69E-02,1725,1.24E-01,1725,2.00E-01
1726,9.69E-02,1726,1.24E-01,1726,2.00E-01
1727,9.68E-02,1727,1.24E-01,1727,2.00E-01
1728,9.68E-02,1728,1.24E-01,1728,2.00E-01
1729,9.68E-02,1729,1.24E-01,1729,2.00E-01
1730,9.67E-02,1730,1.23E-01,1730,2.00E-01
1731,9.67E-02,1731,1.23E-01,1731,2.00E-01
1732,9.67E-02,1732,1.23E-01,1732,2.00E-01
1733,9.66E-02,1733,1.23E-01,1733,2.00E-01
1734,9.66E-02,1734,1.23E-01,1734,2.00E-01
1735,9.66E-02,1735,1.23E-01,1735,2.00E-01
1736,9.65E-02,1736,1.23E-01,1736,2.00E-01
1737,9.65E-02,1737,1.23E-01,1737,2.00E-01
1738,9.65E-02,1738,1.23E-01,1738,2.00E-01
1739,9.64E-02,1739,1.23E-01,1739,2.00E-01
1740,9.64E-02,1740,1.23E-01,1740,2.00E-01
1741,9.64E-02,1741,1.23E-01,1741,1.99E-01
1742,9.63E-02,1742,1.23E-01,1742,1.99E-01
1743,9.63E-02,1743,1.23E-01,1743,1.99E-01
1744,9.63E-02,1744,1.23E-01,1744,1.99E-01
1745,9.62E-02,1745,1.23E-01,1745,1.99E-01
1746,9.62E-02,1746,1.23E-01,1746,1.99E-01
1747,9.62E-02,1747,1.23E-01,1747,1.99E-01
1748,9.62E-02,1748,1.23E-01,1748,1.99E-01
1749,9.61E-02,1749,1.23E-01,1749,1.99E-01
1750,9.61E-02,1750,1.23E-01,1750,1.99E-01
1751,9.61E-02,1751,1.22E-01,1751,1.99E-01
1752,9.60E-02,1752,1.22E-01,1752,1.99E-01
1753,9.60E-02,1753,1.22E-01,1753,1.99E-01
1754,9.60E-02,1754,1.22E-01,1754,1.99E-01
1755,9.59E-02,1755,1.22E-01,1755,1.99E-01
1756,9.59E-02,1756,1.22E-01,1756,1.99E-01
1757,9.59E-02,1757,1.22E-01,1757,1.99E-01
1758,9.59E-02,1758,1.22E-01,1758,1.99E-01
1759,9.58E-02,1759,1.22E-01,1759,1.99E-01
1760,9.58E-02,1760,1.22E-01,1760,1.99E-01
1761,9.58E-02,1761,1.22E-01,1761,1.99E-01
1762,9.57E-02,1762,1.22E-01,1762,1.99E-01
1763,9.57E-02,1763,1.22E-01,1763,1.99E-01
1764,9.57E-02,1764,1.22E-01,1764,1.99E-01
1765,9.57E-02,1765,1.22E-01,1765,1.99E-01
1766,9.56E-02,1766,1.22E-01,1766,1.99E-01
1767,9.56E-02,1767,1.22E-01,1767,1.99E-01
1768,9.56E-02,1768,1.22E-01,1768,1.99E-01
1769,9.56E-02,1769,1.22E-01,1769,1.99E-01
1770,9.55E-02,1770,1.22E-01,1770,1.99E-01
1771,9.55E-02,1771,1.22E-01,1771,1.99E-01
1772,9.55E-02,1772,1.22E-01,1772,1.99E-01
1773,9.55E-02,1773,1.22E-01,1773,1.99E-01
1774,9.54E-02,1774,1.21E-01,1774,1.99E-01
1775,9.54E-02,1775,1.21E-01,1775,1.99E-01
1776,9.54E-02,1776,1.21E-01,1776,1.99E-01
1777,9.53E-02,1777,1.21E-01,1777,1.99E-01
1778,9.53E-02,1778,1.21E-01,1778,1.98E-01
1779,9.53E-02,1779,1.21E-01,1779,1.98E-01
1780,9.53E-02,1780,1.21E-01,1780,1.98E-01
1781,9.52E-02,1781,1.21E-01,1781,1.98E-01
1782,9.52E-02,1782,1.21E-01,1782,1.98E-01
1783,9.52E-02,1783,1.21E-01,1783,1.98E-01
1784,9.52E-02,1784,1.21E-01,1784,1.98E-01
1785,9.51E-02,1785,1.21E-01,1785,1.98E-01
1786,9.51E-02,1786,1.21E-01,1786,1.98E-01
1787,9.51E-02,1787,1.21E-01,1787,1.98E-01
1788,9.51E-02,1788,1.21E-01,1788,1.98E-01
1789,9.51E-02,1789,1.21E-01,1789,1.98E-01
1790,9.50E-02,1790,1.21E-01,1790,1.98E-01
1791,9.50E-02,1791,1.21E-01,1791,1.98E-01
1792,9.50E-02,1792,1.21E-01,1792,1.98E-01
1793,9.50E-02,1793,1.21E-01,1793,1.98E-01
1794,9.49E-02,1794,1.21E-01,1794,1.98E-01
1795,9.49E-02,1795,1.21E-01,1795,1.98E-01
1796,9.49E-02,1796,1.21E-01,1796,1.98E-01
1797,9.49E-02,1797,1.21E-01,1797,1.98E-01
1798,9.48E-02,1798,1.21E-01,1798,1.98E-01
1799,9.48E-02,1799,1.21E-01,1799,1.98E-01
1800,9.48E-02,1800,1.21E-01,1800,1.98E-01
1801,9.48E-02,1801,1.20E-01,1801,1.98E-01
1802,9.48E-02,1802,1.20E-01,1802,1.98E-01
1803,9.47E-02,1803,1.20E-01,1803,1.98E-01
1804,9.47E-02,1804,1.20E-01,1804,1.98E-01
1805,9.47E-02,1805,1.20E-01,1805,1.98E-01
1806,9.47E-02,1806,1.20E-01,1806,1.98E-01
1807,9.46E-02,1807,1.20E-01,1807,1.98E-01
1808,9.46E-02,1808,1.20E-01,1808,1.98E-01
1809,9.46E-02,1809,1.20E-01,1809,1.98E-01
1810,9.46E-02,1810,1.20E-01,1810,1.98E-01
1811,9.46E-02,1811,1.20E-01,1811,1.98E-01
1812,9.45E-02,1812,1.20E-01,1812,1.98E-01
1813,9.45E-02,1813,1.20E-01,1813,1.98E-01
1814,9.45E-02,1814,1.20E-01,1814,1.98E-01
1815,9.45E-02,1815,1.20E-01,1815,1.98E-01
1816,9.45E-02,1816,1.20E-01,1816,1.98E-01
1817,9.44E-02,1817,1.20E-01,1817,1.98E-01
1818,9.44E-02,1818,1.20E-01,1818,1.98E-01
1819,9.44E-02,1819,1.20E-01,1819,1.98E-01
1820,9.44E-02,1820,1.20E-01,1820,1.98E-01
1821,9.44E-02,1821,1.20E-01,1821,1.98E-01
1822,9.43E-02,1822,1.20E-01,1822,1.98E-01
1823,9.43E-02,1823,1.20E-01,1823,1.97E-01
1824,9.43E-02,1824,1.20E-01,1824,1.97E-01
1825,9.43E-02,1825,1.20E-01,1825,1.97E-01
1826,9.43E-02,1826,1.20E-01,1826,1.97E-01
1827,9.42E-02,1827,1.20E-01,1827,1.97E-01
1828,9.42E-02,1828,1.20E-01,1828,1.97E-01
1829,9.42E-02,1829,1.20E-01,1829,1.97E-01
1830,9.42E-02,1830,1.20E-01,1830,1.97E-01
1831,9.42E-02,1831,1.20E-01,1831,1.97E-01
1832,9.41E-02,1832,1.19E-01,1832,1.97E-01
1833,9.41E-02,1833,1.19E-01,1833,1.97E-01
1834,9.41E-02,1834,1.19E-01,1834,1.97E-01
1835,9.41E-02,1835,1.19E-01,1835,1.97E-01
1836,9.41E-02,1836,1.19E-01,1836,1.97E-01
1837,9.40E-02,1837,1.19E-01,1837,1.97E-01
1838,9.40E-02,1838,1.19E-01,1838,1.97E-01
1839,9.40E-02,1839,1.19E-01,1839,1.97E-01
1840,9.40E-02,1840,1.19E-01,1840,1.97E-01
1841,9.40E-02,1841,1.19E-01,1841,1.97E-01
1842,9.40E-02,1842,1.19E-01,1842,1.97E-01
1843,9.39E-02,1843,1.19E-01,1843,1.97E-01
1844,9.39E-02,1844,1.19E-01,1844,1.97E-01
1845,9.39E-02,1845,1.19E-01,1845,1.97E-01
1846,9.39E-02,1846,1.19E-01,1846,1.97E-01
1847,9.39E-02,1847,1.19E-01,1847,1.97E-01
1848,9.38E-02,1848,1.19E-01,1848,1.97E-01
1849,9.38E-02,1849,1.19E-01,1849,1.97E-01
1850,9.38E-02,1850,1.19E-01,1850,1.97E-01
1851,9.38E-02,1851,1.19E-01,1851,1.97E-01
1852,9.38E-02,1852,1.19E-01,1852,1.97E-01
1853,9.38E-02,1853,1.19E-01,1853,1.97E-01
1854,9.37E-02,1854,1.19E-01,1854,1.97E-01
1855,9.37E-02,1855,1.19E-01,1855,1.97E-01
1856,9.37E-02,1856,1.19E-01,1856,1.97E-01
1857,9.37E-02,1857,1.19E-01,1857,1.97E-01
1858,9.37E-02,1858,1.19E-01,1858,1.97E-01
1859,9.37E-02,1859,1.19E-01,1859,1.97E-01
1860,9.36E-02,1860,1.19E-01,1860,1.97E-01
1861,9.36E-02,1861,1.19E-01,1861,1.97E-01
1862,9.36E-02,1862,1.19E-01,1862,1.97E-01
1863,9.36E-02,1863,1.19E-01,1863,1.97E-01
1864,9.36E-02,1864,1.19E-01,1864,1.97E-01
1865,9.36E-02,1865,1.19E-01,1865,1.97E-01
1866,9.36E-02,1866,1.19E-01,1866,1.97E-01
1867,9.35E-02,1867,1.19E-01,1867,1.97E-01
1868,9.35E-02,1868,1.19E-01,1868,1.97E-01
1869,9.35E-02,1869,1.18E-01,1869,1.97E-01
1870,9.35E-02,1870,1.18E-01,1870,1.97E-01
1871,9.35E-02,1871,1.18E-01,1871,1.97E-01
1872,9.35E-02,1872,1.18E-01,1872,1.97E-01
1873,9.34E-02,1873,1.18E-01,1873,1.97E-01
1874,9.34E-02,1874,1.18E-01,1874,1.97E-01
1875,9.34E-02,1875,1.18E-01,1875,1.97E-01
1876,9.34E-02,1876,1.18E-01,1876,1.97E-01
1877,9.34E-02,1877,1.18E-01,1877,1.97E-01
1878,9.34E-02,1878,1.18E-01,1878,1.97E-01
1879,9.34E-02,1879,1.18E-01,1879,1.97E-01
1880,9.33E-02,1880,1.18E-01,1880,1.97E-01
1881,9.33E-02,1881,1.18E-01,1881,1.97E-01
1882,9.33E-02,1882,1.18E-01,1882,1.97E-01
1883,9.33E-02,1883,1.18E-01,1883,1.96E-01
1884,9.33E-02,1884,1.18E-01,1884,1.96E-01
1885,9.33E-02,1885,1.18E-01,1885,1.96E-01
1886,9.33E-02,1886,1.18E-01,1886,1.96E-01
1887,9.32E-02,1887,1.18E-01,1887,1.96E-01
1888,9.32E-02,1888,1.18E-01,1888,1.96E-01
1889,9.32E-02,1889,1.18E-01,1889,1.96E-01
1890,9.32E-02,1890,1.18E-01,1890,1.96E-01
1891,9.32E-02,1891,1.18E-01,1891,1.96E-01
1892,9.32E-02,1892,1.18E-01,1892,1.96E-01
1893,9.32E-02,1893,1.18E-01,1893,1.96E-01
1894,9.31E-02,1894,1.18E-01,1894,1.96E-01
1895,9.31E-02,1895,1.18E-01,1895,1.96E-01
1896,9.31E-02,1896,1.18E-01,1896,1.96E-01
1897,9.31E-02,1897,1.18E-01,1897,1.96E-01
1898,9.31E-02,1898,1.18E-01,1898,1.96E-01
1899,9.31E-02,1899,1.18E-01,1899,1.96E-01
1900,9.31E-02,1900,1.18E-01,1900,1.96E-01
1901,9.31E-02,1901,1.18E-01,1901,1.96E-01
1902,9.30E-02,1902,1.18E-01,1902,1.96E-01
1903,9.30E-02,1903,1.18E-01,1903,1.96E-01
1904,9.30E-02,1904,1.18E-01,1904,1.96E-01
1905,9.30E-02,1905,1.18E-01,1905,1.96E-01
1906,9.30E-02,1906,1.18E-01,1906,1.96E-01
1907,9.30E-02,1907,1.18E-01,1907,1.96E-01
1908,9.30E-02,1908,1.18E-01,1908,1.96E-01
1909,9.29E-02,1909,1.18E-01,1909,1.96E-01
1910,9.29E-02,1910,1.18E-01,1910,1.96E-01
1911,9.29E-02,1911,1.18E-01,1911,1.96E-01
1912,9.29E-02,1912,1.18E-01,1912,1.96E-01
1913,9.29E-02,1913,1.18E-01,1913,1.96E-01
1914,9.29E-02,1914,1.17E-01,1914,1.96E-01
1915,9.29E-02,1915,1.17E-01,1915,1.96E-01
1916,9.29E-02,1916,1.17E-01,1916,1.96E-01
1917,9.29E-02,1917,1.17E-01,1917,1.96E-01
1918,9.28E-02,1918,1.17E-01,1918,1.96E-01
1919,9.28E-02,1919,1.17E-01,1919,1.96E-01
1920,9.28E-02,1920,1.17E-01,1920,1.96E-01
1921,9.28E-02,1921,1.17E-01,1921,1.96E-01
1922,9.28E-02,1922,1.17E-01,1922,1.96E-01
1923,9.28E-02,1923,1.17E-01,1923,1.96E-01
1924,9.28E-02,1924,1.17E-01,1924,1.96E-01
1925,9.28E-02,1925,1.17E-01,1925,1.96E-01
1926,9.27E-02,1926,1.17E-01,1926,1.96E-01
1927,9.27E-02,1927,1.17E-01,1927,1.96E-01
1928,9.27E-02,1928,1.17E-01,1928,1.96E-01
1929,9.27E-02,1929,1.17E-01,1929,1.96E-01
1930,9.27E-02,1930,1.17E-01,1930,1.96E-01
1931,9.27E-02,1931,1.17E-01,1931,1.96E-01
1932,9.27E-02,1932,1.17E-01,1932,1.96E-01
1933,9.27E-02,1933,1.17E-01,1933,1.96E-01
1934,9.27E-02,1934,1.17E-01,1934,1.96E-01
1935,9.26E-02,1935,1.17E-01,1935,1.96E-01
1936,9.26E-02,1936,1.17E-01,1936,1.96E-01
1937,9.26E-02,1937,1.17E-01,1937,1.96E-01
1938,9.26E-02,1938,1.17E-01,1938,1.96E-01
1939,9.26E-02,1939,1.17E-01,1939,1.96E-01
1940,9.26E-02,1940,1.17E-01,1940,1.96E-01
1941,9.26E-02,1941,1.17E-01,1941,1.96E-01
1942,9.26E-02,1942,1.17E-01,1942,1.96E-01
1943,9.26E-02,1943,1.17E-01,1943,1.96E-01
1944,9.26E-02,1944,1.17E-01,1944,1.96E-01
1945,9.25E-02,1945,1.17E-01,1945,1.96E-01
1946,9.25E-02,1946,1.17E-01,1946,1.96E-01
1947,9.25E-02,1947,1.17E-01,1947,1.96E-01
1948,9.25E-02,1948,1.17E-01,1948,1.96E-01
1949,9.25E-02,1949,1.17E-01,1949,1.96E-01
1950,9.25E-02,1950,1.17E-01,1950,1.96E-01
1951,9.25E-02,1951,1.17E-01,1951,1.96E-01
1952,9.25E-02,1952,1.17E-01,1952,1.96E-01
1953,9.25E-02,1953,1.17E-01,1953,1.96E-01
1954,9.25E-02,1954,1.17E-01,1954,1.96E-01
1955,9.24E-02,1955,1.17E-01,1955,1.96E-01
1956,9.24E-02,1956,1.17E-01,1956,1.96E-01
1957,9.24E-02,1957,1.17E-01,1957,1.96E-01
1958,9.24E-02,1958,1.17E-01,1958,1.96E-01
1959,9.24E-02,1959,1.17E-01,1959,1.96E-01
1960,9.24E-02,1960,1.17E-01,1960,1.96E-01
1961,9.24E-02,1961,1.17E-01,1961,1.96E-01
1962,9.24E-02,1962,1.17E-01,1962,1.96E-01
1963,9.24E-02,1963,1.17E-01,1963,1.96E-01
1964,9.24E-02,1964,1.17E-01,1964,1.96E-01
1965,9.23E-02,1965,1.17E-01,1965,1.96E-01
1966,9.23E-02,1966,1.17E-01,1966,1.96E-01
1967,9.23E-02,1967,1.17E-01,1967,1.96E-01
1968,9.23E-02,1968,1.17E-01,1968,1.96E-01
1969,9.23E-02,1969,1.17E-01,1969,1.96E-01
1970,9.23E-02,1970,1.17E-01,1970,1.96E-01
1971,9.23E-02,1971,1.17E-01,1971,1.95E-01
1972,9.23E-02,1972,1.17E-01,1972,1.95E-01
1973,9.23E-02,1973,1.16E-01,1973,1.95E-01
1974,9.23E-02,1974,1.16E-01,1974,1.95E-01
1975,9.23E-02,1975,1.16E-01,1975,1.95E-01
1976,9.23E-02,1976,1.16E-01,1976,1.95E-01
1977,9.22E-02,1977,1.16E-01,1977,1.95E-01
1978,9.22E-02,1978,1.16E-01,1978,1.95E-01
1979,9.22E-02,1979,1.16E-01,1979,1.95E-01
1980,9.22E-02,1980,1.16E-01,1980,1.95E-01
1981,9.22E-02,1981,1.16E-01,1981,1.95E-01
1982,9.22E-02,1982,1.16E-01,1982,1.95E-01
1983,9.22E-02,1983,1.16E-01,1983,1.95E-01
1984,9.22E-02,1984,1.16E-01,1984,1.95E-01
1985,9.22E-02,1985,1.16E-01,1985,1.95E-01
1986,9.22E-02,1986,1.16E-01,1986,1.95E-01
1987,9.22E-02,1987,1.16E-01,1987,1.95E-01
1988,9.22E-02,1988,1.16E-01,1988,1.95E-01
1989,9.21E-02,1989,1.16E-01,1989,1.95E-01
1990,9.21E-02,1990,1.16E-01,1990,1.95E-01
