Test potential (mV),2020_Aslanidi_2009_atrial,Test potential (mV),2020_Beeler_1977,Test potential (mV),2020_Bernus_2002,Test potential (mV),2020_Bondarenko_2004,Test potential (mV),2020_Courtemanche_1998,Test potential (mV),2020_Priebe_1998,Test potential (mV),Corrias 2011,Test potential (mV),Demir 1999,Test potential (mV),Dokos 1996,Test potential (mV),Inada 2009 (atrio-nodal),Test potential (mV),Kurata 2002,Test potential (mV),Lindblad 1996,Test potential (mV),Lovell 2004 (ICaL),Test potential (mV),McAllister 1975 (Model B),Test potential (mV),Nygren 1998,Test potential (mV),Pandit 2001 (epi),Test potential (mV),Pohl 2016 (ICaL),Test potential (mV),Ramirez 2000,Test potential (mV),Varela 2016 (right atrium),Test potential (mV),Zhang 2000,Test potential (mV),Koivumaki 2011
-100.01,-150.01,-100.01,-377.706,-100.01,-384.988,-100.01,-163.01,-100.01,-165.01,-100.01,-386.195,-100.01,-386.066,-100.01,-146.41,-100.01,-311.066,-100.01,-162.51,-100.01,-145.01,-100.01,-160.01,-100.01,-149.73,-100.01,-178.51,-100.01,-160.01,-100.01,-165.01,-100.01,-311.066,-100.01,-165.01,-100.01,-160.01,-100.01,-146.41,-100.01,-160.01
-98.01,-148.01,-98.01,-375.706,-98.01,-382.988,-98.01,-161.01,-98.01,-163.01,-98.01,-384.195,-98.01,-384.066,-98.01,-144.41,-98.01,-309.066,-98.01,-160.51,-98.01,-143.01,-98.01,-158.01,-98.01,-147.73,-98.01,-176.41,-98.01,-158.01,-98.01,-163.01,-98.01,-309.066,-98.01,-163.01,-98.01,-158.01,-98.01,-144.41,-98.01,-158.01
-96.01,-146.01,-96.01,-373.706,-96.01,-380.988,-96.01,-159.01,-96.01,-161.01,-96.01,-382.195,-96.01,-382.066,-96.01,-142.41,-96.01,-307.066,-96.01,-158.51,-96.01,-141.01,-96.01,-156.01,-96.01,-145.73,-96.01,-174.31,-96.01,-156.01,-96.01,-161.01,-96.01,-307.066,-96.01,-161.01,-96.01,-156.01,-96.01,-142.41,-96.01,-156.01
-94.01,-144.01,-94.01,-371.706,-94.01,-378.988,-94.01,-157.01,-94.01,-159.01,-94.01,-380.195,-94.01,-380.066,-94.01,-140.41,-94.01,-305.066,-94.01,-156.51,-94.01,-139.01,-94.01,-154.01,-94.01,-143.73,-94.01,-172.21,-94.01,-154.01,-94.01,-159.01,-94.01,-305.066,-94.01,-159.01,-94.01,-154.01,-94.01,-140.41,-94.01,-154.01
-92.01,-142.01,-92.01,-369.706,-92.01,-376.988,-92.01,-155.01,-92.01,-157.01,-92.01,-378.195,-92.01,-378.066,-92.01,-138.41,-92.01,-303.066,-92.01,-154.51,-92.01,-137.01,-92.01,-152.01,-92.01,-141.73,-92.01,-170.111,-92.01,-152.01,-92.01,-157.01,-92.01,-303.066,-92.01,-157.01,-92.01,-152.01,-92.01,-138.41,-92.01,-152.01
-90.01,-140.01,-90.01,-367.706,-90.01,-374.988,-90.01,-153.01,-90.01,-155.01,-90.01,-376.195,-90.01,-376.066,-90.01,-136.41,-90.01,-301.066,-90.01,-152.51,-90.01,-135.01,-90.01,-150.01,-90.01,-139.73,-90.01,-168.01,-90.01,-150.01,-90.01,-155.01,-90.01,-301.066,-90.01,-155.01,-90.01,-150.01,-90.01,-136.41,-90.01,-150.01
-88.01,-138.01,-88.01,-365.706,-88.01,-372.988,-88.01,-151.01,-88.01,-153.01,-88.01,-374.195,-88.01,-374.066,-88.01,-134.41,-88.01,-299.066,-88.01,-150.51,-88.01,-133.01,-88.01,-148.01,-88.01,-137.73,-88.01,-165.91,-88.01,-148.01,-88.01,-153.01,-88.01,-299.066,-88.01,-153.01,-88.01,-148.01,-88.01,-134.41,-88.01,-148.01
-86.01,-136.01,-86.01,-363.706,-86.01,-370.988,-86.01,-149.01,-86.01,-151.01,-86.01,-372.195,-86.01,-372.066,-86.01,-132.41,-86.01,-297.066,-86.01,-148.51,-86.01,-131.01,-86.01,-146.01,-86.01,-135.73,-86.01,-163.81,-86.01,-146.01,-86.01,-151.01,-86.01,-297.066,-86.01,-151.01,-86.01,-146.01,-86.01,-132.41,-86.01,-146.01
-84.01,-134.01,-84.01,-361.706,-84.01,-368.988,-84.01,-147.01,-84.01,-149.01,-84.01,-370.195,-84.01,-370.066,-84.01,-130.41,-84.01,-295.066,-84.01,-146.51,-84.01,-129.01,-84.01,-144.01,-84.01,-133.73,-84.01,-161.71,-84.01,-144.01,-84.01,-149.01,-84.01,-295.066,-84.01,-149.01,-84.01,-144.01,-84.01,-130.41,-84.01,-144.01
-82.01,-132.01,-82.01,-359.706,-82.01,-366.988,-82.01,-145.01,-82.01,-147.01,-82.01,-368.195,-82.01,-368.066,-82.01,-128.41,-82.01,-293.066,-82.01,-144.51,-82.01,-127.01,-82.01,-142.01,-82.01,-131.73,-82.01,-159.611,-82.01,-142.01,-82.01,-147.01,-82.01,-293.066,-82.01,-147.01,-82.01,-142.01,-82.01,-128.41,-82.01,-142.01
-80.01,-130.01,-80.01,-357.706,-80.01,-364.988,-80.01,-143.01,-80.01,-145.01,-80.01,-366.195,-80.01,-366.066,-80.01,-126.41,-80.01,-291.066,-80.01,-142.51,-80.01,-125.01,-80.01,-140.01,-80.01,-129.73,-80.01,-157.51,-80.01,-140.01,-80.01,-145.01,-80.01,-291.066,-80.01,-145.01,-80.01,-140.01,-80.01,-126.41,-80.01,-140.01
-78.01,-128.01,-78.01,-355.706,-78.01,-362.988,-78.01,-141.01,-78.01,-143.01,-78.01,-364.195,-78.01,-364.066,-78.01,-124.41,-78.01,-289.066,-78.01,-140.51,-78.01,-123.01,-78.01,-138.01,-78.01,-127.73,-78.01,-155.41,-78.01,-138.01,-78.01,-143.01,-78.01,-289.066,-78.01,-143.01,-78.01,-138.01,-78.01,-124.41,-78.01,-138.01
-76.01,-126.01,-76.01,-353.706,-76.01,-360.988,-76.01,-139.01,-76.01,-141.01,-76.01,-362.195,-76.01,-362.066,-76.01,-122.41,-76.01,-287.066,-76.01,-138.51,-76.01,-121.01,-76.01,-136.01,-76.01,-125.73,-76.01,-153.31,-76.01,-136.01,-76.01,-141.01,-76.01,-287.066,-76.01,-141.01,-76.01,-136.01,-76.01,-122.41,-76.01,-136.01
-74.01,-124.01,-74.01,-351.706,-74.01,-358.988,-74.01,-137.01,-74.01,-139.01,-74.01,-360.195,-74.01,-360.066,-74.01,-120.41,-74.01,-285.066,-74.01,-136.51,-74.01,-119.01,-74.01,-134.01,-74.01,-123.73,-74.01,-151.21,-74.01,-134.01,-74.01,-139.01,-74.01,-285.066,-74.01,-139.01,-74.01,-134.01,-74.01,-120.41,-74.01,-134.01
-72.01,-122.01,-72.01,-349.706,-72.01,-356.988,-72.01,-135.01,-72.01,-137.01,-72.01,-358.195,-72.01,-358.066,-72.01,-118.41,-72.01,-283.066,-72.01,-134.51,-72.01,-117.01,-72.01,-132.01,-72.01,-121.73,-72.01,-149.111,-72.01,-132.01,-72.01,-137.01,-72.01,-283.066,-72.01,-137.01,-72.01,-132.01,-72.01,-118.41,-72.01,-132.01
-70.01,-120.01,-70.01,-347.706,-70.01,-354.988,-70.01,-133.01,-70.01,-135.01,-70.01,-356.195,-70.01,-356.066,-70.01,-116.41,-70.01,-281.066,-70.01,-132.51,-70.01,-115.01,-70.01,-130.01,-70.01,-119.73,-70.01,-147.01,-70.01,-130.01,-70.01,-135.01,-70.01,-281.066,-70.01,-135.01,-70.01,-130.01,-70.01,-116.41,-70.01,-130.01
-68.01,-118.01,-68.01,-345.706,-68.01,-352.988,-68.01,-131.01,-68.01,-133.01,-68.01,-354.195,-68.01,-354.066,-68.01,-114.41,-68.01,-279.066,-68.01,-130.51,-68.01,-113.01,-68.01,-128.01,-68.01,-117.73,-68.01,-144.91,-68.01,-128.01,-68.01,-133.01,-68.01,-279.066,-68.01,-133.01,-68.01,-128.01,-68.01,-114.41,-68.01,-128.01
-66.01,-116.01,-66.01,-343.706,-66.01,-350.988,-66.01,-129.01,-66.01,-131.01,-66.01,-352.195,-66.01,-352.066,-66.01,-112.41,-66.01,-277.066,-66.01,-128.51,-66.01,-111.01,-66.01,-126.01,-66.01,-115.73,-66.01,-142.81,-66.01,-126.01,-66.01,-131.01,-66.01,-277.066,-66.01,-131.01,-66.01,-126.01,-66.01,-112.41,-66.01,-126.01
-64.01,-114.01,-64.01,-341.706,-64.01,-348.988,-64.01,-127.01,-64.01,-129.01,-64.01,-350.195,-64.01,-350.066,-64.01,-110.41,-64.01,-275.066,-64.01,-126.51,-64.01,-109.01,-64.01,-124.01,-64.01,-113.73,-64.01,-140.71,-64.01,-124.01,-64.01,-129.01,-64.01,-275.066,-64.01,-129.01,-64.01,-124.01,-64.01,-110.41,-64.01,-124.01
-62.01,-112.01,-62.01,-339.706,-62.01,-346.988,-62.01,-125.01,-62.01,-127.01,-62.01,-348.195,-62.01,-348.066,-62.01,-108.41,-62.01,-273.066,-62.01,-124.51,-62.01,-107.01,-62.01,-122.01,-62.01,-111.73,-62.01,-138.611,-62.01,-122.01,-62.01,-127.01,-62.01,-273.066,-62.01,-127.01,-62.01,-122.01,-62.01,-108.41,-62.01,-122.01
-60.01,-110.01,-60.01,-337.706,-60.01,-344.988,-60.01,-123.01,-60.01,-125.01,-60.01,-346.195,-60.01,-346.066,-60.01,-106.41,-60.01,-271.066,-60.01,-122.51,-60.01,-105.01,-60.01,-120.01,-60.01,-109.73,-60.01,-136.51,-60.01,-120.01,-60.01,-125.01,-60.01,-271.066,-60.01,-125.01,-60.01,-120.01,-60.01,-106.41,-60.01,-120.01
-58.01,-108.01,-58.01,-335.706,-58.01,-342.988,-58.01,-121.01,-58.01,-123.01,-58.01,-344.195,-58.01,-344.066,-58.01,-104.41,-58.01,-269.066,-58.01,-120.51,-58.01,-103.01,-58.01,-118.01,-58.01,-107.73,-58.01,-134.41,-58.01,-118.01,-58.01,-123.01,-58.01,-269.066,-58.01,-123.01,-58.01,-118.01,-58.01,-104.41,-58.01,-118.01
-56.01,-106.01,-56.01,-333.706,-56.01,-340.988,-56.01,-119.01,-56.01,-121.01,-56.01,-342.195,-56.01,-342.066,-56.01,-102.41,-56.01,-267.066,-56.01,-118.51,-56.01,-101.01,-56.01,-116.01,-56.01,-105.73,-56.01,-132.31,-56.01,-116.01,-56.01,-121.01,-56.01,-267.066,-56.01,-121.01,-56.01,-116.01,-56.01,-102.41,-56.01,-116.01
-54.01,-104.01,-54.01,-331.706,-54.01,-338.988,-54.01,-117.01,-54.01,-119.01,-54.01,-340.195,-54.01,-340.066,-54.01,-100.41,-54.01,-265.066,-54.01,-116.51,-54.01,-99.01,-54.01,-114.01,-54.01,-103.73,-54.01,-130.21,-54.01,-114.01,-54.01,-119.01,-54.01,-265.066,-54.01,-119.01,-54.01,-114.01,-54.01,-100.41,-54.01,-114.01
-52.01,-102.01,-52.01,-329.706,-52.01,-336.988,-52.01,-115.01,-52.01,-117.01,-52.01,-338.195,-52.01,-338.066,-52.01,-98.41,-52.01,-263.066,-52.01,-114.51,-52.01,-97.01,-52.01,-112.01,-52.01,-101.73,-52.01,-128.111,-52.01,-112.01,-52.01,-117.01,-52.01,-263.066,-52.01,-117.01,-52.01,-112.01,-52.01,-98.41,-52.01,-112.01
-50.01,-100.01,-50.01,-327.706,-50.01,-334.988,-50.01,-113.01,-50.01,-115.01,-50.01,-336.195,-50.01,-336.066,-50.01,-96.41,-50.01,-261.066,-50.01,-112.51,-50.01,-95.01,-50.01,-110.01,-50.01,-99.73,-50.01,-126.011,-50.01,-110.01,-50.01,-115.01,-50.01,-261.066,-50.01,-115.01,-50.01,-110.01,-50.01,-96.41,-50.01,-110.01
-48.01,-98.01,-48.01,-325.706,-48.01,-332.988,-48.01,-111.01,-48.01,-113.01,-48.01,-334.195,-48.01,-334.066,-48.01,-94.41,-48.01,-259.066,-48.01,-110.51,-48.01,-93.01,-48.01,-108.01,-48.01,-97.73,-48.01,-123.911,-48.01,-108.01,-48.01,-113.01,-48.01,-259.066,-48.01,-113.01,-48.01,-108.01,-48.01,-94.41,-48.01,-108.01
-46.01,-96.01,-46.01,-323.706,-46.01,-330.988,-46.01,-109.01,-46.01,-111.01,-46.01,-332.195,-46.01,-332.066,-46.01,-92.41,-46.01,-257.066,-46.01,-108.51,-46.01,-91.01,-46.01,-106.01,-46.01,-95.73,-46.01,-121.811,-46.01,-106.01,-46.01,-111.01,-46.01,-257.066,-46.01,-111.01,-46.01,-106.01,-46.01,-92.41,-46.01,-106.01
-44.01,-94.01,-44.01,-321.706,-44.01,-328.988,-44.01,-107.01,-44.01,-109.01,-44.01,-330.195,-44.01,-330.066,-44.01,-90.41,-44.01,-255.066,-44.01,-106.51,-44.01,-89.01,-44.01,-104.01,-44.01,-93.73,-44.01,-119.711,-44.01,-104.01,-44.01,-109.01,-44.01,-255.066,-44.01,-109.01,-44.01,-104.01,-44.01,-90.41,-44.01,-104.01
-42.01,-92.01,-42.01,-319.706,-42.01,-326.988,-42.01,-105.01,-42.01,-107.01,-42.01,-328.195,-42.01,-328.066,-42.01,-88.41,-42.01,-253.066,-42.01,-104.51,-42.01,-87.01,-42.01,-102.01,-42.01,-91.73,-42.01,-117.611,-42.01,-102.01,-42.01,-107.01,-42.01,-253.066,-42.01,-107.01,-42.01,-102.01,-42.01,-88.41,-42.01,-102.01
-40.01,-90.01,-40.01,-317.706,-40.01,-324.988,-40.01,-103.01,-40.01,-105.01,-40.01,-326.195,-40.01,-326.066,-40.01,-86.41,-40.01,-251.066,-40.01,-102.51,-40.01,-85.01,-40.01,-100.01,-40.01,-89.73,-40.01,-115.511,-40.01,-100.01,-40.01,-105.01,-40.01,-251.066,-40.01,-105.01,-40.01,-100.01,-40.01,-86.41,-40.01,-100.01
-38.01,-88.01,-38.01,-315.706,-38.01,-322.988,-38.01,-101.01,-38.01,-103.01,-38.01,-324.195,-38.01,-324.066,-38.01,-84.41,-38.01,-249.066,-38.01,-100.51,-38.01,-83.01,-38.01,-98.01,-38.01,-87.73,-38.01,-113.41,-38.01,-98.01,-38.01,-103.01,-38.01,-249.066,-38.01,-103.01,-38.01,-98.01,-38.01,-84.41,-38.01,-98.01
-36.01,-86.01,-36.01,-313.706,-36.01,-320.988,-36.01,-99.01,-36.01,-101.01,-36.01,-322.195,-36.01,-322.066,-36.01,-82.41,-36.01,-247.066,-36.01,-98.51,-36.01,-81.01,-36.01,-96.01,-36.01,-85.73,-36.01,-111.311,-36.01,-96.01,-36.01,-101.01,-36.01,-247.066,-36.01,-101.01,-36.01,-96.01,-36.01,-82.41,-36.01,-96.01
-34.01,-84.01,-34.01,-311.706,-34.01,-318.988,-34.01,-97.01,-34.01,-99.01,-34.01,-320.195,-34.01,-320.066,-34.01,-80.41,-34.01,-245.066,-34.01,-96.51,-34.01,-79.01,-34.01,-94.01,-34.01,-83.73,-34.01,-109.211,-34.01,-94.01,-34.01,-99.01,-34.01,-245.066,-34.01,-99.01,-34.01,-94.01,-34.01,-80.41,-34.01,-94.01
-32.01,-82.01,-32.01,-309.706,-32.01,-316.988,-32.01,-95.01,-32.01,-97.01,-32.01,-318.195,-32.01,-318.066,-32.01,-78.41,-32.01,-243.066,-32.01,-94.51,-32.01,-77.01,-32.01,-92.01,-32.01,-81.73,-32.01,-107.111,-32.01,-92.01,-32.01,-97.01,-32.01,-243.066,-32.01,-97.01,-32.01,-92.01,-32.01,-78.41,-32.01,-92.01
-30.01,-80.01,-30.01,-307.706,-30.01,-314.988,-30.01,-93.01,-30.01,-95.01,-30.01,-316.195,-30.01,-316.066,-30.01,-76.41,-30.01,-241.066,-30.01,-92.51,-30.01,-75.01,-30.01,-90.01,-30.01,-79.73,-30.01,-105.011,-30.01,-90.01,-30.01,-95.01,-30.01,-241.066,-30.01,-95.01,-30.01,-90.01,-30.01,-76.41,-30.01,-90.01
-28.01,-78.01,-28.01,-305.706,-28.01,-312.988,-28.01,-91.01,-28.01,-93.01,-28.01,-314.195,-28.01,-314.066,-28.01,-74.41,-28.01,-239.066,-28.01,-90.51,-28.01,-73.01,-28.01,-88.01,-28.01,-77.73,-28.01,-102.91,-28.01,-88.01,-28.01,-93.01,-28.01,-239.066,-28.01,-93.01,-28.01,-88.01,-28.01,-74.41,-28.01,-88.01
-26.01,-76.01,-26.01,-303.706,-26.01,-310.988,-26.01,-89.01,-26.01,-91.01,-26.01,-312.195,-26.01,-312.066,-26.01,-72.41,-26.01,-237.066,-26.01,-88.51,-26.01,-71.01,-26.01,-86.01,-26.01,-75.73,-26.01,-100.811,-26.01,-86.01,-26.01,-91.01,-26.01,-237.066,-26.01,-91.01,-26.01,-86.01,-26.01,-72.41,-26.01,-86.01
-24.01,-74.01,-24.01,-301.706,-24.01,-308.988,-24.01,-87.01,-24.01,-89.01,-24.01,-310.195,-24.01,-310.066,-24.01,-70.41,-24.01,-235.066,-24.01,-86.51,-24.01,-69.01,-24.01,-84.01,-24.01,-73.73,-24.01,-98.7105,-24.01,-84.01,-24.01,-89.01,-24.01,-235.066,-24.01,-89.01,-24.01,-84.01,-24.01,-70.41,-24.01,-84.01
-22.01,-72.01,-22.01,-299.706,-22.01,-306.988,-22.01,-85.01,-22.01,-87.01,-22.01,-308.195,-22.01,-308.066,-22.01,-68.41,-22.01,-233.066,-22.01,-84.51,-22.01,-67.01,-22.01,-82.01,-22.01,-71.73,-22.01,-96.6105,-22.01,-82.01,-22.01,-87.01,-22.01,-233.066,-22.01,-87.01,-22.01,-82.01,-22.01,-68.41,-22.01,-82.01
-20.01,-70.01,-20.01,-297.706,-20.01,-304.988,-20.01,-83.01,-20.01,-85.01,-20.01,-306.195,-20.01,-306.066,-20.01,-66.41,-20.01,-231.066,-20.01,-82.51,-20.01,-65.01,-20.01,-80.01,-20.01,-69.73,-20.01,-94.5105,-20.01,-80.01,-20.01,-85.01,-20.01,-231.066,-20.01,-85.01,-20.01,-80.01,-20.01,-66.41,-20.01,-80.01
-18.01,-68.01,-18.01,-295.706,-18.01,-302.988,-18.01,-81.01,-18.01,-83.01,-18.01,-304.195,-18.01,-304.066,-18.01,-64.41,-18.01,-229.066,-18.01,-80.51,-18.01,-63.01,-18.01,-78.01,-18.01,-67.73,-18.01,-92.4105,-18.01,-78.01,-18.01,-83.01,-18.01,-229.066,-18.01,-83.01,-18.01,-78.01,-18.01,-64.41,-18.01,-78.01
-16.01,-66.01,-16.01,-293.706,-16.01,-300.988,-16.01,-79.01,-16.01,-81.01,-16.01,-302.195,-16.01,-302.066,-16.01,-62.41,-16.01,-227.066,-16.01,-78.51,-16.01,-61.01,-16.01,-76.01,-16.01,-65.73,-16.01,-90.3105,-16.01,-76.01,-16.01,-81.01,-16.01,-227.066,-16.01,-81.01,-16.01,-76.01,-16.01,-62.41,-16.01,-76.01
-14.01,-64.01,-14.01,-291.706,-14.01,-298.988,-14.01,-77.01,-14.01,-79.01,-14.01,-300.195,-14.01,-300.066,-14.01,-60.41,-14.01,-225.066,-14.01,-76.51,-14.01,-59.01,-14.01,-74.01,-14.01,-63.73,-14.01,-88.2105,-14.01,-74.01,-14.01,-79.01,-14.01,-225.066,-14.01,-79.01,-14.01,-74.01,-14.01,-60.41,-14.01,-74.01
-12.01,-62.01,-12.01,-289.706,-12.01,-296.988,-12.01,-75.01,-12.01,-77.01,-12.01,-298.195,-12.01,-298.066,-12.01,-58.41,-12.01,-223.066,-12.01,-74.51,-12.01,-57.01,-12.01,-72.01,-12.01,-61.73,-12.01,-86.1105,-12.01,-72.01,-12.01,-77.01,-12.01,-223.066,-12.01,-77.01,-12.01,-72.01,-12.01,-58.41,-12.01,-72.01
-10.01,-60.01,-10.01,-287.706,-10.01,-294.988,-10.01,-73.01,-10.01,-75.01,-10.01,-296.195,-10.01,-296.066,-10.01,-56.41,-10.01,-221.066,-10.01,-72.51,-10.01,-55.01,-10.01,-70.01,-10.01,-59.73,-10.01,-84.0105,-10.01,-70.01,-10.01,-75.01,-10.01,-221.066,-10.01,-75.01,-10.01,-70.01,-10.01,-56.41,-10.01,-70.01
-8.01,-58.01,-8.01,-285.706,-8.01,-292.988,-8.01,-71.01,-8.01,-73.01,-8.01,-294.195,-8.01,-294.066,-8.01,-54.41,-8.01,-219.066,-8.01,-70.51,-8.01,-53.01,-8.01,-68.01,-8.01,-57.73,-8.01,-81.9105,-8.01,-68.01,-8.01,-73.01,-8.01,-219.066,-8.01,-73.01,-8.01,-68.01,-8.01,-54.41,-8.01,-68.01
-6.01,-56.01,-6.01,-283.706,-6.01,-290.988,-6.01,-69.01,-6.01,-71.01,-6.01,-292.195,-6.01,-292.066,-6.01,-52.41,-6.01,-217.066,-6.01,-68.51,-6.01,-51.01,-6.01,-66.01,-6.01,-55.73,-6.01,-79.8105,-6.01,-66.01,-6.01,-71.01,-6.01,-217.066,-6.01,-71.01,-6.01,-66.01,-6.01,-52.41,-6.01,-66.01
-4.01,-54.01,-4.01,-281.706,-4.01,-288.988,-4.01,-67.01,-4.01,-69.01,-4.01,-290.195,-4.01,-290.066,-4.01,-50.41,-4.01,-215.066,-4.01,-66.51,-4.01,-49.01,-4.01,-64.01,-4.01,-53.73,-4.01,-77.7105,-4.01,-64.01,-4.01,-69.01,-4.01,-215.066,-4.01,-69.01,-4.01,-64.01,-4.01,-50.41,-4.01,-64.01
-2.01,-52.01,-2.01,-279.706,-2.01,-286.988,-2.01,-65.01,-2.01,-67.01,-2.01,-288.195,-2.01,-288.066,-2.01,-48.41,-2.01,-213.066,-2.01,-64.51,-2.01,-47.01,-2.01,-62.01,-2.01,-51.73,-2.01,-75.6105,-2.01,-62.01,-2.01,-67.01,-2.01,-213.066,-2.01,-67.01,-2.01,-62.01,-2.01,-48.41,-2.01,-62.01
-0.01,-50.01,-0.01,-277.706,-0.01,-284.988,-0.01,-63.01,-0.01,-65.01,-0.01,-286.195,-0.01,-286.066,-0.01,-46.41,-0.01,-211.066,-0.01,-62.51,-0.01,-45.01,-0.01,-60.01,-0.01,-49.73,-0.01,-73.5105,-0.01,-60.01,-0.01,-65.01,-0.01,-211.066,-0.01,-65.01,-0.01,-60.01,-0.01,-46.41,-0.01,-60.01
1.99,-48.01,1.99,-275.706,1.99,-282.988,1.99,-61.01,1.99,-63.01,1.99,-284.195,1.99,-284.066,1.99,-44.41,1.99,-209.066,1.99,-60.51,1.99,-43.01,1.99,-58.01,1.99,-47.73,1.99,-71.4105,1.99,-58.01,1.99,-63.01,1.99,-209.066,1.99,-63.01,1.99,-58.01,1.99,-44.41,1.99,-58.01
3.99,-46.01,3.99,-273.706,3.99,-280.988,3.99,-59.01,3.99,-61.01,3.99,-282.195,3.99,-282.066,3.99,-42.41,3.99,-207.066,3.99,-58.51,3.99,-41.01,3.99,-56.01,3.99,-45.73,3.99,-69.3105,3.99,-56.01,3.99,-61.01,3.99,-207.066,3.99,-61.01,3.99,-56.01,3.99,-42.41,3.99,-56.01
5.99,-44.01,5.99,-271.706,5.99,-278.988,5.99,-57.01,5.99,-59.01,5.99,-280.195,5.99,-280.066,5.99,-40.41,5.99,-205.066,5.99,-56.51,5.99,-39.01,5.99,-54.01,5.99,-43.73,5.99,-67.2105,5.99,-54.01,5.99,-59.01,5.99,-205.066,5.99,-59.01,5.99,-54.01,5.99,-40.41,5.99,-54.01
7.99,-42.01,7.99,-269.706,7.99,-276.988,7.99,-55.01,7.99,-57.01,7.99,-278.195,7.99,-278.066,7.99,-38.41,7.99,-203.066,7.99,-54.51,7.99,-37.01,7.99,-52.01,7.99,-41.73,7.99,-65.1105,7.99,-52.01,7.99,-57.01,7.99,-203.066,7.99,-57.01,7.99,-52.01,7.99,-38.41,7.99,-52.01
9.99,-40.01,9.99,-267.706,9.99,-274.988,9.99,-53.01,9.99,-55.01,9.99,-276.195,9.99,-276.066,9.99,-36.41,9.99,-201.066,9.99,-52.51,9.99,-35.01,9.99,-50.01,9.99,-39.73,9.99,-63.0105,9.99,-50.01,9.99,-55.01,9.99,-201.066,9.99,-55.01,9.99,-50.01,9.99,-36.41,9.99,-50.01
11.99,-38.01,11.99,-265.706,11.99,-272.988,11.99,-51.01,11.99,-53.01,11.99,-274.195,11.99,-274.066,11.99,-34.41,11.99,-199.066,11.99,-50.51,11.99,-33.01,11.99,-48.01,11.99,-37.73,11.99,-60.9105,11.99,-48.01,11.99,-53.01,11.99,-199.066,11.99,-53.01,11.99,-48.01,11.99,-34.41,11.99,-48.01
13.99,-36.01,13.99,-263.706,13.99,-270.988,13.99,-49.01,13.99,-51.01,13.99,-272.195,13.99,-272.066,13.99,-32.41,13.99,-197.066,13.99,-48.51,13.99,-31.01,13.99,-46.01,13.99,-35.73,13.99,-58.8105,13.99,-46.01,13.99,-51.01,13.99,-197.066,13.99,-51.01,13.99,-46.01,13.99,-32.41,13.99,-46.01
15.99,-34.01,15.99,-261.706,15.99,-268.988,15.99,-47.01,15.99,-49.01,15.99,-270.195,15.99,-270.066,15.99,-30.41,15.99,-195.066,15.99,-46.51,15.99,-29.01,15.99,-44.01,15.99,-33.73,15.99,-56.7105,15.99,-44.01,15.99,-49.01,15.99,-195.066,15.99,-49.01,15.99,-44.01,15.99,-30.41,15.99,-44.01
17.99,-32.01,17.99,-259.706,17.99,-266.988,17.99,-45.01,17.99,-47.01,17.99,-268.195,17.99,-268.066,17.99,-28.41,17.99,-193.066,17.99,-44.51,17.99,-27.01,17.99,-42.01,17.99,-31.73,17.99,-54.6105,17.99,-42.01,17.99,-47.01,17.99,-193.066,17.99,-47.01,17.99,-42.01,17.99,-28.41,17.99,-42.01
19.99,-30.01,19.99,-257.706,19.99,-264.988,19.99,-43.01,19.99,-45.01,19.99,-266.195,19.99,-266.066,19.99,-26.41,19.99,-191.066,19.99,-42.51,19.99,-25.01,19.99,-40.01,19.99,-29.73,19.99,-52.5105,19.99,-40.01,19.99,-45.01,19.99,-191.066,19.99,-45.01,19.99,-40.01,19.99,-26.41,19.99,-40.01
21.99,-28.01,21.99,-255.706,21.99,-262.988,21.99,-41.01,21.99,-43.01,21.99,-264.195,21.99,-264.066,21.99,-24.41,21.99,-189.066,21.99,-40.51,21.99,-23.01,21.99,-38.01,21.99,-27.73,21.99,-50.4105,21.99,-38.01,21.99,-43.01,21.99,-189.066,21.99,-43.01,21.99,-38.01,21.99,-24.41,21.99,-38.01
23.99,-26.01,23.99,-253.706,23.99,-260.988,23.99,-39.01,23.99,-41.01,23.99,-262.195,23.99,-262.066,23.99,-22.41,23.99,-187.066,23.99,-38.51,23.99,-21.01,23.99,-36.01,23.99,-25.73,23.99,-48.3105,23.99,-36.01,23.99,-41.01,23.99,-187.066,23.99,-41.01,23.99,-36.01,23.99,-22.41,23.99,-36.01
25.99,-24.01,25.99,-251.706,25.99,-258.988,25.99,-37.01,25.99,-39.01,25.99,-260.195,25.99,-260.066,25.99,-20.41,25.99,-185.066,25.99,-36.51,25.99,-19.01,25.99,-34.01,25.99,-23.73,25.99,-46.2105,25.99,-34.01,25.99,-39.01,25.99,-185.066,25.99,-39.01,25.99,-34.01,25.99,-20.41,25.99,-34.01
27.99,-22.01,27.99,-249.706,27.99,-256.988,27.99,-35.01,27.99,-37.01,27.99,-258.195,27.99,-258.066,27.99,-18.41,27.99,-183.066,27.99,-34.51,27.99,-17.01,27.99,-32.01,27.99,-21.73,27.99,-44.1105,27.99,-32.01,27.99,-37.01,27.99,-183.066,27.99,-37.01,27.99,-32.01,27.99,-18.41,27.99,-32.01
29.99,-20.01,29.99,-247.706,29.99,-254.988,29.99,-33.01,29.99,-35.01,29.99,-256.195,29.99,-256.066,29.99,-16.41,29.99,-181.066,29.99,-32.51,29.99,-15.01,29.99,-30.01,29.99,-19.73,29.99,-42.0105,29.99,-30.01,29.99,-35.01,29.99,-181.066,29.99,-35.01,29.99,-30.01,29.99,-16.41,29.99,-30.01
31.99,-18.01,31.99,-245.706,31.99,-252.988,31.99,-31.01,31.99,-33.01,31.99,-254.195,31.99,-254.066,31.99,-14.41,31.99,-179.066,31.99,-30.51,31.99,-13.01,31.99,-28.01,31.99,-17.73,31.99,-39.9105,31.99,-28.01,31.99,-33.01,31.99,-179.066,31.99,-33.01,31.99,-28.01,31.99,-14.41,31.99,-28.01
33.99,-16.01,33.99,-243.706,33.99,-250.988,33.99,-29.01,33.99,-31.01,33.99,-252.195,33.99,-252.066,33.99,-12.41,33.99,-177.066,33.99,-28.51,33.99,-11.01,33.99,-26.01,33.99,-15.73,33.99,-37.8105,33.99,-26.01,33.99,-31.01,33.99,-177.066,33.99,-31.01,33.99,-26.01,33.99,-12.41,33.99,-26.01
35.99,-14.01,35.99,-241.706,35.99,-248.988,35.99,-27.01,35.99,-29.01,35.99,-250.195,35.99,-250.066,35.99,-10.41,35.99,-175.066,35.99,-26.51,35.99,-9.01,35.99,-24.01,35.99,-13.73,35.99,-35.7105,35.99,-24.01,35.99,-29.01,35.99,-175.066,35.99,-29.01,35.99,-24.01,35.99,-10.41,35.99,-24.01
37.99,-12.01,37.99,-239.706,37.99,-246.988,37.99,-25.01,37.99,-27.01,37.99,-248.195,37.99,-248.066,37.99,-8.41,37.99,-173.066,37.99,-24.51,37.99,-7.01,37.99,-22.01,37.99,-11.73,37.99,-33.6105,37.99,-22.01,37.99,-27.01,37.99,-173.066,37.99,-27.01,37.99,-22.01,37.99,-8.41,37.99,-22.01
39.99,-10.01,39.99,-237.706,39.99,-244.988,39.99,-23.01,39.99,-25.01,39.99,-246.195,39.99,-246.066,39.99,-6.41,39.99,-171.066,39.99,-22.51,39.99,-5.01,39.99,-20.01,39.99,-9.73,39.99,-31.5105,39.99,-20.01,39.99,-25.01,39.99,-171.066,39.99,-25.01,39.99,-20.01,39.99,-6.41,39.99,-20.01
41.99,-8.01,41.99,-235.706,41.99,-242.988,41.99,-21.01,41.99,-23.01,41.99,-244.195,41.99,-244.066,41.99,-4.41,41.99,-169.066,41.99,-20.51,41.99,-3.01,41.99,-18.01,41.99,-7.73,41.99,-29.4105,41.99,-18.01,41.99,-23.01,41.99,-169.066,41.99,-23.01,41.99,-18.01,41.99,-4.41,41.99,-18.01
43.99,-6.01,43.99,-233.706,43.99,-240.988,43.99,-19.01,43.99,-21.01,43.99,-242.195,43.99,-242.066,43.99,-2.41,43.99,-167.066,43.99,-18.51,43.99,-1.01,43.99,-16.01,43.99,-5.73,43.99,-27.3105,43.99,-16.01,43.99,-21.01,43.99,-167.066,43.99,-21.01,43.99,-16.01,43.99,-2.41,43.99,-16.01
45.99,-4.01,45.99,-231.706,45.99,-238.988,45.99,-17.01,45.99,-19.01,45.99,-240.195,45.99,-240.066,45.99,-0.41,45.99,-165.066,45.99,-16.51,45.99,0.99,45.99,-14.01,45.99,-3.73,45.99,-25.2105,45.99,-14.01,45.99,-19.01,45.99,-165.066,45.99,-19.01,45.99,-14.01,45.99,-0.41,45.99,-14.01
47.99,-2.01,47.99,-229.706,47.99,-236.988,47.99,-15.01,47.99,-17.01,47.99,-238.195,47.99,-238.066,47.99,1.59,47.99,-163.066,47.99,-14.51,47.99,2.99,47.99,-12.01,47.99,-1.73,47.99,-23.1105,47.99,-12.01,47.99,-17.01,47.99,-163.066,47.99,-17.01,47.99,-12.01,47.99,1.59,47.99,-12.01
49.99,-0.01,49.99,-227.706,49.99,-234.988,49.99,-13.01,49.99,-15.01,49.99,-236.195,49.99,-236.066,49.99,3.59,49.99,-161.066,49.99,-12.51,49.99,4.99,49.99,-10.01,49.99,0.27,49.99,-21.0105,49.99,-10.01,49.99,-15.01,49.99,-161.066,49.99,-15.01,49.99,-10.01,49.99,3.59,49.99,-10.01
51.99,1.99,51.99,-225.706,51.99,-232.988,51.99,-11.01,51.99,-13.01,51.99,-234.195,51.99,-234.066,51.99,5.59,51.99,-159.066,51.99,-10.51,51.99,6.99,51.99,-8.01,51.99,2.27,51.99,-18.9105,51.99,-8.01,51.99,-13.01,51.99,-159.066,51.99,-13.01,51.99,-8.01,51.99,5.59,51.99,-8.01
53.99,3.99,53.99,-223.706,53.99,-230.988,53.99,-9.01,53.99,-11.01,53.99,-232.195,53.99,-232.066,53.99,7.59,53.99,-157.066,53.99,-8.51,53.99,8.99,53.99,-6.01,53.99,4.27,53.99,-16.8105,53.99,-6.01,53.99,-11.01,53.99,-157.066,53.99,-11.01,53.99,-6.01,53.99,7.59,53.99,-6.01
55.99,5.99,55.99,-221.706,55.99,-228.988,55.99,-7.01,55.99,-9.01,55.99,-230.195,55.99,-230.066,55.99,9.59,55.99,-155.066,55.99,-6.51,55.99,10.99,55.99,-4.01,55.99,6.27,55.99,-14.7105,55.99,-4.01,55.99,-9.01,55.99,-155.066,55.99,-9.01,55.99,-4.01,55.99,9.59,55.99,-4.01
57.99,7.99,57.99,-219.706,57.99,-226.988,57.99,-5.01,57.99,-7.01,57.99,-228.195,57.99,-228.066,57.99,11.59,57.99,-153.066,57.99,-4.51,57.99,12.99,57.99,-2.01,57.99,8.27,57.99,-12.6105,57.99,-2.01,57.99,-7.01,57.99,-153.066,57.99,-7.01,57.99,-2.01,57.99,11.59,57.99,-2.01
59.99,9.99,59.99,-217.706,59.99,-224.988,59.99,-3.01,59.99,-5.01,59.99,-226.195,59.99,-226.066,59.99,13.59,59.99,-151.066,59.99,-2.51,59.99,14.99,59.99,-0.01,59.99,10.27,59.99,-10.5105,59.99,-0.01,59.99,-5.01,59.99,-151.066,59.99,-5.01,59.99,-0.01,59.99,13.59,59.99,-0.01
61.99,11.99,61.99,-215.706,61.99,-222.988,61.99,-1.01,61.99,-3.01,61.99,-224.195,61.99,-224.066,61.99,15.59,61.99,-149.066,61.99,-0.51,61.99,16.99,61.99,1.99,61.99,12.27,61.99,-8.4105,61.99,1.99,61.99,-3.01,61.99,-149.066,61.99,-3.01,61.99,1.99,61.99,15.59,61.99,1.99
63.99,13.99,63.99,-213.706,63.99,-220.988,63.99,0.99,63.99,-1.01,63.99,-222.195,63.99,-222.066,63.99,17.59,63.99,-147.066,63.99,1.49,63.99,18.99,63.99,3.99,63.99,14.27,63.99,-6.3105,63.99,3.99,63.99,-1.01,63.99,-147.066,63.99,-1.01,63.99,3.99,63.99,17.59,63.99,3.99
65.99,15.99,65.99,-211.706,65.99,-218.988,65.99,2.99,65.99,0.99,65.99,-220.195,65.99,-220.066,65.99,19.59,65.99,-145.066,65.99,3.49,65.99,20.99,65.99,5.99,65.99,16.27,65.99,-4.2105,65.99,5.99,65.99,0.99,65.99,-145.066,65.99,0.99,65.99,5.99,65.99,19.59,65.99,5.99
67.99,17.99,67.99,-209.706,67.99,-216.988,67.99,4.99,67.99,2.99,67.99,-218.195,67.99,-218.066,67.99,21.59,67.99,-143.066,67.99,5.49,67.99,22.99,67.99,7.99,67.99,18.27,67.99,-2.1105,67.99,7.99,67.99,2.99,67.99,-143.066,67.99,2.99,67.99,7.99,67.99,21.59,67.99,7.99
69.99,19.99,69.99,-207.706,69.99,-214.988,69.99,6.99,69.99,4.99,69.99,-216.195,69.99,-216.066,69.99,23.59,69.99,-141.066,69.99,7.49,69.99,24.99,69.99,9.99,69.99,20.27,69.99,-0.0105,69.99,9.99,69.99,4.99,69.99,-141.066,69.99,4.99,69.99,9.99,69.99,23.59,69.99,9.99
71.99,21.99,71.99,-205.706,71.99,-212.988,71.99,8.99,71.99,6.99,71.99,-214.195,71.99,-214.066,71.99,25.59,71.99,-139.066,71.99,9.49,71.99,26.99,71.99,11.99,71.99,22.27,71.99,2.0895,71.99,11.99,71.99,6.99,71.99,-139.066,71.99,6.99,71.99,11.99,71.99,25.59,71.99,11.99
73.99,23.99,73.99,-203.706,73.99,-210.988,73.99,10.99,73.99,8.99,73.99,-212.195,73.99,-212.066,73.99,27.59,73.99,-137.066,73.99,11.49,73.99,28.99,73.99,13.99,73.99,24.27,73.99,4.1895,73.99,13.99,73.99,8.99,73.99,-137.066,73.99,8.99,73.99,13.99,73.99,27.59,73.99,13.99
75.99,25.99,75.99,-201.706,75.99,-208.988,75.99,12.99,75.99,10.99,75.99,-210.195,75.99,-210.066,75.99,29.59,75.99,-135.066,75.99,13.49,75.99,30.99,75.99,15.99,75.99,26.27,75.99,6.2895,75.99,15.99,75.99,10.99,75.99,-135.066,75.99,10.99,75.99,15.99,75.99,29.59,75.99,15.99
77.99,27.99,77.99,-199.706,77.99,-206.988,77.99,14.99,77.99,12.99,77.99,-208.195,77.99,-208.066,77.99,31.59,77.99,-133.066,77.99,15.49,77.99,32.99,77.99,17.99,77.99,28.27,77.99,8.3895,77.99,17.99,77.99,12.99,77.99,-133.066,77.99,12.99,77.99,17.99,77.99,31.59,77.99,17.99
79.99,29.99,79.99,-197.706,79.99,-204.988,79.99,16.99,79.99,14.99,79.99,-206.195,79.99,-206.066,79.99,33.59,79.99,-131.066,79.99,17.49,79.99,34.99,79.99,19.99,79.99,30.27,79.99,10.4895,79.99,19.99,79.99,14.99,79.99,-131.066,79.99,14.99,79.99,19.99,79.99,33.59,79.99,19.99
81.99,31.99,81.99,-195.706,81.99,-202.988,81.99,18.99,81.99,16.99,81.99,-204.195,81.99,-204.066,81.99,35.59,81.99,-129.066,81.99,19.49,81.99,36.99,81.99,21.99,81.99,32.27,81.99,12.5895,81.99,21.99,81.99,16.99,81.99,-129.066,81.99,16.99,81.99,21.99,81.99,35.59,81.99,21.99
83.99,33.99,83.99,-193.706,83.99,-200.988,83.99,20.99,83.99,18.99,83.99,-202.195,83.99,-202.066,83.99,37.59,83.99,-127.066,83.99,21.49,83.99,38.99,83.99,23.99,83.99,34.27,83.99,14.6895,83.99,23.99,83.99,18.99,83.99,-127.066,83.99,18.99,83.99,23.99,83.99,37.59,83.99,23.99
85.99,35.99,85.99,-191.706,85.99,-198.988,85.99,22.99,85.99,20.99,85.99,-200.195,85.99,-200.066,85.99,39.59,85.99,-125.066,85.99,23.49,85.99,40.99,85.99,25.99,85.99,36.27,85.99,16.7895,85.99,25.99,85.99,20.99,85.99,-125.066,85.99,20.99,85.99,25.99,85.99,39.59,85.99,25.99
87.99,37.99,87.99,-189.706,87.99,-196.988,87.99,24.99,87.99,22.99,87.99,-198.195,87.99,-198.066,87.99,41.59,87.99,-123.066,87.99,25.49,87.99,42.99,87.99,27.99,87.99,38.27,87.99,18.8895,87.99,27.99,87.99,22.99,87.99,-123.066,87.99,22.99,87.99,27.99,87.99,41.59,87.99,27.99
89.99,39.99,89.99,-187.706,89.99,-194.988,89.99,26.99,89.99,24.99,89.99,-196.195,89.99,-196.066,89.99,43.59,89.99,-121.066,89.99,27.49,89.99,44.99,89.99,29.99,89.99,40.27,89.99,20.9895,89.99,29.99,89.99,24.99,89.99,-121.066,89.99,24.99,89.99,29.99,89.99,43.59,89.99,29.99
91.99,41.99,91.99,-185.706,91.99,-192.988,91.99,28.99,91.99,26.99,91.99,-194.195,91.99,-194.066,91.99,45.59,91.99,-119.066,91.99,29.49,91.99,46.99,91.99,31.99,91.99,42.27,91.99,23.0895,91.99,31.99,91.99,26.99,91.99,-119.066,91.99,26.99,91.99,31.99,91.99,45.59,91.99,31.99
93.99,43.99,93.99,-183.706,93.99,-190.988,93.99,30.99,93.99,28.99,93.99,-192.195,93.99,-192.066,93.99,47.59,93.99,-117.066,93.99,31.49,93.99,48.99,93.99,33.99,93.99,44.27,93.99,25.1895,93.99,33.99,93.99,28.99,93.99,-117.066,93.99,28.99,93.99,33.99,93.99,47.59,93.99,33.99
95.99,45.99,95.99,-181.706,95.99,-188.988,95.99,32.99,95.99,30.99,95.99,-190.195,95.99,-190.066,95.99,49.59,95.99,-115.066,95.99,33.49,95.99,50.99,95.99,35.99,95.99,46.27,95.99,27.2895,95.99,35.99,95.99,30.99,95.99,-115.066,95.99,30.99,95.99,35.99,95.99,49.59,95.99,35.99
97.99,47.99,97.99,-179.706,97.99,-186.988,97.99,34.99,97.99,32.99,97.99,-188.195,97.99,-188.066,97.99,51.59,97.99,-113.066,97.99,35.49,97.99,52.99,97.99,37.99,97.99,48.27,97.99,29.3895,97.99,37.99,97.99,32.99,97.99,-113.066,97.99,32.99,97.99,37.99,97.99,51.59,97.99,37.99
# x axis: Test potential (mV); y axis: Ohmic Driving Term (mV),,,,,,,,,,,,,,,,,,,,,,,,,,,,,,,,,,,,,,,,,
