Test potential (mV),2020_Aslanidi_2009_purkinje,Test potential (mV),2020_Decker_2009,Test potential (mV),2020_DiFrancesco_1985,Test potential (mV),2020_Grandi_2010,Test potential (mV),2020_Hund_2004,Test potential (mV),2020_Iyer 2004,Test potential (mV),2020_Li_2010,Test potential (mV),2020_Livshitz_2007,Test potential (mV),2020_Luo_1994,Test potential (mV),2020_Mahajan_2008,Test potential (mV),2020_Matsuoka_2003,Test potential (mV),2020_Noble_1991,Test potential (mV),2020_Noble_1998,Test potential (mV),2020_ohara_2011,Test potential (mV),2020_Shannon_2004,Test potential (mV),2020_ten_Tusscher_2004,Test potential (mV),2020_ten_Tusscher_2006,Test potential (mV),2020_Tomek_2019,Test potential (mV),2020_Winslow_1999,Test potential (mV),Bartolucci 2020 (epi),Test potential (mV),Cabo 2003 (Non-infarcted) (ICaL),Test potential (mV),Cortassa 2006 (ICaL),Test potential (mV),Faber 2007 (ICaL),Test potential (mV),Fink_2008,Test potential (mV),Fox 2002,Test potential (mV),Grandi 2011,Test potential (mV),Heijman 2011,Test potential (mV),Hilgemann 1987,Test potential (mV),Hund 2008 (NZ)(ICaL),Test potential (mV),Jafri 1998,Test potential (mV),Kernik 2019 (ICaL),Test potential (mV),Li 2011 (ICaL),Test potential (mV),Michailova 2005,Test potential (mV),Nordin 1993 (ICaL),Test potential (mV),Paci 2013 (atrial-like),Test potential (mV),Pasek 2006,Test potential (mV),Sato 2006 (ICaL),Test potential (mV),Trovato 2020,Test potential (mV),Wilders 1991 (ICaL),Test potential (mV),Zeng 1995 (ICaL),Test potential (mV),Liu 1993 (ICaL)
-100.01,-1.13346,-100.01,-0.986004,-100.01,-5.10372,-100.01,-0.987316,-100.01,-1.13346,-100.01,-0.986347,-100.01,-2.91111,-100.01,-1.13346,-100.01,-1.03938,-100.01,-0.992332,-100.01,-1.44692,-100.01,-5.09639,-100.01,-1.84549,-100.01,-1.03465,-100.01,-0.987315,-100.01,-0.986004,-100.01,-3.32394,-100.01,-1.82555,-100.01,-0.985956,-100.01,-1.03465,-100.01,-1.07305,-100.01,-0.98631,-100.01,-1.03458,-100.01,-3.32377,-100.01,-0.986311,-100.01,-0.987316,-100.01,-0.986045,-100.01,-4.41237,-100.01,-0.986004,-100.01,-0.9933,-100.01,-0.987267,-100.01,-1.13346,-100.01,-1.00629,-100.01,-4.34312,-100.01,-0.985956,-100.01,-1.03678,-100.01,-0.98631,-100.01,-1.03465,-100.01,-5.10141,-100.01,-1.03208,-100.01,-0.999828
-98.01,-1.11378,-98.01,-0.966374,-98.01,-5.03442,-98.01,-0.967626,-98.01,-1.11378,-98.01,-0.966689,-98.01,-2.85314,-98.01,-1.11378,-98.01,-1.01874,-98.01,-0.972571,-98.01,-1.41808,-98.01,-5.02829,-98.01,-1.82072,-98.01,-1.01411,-98.01,-0.967625,-98.01,-0.966374,-98.01,-3.26623,-98.01,-1.78927,-98.01,-0.966326,-98.01,-1.01411,-98.01,-1.05179,-98.01,-0.966673,-98.01,-1.01403,-98.01,-3.26607,-98.01,-0.966674,-98.01,-0.967626,-98.01,-0.966414,-98.01,-4.35329,-98.01,-0.966374,-98.01,-0.973522,-98.01,-0.967578,-98.01,-1.11378,-98.01,-0.988029,-98.01,-4.28527,-98.01,-0.966326,-98.01,-1.01611,-98.01,-0.966673,-98.01,-1.01411,-98.01,-5.03214,-98.01,-1.01159,-98.01,-0.999803
-96.01,-1.09411,-96.01,-0.946753,-96.01,-4.96506,-96.01,-0.947945,-96.01,-1.09411,-96.01,-0.947039,-96.01,-2.7952,-96.01,-1.09411,-96.01,-0.998115,-96.01,-0.952821,-96.01,-1.38925,-96.01,-4.96018,-96.01,-1.79595,-96.01,-0.993574,-96.01,-0.947945,-96.01,-0.946753,-96.01,-3.20853,-96.01,-1.753,-96.01,-0.946706,-96.01,-0.993574,-96.01,-1.03054,-96.01,-0.947046,-96.01,-0.993502,-96.01,-3.20838,-96.01,-0.947047,-96.01,-0.947945,-96.01,-0.946792,-96.01,-4.29419,-96.01,-0.946753,-96.01,-0.953754,-96.01,-0.947899,-96.01,-1.09411,-96.01,-0.969837,-96.01,-4.22742,-96.01,-0.946706,-96.01,-0.995449,-96.01,-0.947047,-96.01,-0.993574,-96.01,-4.9628,-96.01,-0.991104,-96.01,-0.999775
-94.01,-1.07444,-94.01,-0.927144,-94.01,-4.89563,-94.01,-0.928275,-94.01,-1.07444,-94.01,-0.927399,-94.01,-2.7373,-94.01,-1.07444,-94.01,-0.9775,-94.01,-0.933082,-94.01,-1.36044,-94.01,-4.89207,-94.01,-1.77117,-94.01,-0.973055,-94.01,-0.928274,-94.01,-0.927144,-94.01,-3.15085,-94.01,-1.71677,-94.01,-0.927098,-94.01,-0.973055,-94.01,-1.0093,-94.01,-0.927431,-94.01,-0.972985,-94.01,-3.1507,-94.01,-0.927432,-94.01,-0.928275,-94.01,-0.927183,-94.01,-4.23508,-94.01,-0.927144,-94.01,-0.933998,-94.01,-0.928229,-94.01,-1.07444,-94.01,-0.951723,-94.01,-4.16956,-94.01,-0.927099,-94.01,-0.974799,-94.01,-0.927432,-94.01,-0.973055,-94.01,-4.8934,-94.01,-0.970637,-94.01,-0.999743
-92.01,-1.05478,-92.01,-0.907549,-92.01,-4.82613,-92.01,-0.908616,-92.01,-1.05478,-92.01,-0.907769,-92.01,-2.67943,-92.01,-1.05478,-92.01,-0.9569,-92.01,-0.913356,-92.01,-1.33165,-92.01,-4.82394,-92.01,-1.74638,-92.01,-0.952553,-92.01,-0.908616,-92.01,-0.907549,-92.01,-3.09319,-92.01,-1.68056,-92.01,-0.907503,-92.01,-0.952553,-92.01,-0.988083,-92.01,-0.907829,-92.01,-0.952484,-92.01,-3.09303,-92.01,-0.90783,-92.01,-0.908616,-92.01,-0.907586,-92.01,-4.17596,-92.01,-0.907549,-92.01,-0.914254,-92.01,-0.908571,-92.01,-1.05478,-92.01,-0.933688,-92.01,-4.11171,-92.01,-0.907504,-92.01,-0.95416,-92.01,-0.90783,-92.01,-0.952553,-92.01,-4.82393,-92.01,-0.950185,-92.01,-0.999707
-90.01,-1.03512,-90.01,-0.887968,-90.01,-4.75656,-90.01,-0.888971,-90.01,-1.03512,-90.01,-0.888152,-90.01,-2.6216,-90.01,-1.03512,-90.01,-0.936318,-90.01,-0.893645,-90.01,-1.30288,-90.01,-4.75581,-90.01,-1.72158,-90.01,-0.932068,-90.01,-0.88897,-90.01,-0.887968,-90.01,-3.03554,-90.01,-1.64438,-90.01,-0.887923,-90.01,-0.932068,-90.01,-0.966886,-90.01,-0.888242,-90.01,-0.932,-90.01,-3.03539,-90.01,-0.888243,-90.01,-0.888971,-90.01,-0.888005,-90.01,-4.11683,-90.01,-0.887968,-90.01,-0.894525,-90.01,-0.888927,-90.01,-1.03512,-90.01,-0.915737,-90.01,-4.05386,-90.01,-0.887924,-90.01,-0.933534,-90.01,-0.888243,-90.01,-0.932068,-90.01,-4.75439,-90.01,-0.929751,-90.01,-0.999665
-88.01,-1.01547,-88.01,-0.868404,-88.01,-4.68691,-88.01,-0.86934,-88.01,-1.01547,-88.01,-0.86855,-88.01,-2.56382,-88.01,-1.01547,-88.01,-0.915755,-88.01,-0.873949,-88.01,-1.27413,-88.01,-4.68768,-88.01,-1.69678,-88.01,-0.911602,-88.01,-0.86934,-88.01,-0.868404,-88.01,-2.97791,-88.01,-1.60823,-88.01,-0.868359,-88.01,-0.911602,-88.01,-0.945709,-88.01,-0.868671,-88.01,-0.911536,-88.01,-2.97776,-88.01,-0.868672,-88.01,-0.86934,-88.01,-0.86844,-88.01,-4.05768,-88.01,-0.868404,-88.01,-0.874813,-88.01,-0.869298,-88.01,-1.01547,-88.01,-0.897874,-88.01,-3.99602,-88.01,-0.868361,-88.01,-0.912921,-88.01,-0.868672,-88.01,-0.911602,-88.01,-4.68477,-88.01,-0.909336,-88.01,-0.999617
-86.01,-0.995823,-86.01,-0.848858,-86.01,-4.61718,-86.01,-0.849727,-86.01,-0.995823,-86.01,-0.848963,-86.01,-2.5061,-86.01,-0.995823,-86.01,-0.895213,-86.01,-0.854272,-86.01,-1.24541,-86.01,-4.61953,-86.01,-1.67196,-86.01,-0.891158,-86.01,-0.849727,-86.01,-0.848858,-86.01,-2.9203,-86.01,-1.57212,-86.01,-0.848814,-86.01,-0.891158,-86.01,-0.924557,-86.01,-0.849119,-86.01,-0.891094,-86.01,-2.92016,-86.01,-0.849121,-86.01,-0.849727,-86.01,-0.848893,-86.01,-3.99851,-86.01,-0.848858,-86.01,-0.855119,-86.01,-0.849685,-86.01,-0.995823,-86.01,-0.880101,-86.01,-3.93817,-86.01,-0.848817,-86.01,-0.892324,-86.01,-0.849121,-86.01,-0.891158,-86.01,-4.61507,-86.01,-0.888943,-86.01,-0.999562
-84.01,-0.976188,-84.01,-0.829334,-84.01,-4.54736,-84.01,-0.830134,-84.01,-0.976188,-84.01,-0.829395,-84.01,-2.44843,-84.01,-0.976188,-84.01,-0.874695,-84.01,-0.834616,-84.01,-1.21671,-84.01,-4.55138,-84.01,-1.64713,-84.01,-0.870738,-84.01,-0.830133,-84.01,-0.829334,-84.01,-2.86272,-84.01,-1.53605,-84.01,-0.829291,-84.01,-0.870738,-84.01,-0.903431,-84.01,-0.829588,-84.01,-0.870675,-84.01,-2.86258,-84.01,-0.82959,-84.01,-0.830134,-84.01,-0.829368,-84.01,-3.93933,-84.01,-0.829334,-84.01,-0.835446,-84.01,-0.830093,-84.01,-0.976188,-84.01,-0.862424,-84.01,-3.88033,-84.01,-0.829293,-84.01,-0.871746,-84.01,-0.82959,-84.01,-0.870738,-84.01,-4.54529,-84.01,-0.868574,-84.01,-0.9995
-82.01,-0.956562,-82.01,-0.809833,-82.01,-4.47746,-82.01,-0.810562,-82.01,-0.956562,-82.01,-0.809848,-82.01,-2.39084,-82.01,-0.956562,-82.01,-0.854204,-82.01,-0.814983,-82.01,-1.18805,-82.01,-4.48322,-82.01,-1.62229,-82.01,-0.850345,-82.01,-0.810561,-82.01,-0.809833,-82.01,-2.80517,-82.01,-1.50002,-82.01,-0.80979,-82.01,-0.850345,-82.01,-0.882335,-82.01,-0.810081,-82.01,-0.850283,-82.01,-2.80503,-82.01,-0.810083,-82.01,-0.810562,-82.01,-0.809867,-82.01,-3.88014,-82.01,-0.809833,-82.01,-0.815797,-82.01,-0.810522,-82.01,-0.956562,-82.01,-0.844844,-82.01,-3.82249,-82.01,-0.809794,-82.01,-0.851187,-82.01,-0.810083,-82.01,-0.850345,-82.01,-4.47541,-82.01,-0.848231,-82.01,-0.999429
-80.01,-0.936947,-80.01,-0.790359,-80.01,-4.40745,-80.01,-0.791015,-80.01,-0.936947,-80.01,-0.790323,-80.01,-2.33332,-80.01,-0.936947,-80.01,-0.833743,-80.01,-0.795376,-80.01,-1.15943,-80.01,-4.41504,-80.01,-1.59744,-80.01,-0.829981,-80.01,-0.791014,-80.01,-0.790359,-80.01,-2.74765,-80.01,-1.46405,-80.01,-0.790317,-80.01,-0.829981,-80.01,-0.861271,-80.01,-0.790601,-80.01,-0.829922,-80.01,-2.74751,-80.01,-0.790603,-80.01,-0.791015,-80.01,-0.790392,-80.01,-3.82092,-80.01,-0.790359,-80.01,-0.796174,-80.01,-0.790976,-80.01,-0.936947,-80.01,-0.827368,-80.01,-3.76466,-80.01,-0.790321,-80.01,-0.830652,-80.01,-0.790603,-80.01,-0.829981,-80.01,-4.40544,-80.01,-0.827918,-80.01,-0.999347
-78.01,-0.917345,-78.01,-0.770915,-78.01,-4.33735,-78.01,-0.771496,-78.01,-0.917345,-78.01,-0.770825,-78.01,-2.27588,-78.01,-0.917345,-78.01,-0.813314,-78.01,-0.775799,-78.01,-1.13085,-78.01,-4.34686,-78.01,-1.57258,-78.01,-0.809651,-78.01,-0.771496,-78.01,-0.770915,-78.01,-2.69016,-78.01,-1.42814,-78.01,-0.770873,-78.01,-0.809651,-78.01,-0.840243,-78.01,-0.77115,-78.01,-0.809593,-78.01,-2.69003,-78.01,-0.771152,-78.01,-0.771496,-78.01,-0.770947,-78.01,-3.76169,-78.01,-0.770915,-78.01,-0.776581,-78.01,-0.771458,-78.01,-0.917345,-78.01,-0.809998,-78.01,-3.70683,-78.01,-0.770877,-78.01,-0.810143,-78.01,-0.771153,-78.01,-0.809651,-78.01,-4.33537,-78.01,-0.807639,-78.01,-0.999254
-76.01,-0.897756,-76.01,-0.751504,-76.01,-4.26715,-76.01,-0.752009,-76.01,-0.897756,-76.01,-0.751357,-76.01,-2.21855,-76.01,-0.897756,-76.01,-0.792923,-76.01,-0.756255,-76.01,-1.10232,-76.01,-4.27867,-76.01,-1.5477,-76.01,-0.789358,-76.01,-0.752008,-76.01,-0.751504,-76.01,-2.63272,-76.01,-1.39229,-76.01,-0.751463,-76.01,-0.789358,-76.01,-0.819255,-76.01,-0.751732,-76.01,-0.789302,-76.01,-2.63259,-76.01,-0.751735,-76.01,-0.752009,-76.01,-0.751535,-76.01,-3.70244,-76.01,-0.751504,-76.01,-0.757021,-76.01,-0.751972,-76.01,-0.897756,-76.01,-0.792739,-76.01,-3.649,-76.01,-0.751468,-76.01,-0.789663,-76.01,-0.751736,-76.01,-0.789358,-76.01,-4.2652,-76.01,-0.787396,-76.01,-0.999147
-74.01,-0.878184,-74.01,-0.732131,-74.01,-4.19684,-74.01,-0.732557,-74.01,-0.878184,-74.01,-0.731922,-74.01,-2.16132,-74.01,-0.878184,-74.01,-0.772572,-74.01,-0.736747,-74.01,-1.07383,-74.01,-4.21047,-74.01,-1.52281,-74.01,-0.769106,-74.01,-0.732556,-74.01,-0.732131,-74.01,-2.57532,-74.01,-1.35651,-74.01,-0.73209,-74.01,-0.769106,-74.01,-0.798311,-74.01,-0.732353,-74.01,-0.769051,-74.01,-2.57519,-74.01,-0.732356,-74.01,-0.732557,-74.01,-0.732161,-74.01,-3.64317,-74.01,-0.732131,-74.01,-0.737498,-74.01,-0.732521,-74.01,-0.878184,-74.01,-0.775596,-74.01,-3.59118,-74.01,-0.732096,-74.01,-0.769216,-74.01,-0.732356,-74.01,-0.769106,-74.01,-4.19491,-74.01,-0.767194,-74.01,-0.999026
-72.01,-0.858628,-72.01,-0.7128,-72.01,-4.12641,-72.01,-0.713144,-72.01,-0.858628,-72.01,-0.712524,-72.01,-2.10421,-72.01,-0.858629,-72.01,-0.752266,-72.01,-0.717281,-72.01,-1.04541,-72.01,-4.14226,-72.01,-1.49791,-72.01,-0.7489,-72.01,-0.713144,-72.01,-0.7128,-72.01,-2.51797,-72.01,-1.32081,-72.01,-0.712758,-72.01,-0.748899,-72.01,-0.777416,-72.01,-0.713014,-72.01,-0.748846,-72.01,-2.51785,-72.01,-0.713018,-72.01,-0.713144,-72.01,-0.712829,-72.01,-3.58389,-72.01,-0.7128,-72.01,-0.718017,-72.01,-0.71311,-72.01,-0.858628,-72.01,-0.758571,-72.01,-3.53336,-72.01,-0.712765,-72.01,-0.748807,-72.01,-0.713019,-72.01,-0.7489,-72.01,-4.12452,-72.01,-0.747038,-72.01,-0.998887
-70.01,-0.839093,-70.01,-0.693515,-70.01,-4.05586,-70.01,-0.693777,-70.01,-0.839093,-70.01,-0.693168,-70.01,-2.04724,-70.01,-0.839093,-70.01,-0.732011,-70.01,-0.697861,-70.01,-1.01706,-70.01,-4.07404,-70.01,-1.47299,-70.01,-0.728744,-70.01,-0.693776,-70.01,-0.693515,-70.01,-2.46068,-70.01,-1.2852,-70.01,-0.693474,-70.01,-0.728744,-70.01,-0.756574,-70.01,-0.693723,-70.01,-0.728692,-70.01,-2.46056,-70.01,-0.693727,-70.01,-0.693777,-70.01,-0.693543,-70.01,-3.52458,-70.01,-0.693515,-70.01,-0.698582,-70.01,-0.693743,-70.01,-0.839093,-70.01,-0.741671,-70.01,-3.47555,-70.01,-0.693482,-70.01,-0.728439,-70.01,-0.693728,-70.01,-0.728744,-70.01,-4.054,-70.01,-0.726932,-70.01,-0.998728
-68.01,-0.81958,-68.01,-0.674282,-68.01,-3.98519,-68.01,-0.674459,-68.01,-0.81958,-68.01,-0.673858,-68.01,-1.99042,-68.01,-0.819581,-68.01,-0.711811,-68.01,-0.678492,-68.01,-0.988775,-68.01,-4.00581,-68.01,-1.44806,-68.01,-0.708644,-68.01,-0.674458,-68.01,-0.674282,-68.01,-2.40346,-68.01,-1.24968,-68.01,-0.674241,-68.01,-0.708644,-68.01,-0.735792,-68.01,-0.674483,-68.01,-0.708594,-68.01,-2.40334,-68.01,-0.674488,-68.01,-0.674459,-68.01,-0.67431,-68.01,-3.46525,-68.01,-0.674282,-68.01,-0.679199,-68.01,-0.674426,-68.01,-0.81958,-68.01,-0.724899,-68.01,-3.41775,-68.01,-0.67425,-68.01,-0.708119,-68.01,-0.674489,-68.01,-0.708644,-68.01,-3.98336,-68.01,-0.706882,-68.01,-0.998547
-66.01,-0.800093,-66.01,-0.655108,-66.01,-3.91438,-66.01,-0.655196,-66.01,-0.800093,-66.01,-0.654601,-66.01,-1.93377,-66.01,-0.800093,-66.01,-0.691674,-66.01,-0.659181,-66.01,-0.960577,-66.01,-3.93758,-66.01,-1.42311,-66.01,-0.688606,-66.01,-0.655196,-66.01,-0.655108,-66.01,-2.34631,-66.01,-1.21428,-66.01,-0.655066,-66.01,-0.688606,-66.01,-0.715075,-66.01,-0.655302,-66.01,-0.688558,-66.01,-2.3462,-66.01,-0.655307,-66.01,-0.655196,-66.01,-0.655134,-66.01,-3.4059,-66.01,-0.655108,-66.01,-0.659874,-66.01,-0.655165,-66.01,-0.800093,-66.01,-0.708259,-66.01,-3.35996,-66.01,-0.655076,-66.01,-0.687852,-66.01,-0.655308,-66.01,-0.688606,-66.01,-3.91258,-66.01,-0.686894,-66.01,-0.99834
-64.01,-0.780633,-64.01,-0.635998,-64.01,-3.84344,-64.01,-0.635996,-64.01,-0.780633,-64.01,-0.635402,-64.01,-1.8773,-64.01,-0.780633,-64.01,-0.671605,-64.01,-0.639933,-64.01,-0.93247,-64.01,-3.86933,-64.01,-1.39814,-64.01,-0.668638,-64.01,-0.635996,-64.01,-0.635998,-64.01,-2.28925,-64.01,-1.179,-64.01,-0.635955,-64.01,-0.668638,-64.01,-0.694431,-64.01,-0.636184,-64.01,-0.668591,-64.01,-2.28914,-64.01,-0.63619,-64.01,-0.635996,-64.01,-0.636023,-64.01,-3.34653,-64.01,-0.635998,-64.01,-0.640614,-64.01,-0.635966,-64.01,-0.780633,-64.01,-0.691757,-64.01,-3.30218,-64.01,-0.635967,-64.01,-0.667645,-64.01,-0.636191,-64.01,-0.668638,-64.01,-3.84167,-64.01,-0.666975,-64.01,-0.998103
-62.01,-0.761205,-62.01,-0.616959,-62.01,-3.77235,-62.01,-0.616865,-62.01,-0.761205,-62.01,-0.616267,-62.01,-1.82104,-62.01,-0.761206,-62.01,-0.651611,-62.01,-0.620756,-62.01,-0.904466,-62.01,-3.80107,-62.01,-1.37316,-62.01,-0.648745,-62.01,-0.616865,-62.01,-0.616959,-62.01,-2.23227,-62.01,-1.14385,-62.01,-0.616916,-62.01,-0.648745,-62.01,-0.673866,-62.01,-0.617139,-62.01,-0.6487,-62.01,-2.23217,-62.01,-0.617145,-62.01,-0.616865,-62.01,-0.616984,-62.01,-3.28714,-62.01,-0.616959,-62.01,-0.621424,-62.01,-0.616836,-62.01,-0.761205,-62.01,-0.675397,-62.01,-3.24441,-62.01,-0.61693,-62.01,-0.647504,-62.01,-0.617146,-62.01,-0.648745,-62.01,-3.77061,-62.01,-0.647132,-62.01,-0.997832
-60.01,-0.741813,-60.01,-0.597999,-60.01,-3.70111,-60.01,-0.59781,-60.01,-0.741813,-60.01,-0.597205,-60.01,-1.76501,-60.01,-0.741813,-60.01,-0.631702,-60.01,-0.601659,-60.01,-0.876576,-60.01,-3.73281,-60.01,-1.34816,-60.01,-0.628936,-60.01,-0.59781,-60.01,-0.597999,-60.01,-2.17541,-60.01,-1.10884,-60.01,-0.597956,-60.01,-0.628936,-60.01,-0.653389,-60.01,-0.598172,-60.01,-0.628892,-60.01,-2.1753,-60.01,-0.598179,-60.01,-0.59781,-60.01,-0.598024,-60.01,-3.22773,-60.01,-0.597999,-60.01,-0.602314,-60.01,-0.597782,-60.01,-0.741813,-60.01,-0.659183,-60.01,-3.18665,-60.01,-0.597971,-60.01,-0.627438,-60.01,-0.598181,-60.01,-0.628936,-60.01,-3.69941,-60.01,-0.627372,-60.01,-0.997523
-58.01,-0.72246,-58.01,-0.579128,-58.01,-3.62972,-58.01,-0.578841,-58.01,-0.72246,-58.01,-0.578222,-58.01,-1.70924,-58.01,-0.72246,-58.01,-0.611884,-58.01,-0.582648,-58.01,-0.848812,-58.01,-3.66454,-58.01,-1.32314,-58.01,-0.609219,-58.01,-0.578841,-58.01,-0.579128,-58.01,-2.11865,-58.01,-1.074,-58.01,-0.579084,-58.01,-0.609219,-58.01,-0.633008,-58.01,-0.579293,-58.01,-0.609177,-58.01,-2.11855,-58.01,-0.579301,-58.01,-0.578841,-58.01,-0.579151,-58.01,-3.1683,-58.01,-0.579128,-58.01,-0.583291,-58.01,-0.578813,-58.01,-0.72246,-58.01,-0.643121,-58.01,-3.12891,-58.01,-0.579101,-58.01,-0.607454,-58.01,-0.579303,-58.01,-0.609219,-58.01,-3.62805,-58.01,-0.607704,-58.01,-0.99717
-56.01,-0.703151,-56.01,-0.560353,-56.01,-3.55817,-56.01,-0.559965,-56.01,-0.703151,-56.01,-0.559327,-56.01,-1.65375,-56.01,-0.703152,-56.01,-0.592168,-56.01,-0.563733,-56.01,-0.821186,-56.01,-3.59626,-56.01,-1.29811,-56.01,-0.589605,-56.01,-0.559965,-56.01,-0.560353,-56.01,-2.06203,-56.01,-1.03934,-56.01,-0.560308,-56.01,-0.589604,-56.01,-0.612733,-56.01,-0.56051,-56.01,-0.589564,-56.01,-2.06193,-56.01,-0.56052,-56.01,-0.559965,-56.01,-0.560375,-56.01,-3.10884,-56.01,-0.560353,-56.01,-0.564365,-56.01,-0.559939,-56.01,-0.703151,-56.01,-0.627214,-56.01,-3.07118,-56.01,-0.560327,-56.01,-0.587563,-56.01,-0.560521,-56.01,-0.589605,-56.01,-3.55652,-56.01,-0.588138,-56.01,-0.996766
-54.01,-0.683892,-54.01,-0.541684,-54.01,-3.48645,-54.01,-0.541193,-54.01,-0.683892,-54.01,-0.54053,-54.01,-1.59857,-54.01,-0.683892,-54.01,-0.572564,-54.01,-0.544925,-54.01,-0.793715,-54.01,-3.52798,-54.01,-1.27305,-54.01,-0.570101,-54.01,-0.541194,-54.01,-0.541684,-54.01,-2.00555,-54.01,-1.00488,-54.01,-0.541638,-54.01,-0.570101,-54.01,-0.592573,-54.01,-0.541834,-54.01,-0.570063,-54.01,-2.00545,-54.01,-0.541845,-54.01,-0.541193,-54.01,-0.541706,-54.01,-3.04937,-54.01,-0.541684,-54.01,-0.545545,-54.01,-0.541168,-54.01,-0.683892,-54.01,-0.611468,-54.01,-3.01347,-54.01,-0.541659,-54.01,-0.567774,-54.01,-0.541847,-54.01,-0.570101,-54.01,-3.48483,-54.01,-0.568683,-54.01,-0.996305
-52.01,-0.664687,-52.01,-0.523133,-52.01,-3.41455,-52.01,-0.522536,-52.01,-0.664687,-52.01,-0.521839,-52.01,-1.54374,-52.01,-0.664688,-52.01,-0.553082,-52.01,-0.526233,-52.01,-0.766412,-52.01,-3.45969,-52.01,-1.24798,-52.01,-0.550721,-52.01,-0.522536,-52.01,-0.523133,-52.01,-1.94923,-52.01,-0.970632,-52.01,-0.523085,-52.01,-0.550721,-52.01,-0.57254,-52.01,-0.523275,-52.01,-0.550684,-52.01,-1.94914,-52.01,-0.523287,-52.01,-0.522536,-52.01,-0.523154,-52.01,-2.98987,-52.01,-0.523133,-52.01,-0.526843,-52.01,-0.522512,-52.01,-0.664687,-52.01,-0.595886,-52.01,-2.95578,-52.01,-0.523109,-52.01,-0.548098,-52.01,-0.523289,-52.01,-0.550721,-52.01,-3.41297,-52.01,-0.54935,-52.01,-0.995778
-50.01,-0.645544,-50.01,-0.504711,-50.01,-3.34247,-50.01,-0.504005,-50.01,-0.645544,-50.01,-0.503267,-50.01,-1.48928,-50.01,-0.645545,-50.01,-0.533734,-50.01,-0.50767,-50.01,-0.739296,-50.01,-3.3914,-50.01,-1.22288,-50.01,-0.531474,-50.01,-0.504005,-50.01,-0.504711,-50.01,-1.89309,-50.01,-0.936623,-50.01,-0.504661,-50.01,-0.531474,-50.01,-0.552646,-50.01,-0.504845,-50.01,-0.531439,-50.01,-1.893,-50.01,-0.504859,-50.01,-0.504005,-50.01,-0.504731,-50.01,-2.93036,-50.01,-0.504711,-50.01,-0.50827,-50.01,-0.503982,-50.01,-0.645544,-50.01,-0.580475,-50.01,-2.89812,-50.01,-0.504688,-50.01,-0.528549,-50.01,-0.504861,-50.01,-0.531474,-50.01,-3.34092,-50.01,-0.530151,-50.01,-0.995175
-48.01,-0.626469,-48.01,-0.48643,-48.01,-3.2702,-48.01,-0.485611,-48.01,-0.626469,-48.01,-0.484823,-48.01,-1.43524,-48.01,-0.626469,-48.01,-0.514533,-48.01,-0.489248,-48.01,-0.712383,-48.01,-3.32311,-48.01,-1.19776,-48.01,-0.512375,-48.01,-0.485611,-48.01,-0.48643,-48.01,-1.83715,-48.01,-0.902872,-48.01,-0.486378,-48.01,-0.512374,-48.01,-0.532903,-48.01,-0.486556,-48.01,-0.512341,-48.01,-1.83707,-48.01,-0.486571,-48.01,-0.485611,-48.01,-0.486449,-48.01,-2.87082,-48.01,-0.48643,-48.01,-0.489838,-48.01,-0.485589,-48.01,-0.626469,-48.01,-0.565238,-48.01,-2.84048,-48.01,-0.486408,-48.01,-0.509138,-48.01,-0.486573,-48.01,-0.512375,-48.01,-3.26868,-48.01,-0.511098,-48.01,-0.994487
-46.01,-0.607469,-46.01,-0.468303,-46.01,-3.19774,-46.01,-0.467368,-46.01,-0.607469,-46.01,-0.46652,-46.01,-1.38164,-46.01,-0.607469,-46.01,-0.495491,-46.01,-0.470979,-46.01,-0.685694,-46.01,-3.25482,-46.01,-1.17263,-46.01,-0.493434,-46.01,-0.467369,-46.01,-0.468303,-46.01,-1.78144,-46.01,-0.869405,-46.01,-0.468249,-46.01,-0.493434,-46.01,-0.513324,-46.01,-0.46842,-46.01,-0.493403,-46.01,-1.78135,-46.01,-0.468437,-46.01,-0.467368,-46.01,-0.468321,-46.01,-2.81127,-46.01,-0.468303,-46.01,-0.47156,-46.01,-0.467348,-46.01,-0.607469,-46.01,-0.55018,-46.01,-2.78287,-46.01,-0.468282,-46.01,-0.489879,-46.01,-0.46844,-46.01,-0.493434,-46.01,-3.19626,-46.01,-0.492205,-46.01,-0.993701
-44.01,-0.588552,-44.01,-0.450343,-44.01,-3.12508,-44.01,-0.449291,-44.01,-0.588552,-44.01,-0.448372,-44.01,-1.32854,-44.01,-0.588553,-44.01,-0.476624,-44.01,-0.452879,-44.01,-0.659247,-44.01,-3.18654,-44.01,-1.14747,-44.01,-0.474668,-44.01,-0.449291,-44.01,-0.450343,-44.01,-1.72596,-44.01,-0.836246,-44.01,-0.450287,-44.01,-0.474668,-44.01,-0.493923,-44.01,-0.450453,-44.01,-0.474638,-44.01,-1.72588,-44.01,-0.450472,-44.01,-0.449291,-44.01,-0.450361,-44.01,-2.75171,-44.01,-0.450343,-44.01,-0.453451,-44.01,-0.449271,-44.01,-0.588552,-44.01,-0.535305,-44.01,-2.7253,-44.01,-0.450324,-44.01,-0.470789,-44.01,-0.450475,-44.01,-0.474668,-44.01,-3.12363,-44.01,-0.473485,-44.01,-0.992802
-42.01,-0.569727,-42.01,-0.432567,-42.01,-3.05221,-42.01,-0.431392,-42.01,-0.569727,-42.01,-0.430391,-42.01,-1.27598,-42.01,-0.569728,-42.01,-0.457946,-42.01,-0.434962,-42.01,-0.633065,-42.01,-3.11826,-42.01,-1.12229,-42.01,-0.456091,-42.01,-0.431393,-42.01,-0.432567,-42.01,-1.67076,-42.01,-0.803422,-42.01,-0.432508,-42.01,-0.45609,-42.01,-0.474716,-42.01,-0.432668,-42.01,-0.456063,-42.01,-1.67068,-42.01,-0.432689,-42.01,-0.431392,-42.01,-0.432584,-42.01,-2.69213,-42.01,-0.432567,-42.01,-0.435526,-42.01,-0.431374,-42.01,-0.569727,-42.01,-0.520618,-42.01,-2.66777,-42.01,-0.432549,-42.01,-0.451882,-42.01,-0.432692,-42.01,-0.456091,-42.01,-3.05079,-42.01,-0.454953,-42.01,-0.991776
-40.01,-0.551004,-40.01,-0.414989,-40.01,-2.97913,-40.01,-0.413689,-40.01,-0.551004,-40.01,-0.412591,-40.01,-1.224,-40.01,-0.551005,-40.01,-0.439472,-40.01,-0.417243,-40.01,-0.607171,-40.01,-3.04999,-40.01,-1.09708,-40.01,-0.437717,-40.01,-0.41369,-40.01,-0.414989,-40.01,-1.61585,-40.01,-0.77096,-40.01,-0.414926,-40.01,-0.437717,-40.01,-0.455718,-40.01,-0.415081,-40.01,-0.437691,-40.01,-1.61578,-40.01,-0.415104,-40.01,-0.413689,-40.01,-0.415005,-40.01,-2.63254,-40.01,-0.414989,-40.01,-0.417799,-40.01,-0.413672,-40.01,-0.551004,-40.01,-0.506123,-40.01,-2.61027,-40.01,-0.414972,-40.01,-0.433175,-40.01,-0.415108,-40.01,-0.437717,-40.01,-2.97774,-40.01,-0.436625,-40.01,-0.990603
-38.01,-0.532393,-38.01,-0.397625,-38.01,-2.90583,-38.01,-0.396196,-38.01,-0.532393,-38.01,-0.394988,-38.01,-1.17264,-38.01,-0.532394,-38.01,-0.421219,-38.01,-0.39974,-38.01,-0.581588,-38.01,-2.98174,-38.01,-1.07186,-38.01,-0.419564,-38.01,-0.396197,-38.01,-0.397625,-38.01,-1.56127,-38.01,-0.738889,-38.01,-0.397558,-38.01,-0.419564,-38.01,-0.436945,-38.01,-0.397708,-38.01,-0.41954,-38.01,-1.5612,-38.01,-0.397734,-38.01,-0.396196,-38.01,-0.39764,-38.01,-2.57295,-38.01,-0.397625,-38.01,-0.400287,-38.01,-0.39618,-38.01,-0.532393,-38.01,-0.491825,-38.01,-2.55283,-38.01,-0.397609,-38.01,-0.414688,-38.01,-0.397738,-38.01,-0.419564,-38.01,-2.90448,-38.01,-0.418517,-38.01,-0.989262
-36.01,-0.513905,-36.01,-0.380493,-36.01,-2.83231,-36.01,-0.378932,-36.01,-0.513905,-36.01,-0.377596,-36.01,-1.12197,-36.01,-0.513906,-36.01,-0.403205,-36.01,-0.382468,-36.01,-0.55634,-36.01,-2.91351,-36.01,-1.04661,-36.01,-0.401649,-36.01,-0.378933,-36.01,-0.380493,-36.01,-1.50706,-36.01,-0.707241,-36.01,-0.380421,-36.01,-0.401648,-36.01,-0.418415,-36.01,-0.380566,-36.01,-0.401627,-36.01,-1.50699,-36.01,-0.380595,-36.01,-0.378932,-36.01,-0.380507,-36.01,-2.51335,-36.01,-0.380493,-36.01,-0.383008,-36.01,-0.378917,-36.01,-0.513905,-36.01,-0.477728,-36.01,-2.49544,-36.01,-0.380478,-36.01,-0.396438,-36.01,-0.3806,-36.01,-0.401649,-36.01,-2.83099,-36.01,-0.400645,-36.01,-0.987731
-34.01,-0.495552,-34.01,-0.363609,-34.01,-2.75856,-34.01,-0.361912,-34.01,-0.495552,-34.01,-0.360432,-34.01,-1.07204,-34.01,-0.495553,-34.01,-0.385447,-34.01,-0.365447,-34.01,-0.531453,-34.01,-2.8453,-34.01,-1.02134,-34.01,-0.383989,-34.01,-0.361913,-34.01,-0.363609,-34.01,-1.45324,-34.01,-0.676047,-34.01,-0.363532,-34.01,-0.383988,-34.01,-0.400145,-34.01,-0.363672,-34.01,-0.383969,-34.01,-1.45317,-34.01,-0.363705,-34.01,-0.361912,-34.01,-0.363622,-34.01,-2.45376,-34.01,-0.363609,-34.01,-0.365978,-34.01,-0.361898,-34.01,-0.495552,-34.01,-0.463835,-34.01,-2.43812,-34.01,-0.363595,-34.01,-0.378445,-34.01,-0.36371,-34.01,-0.383989,-34.01,-2.75728,-34.01,-0.383029,-34.01,-0.985981
-32.01,-0.477346,-32.01,-0.346992,-32.01,-2.68458,-32.01,-0.345155,-32.01,-0.477346,-32.01,-0.343512,-32.01,-1.02289,-32.01,-0.477347,-32.01,-0.367963,-32.01,-0.348693,-32.01,-0.506954,-32.01,-2.77712,-32.01,-0.996056,-32.01,-0.366602,-32.01,-0.345156,-32.01,-0.346992,-32.01,-1.39985,-32.01,-0.645338,-32.01,-0.346909,-32.01,-0.366601,-32.01,-0.382154,-32.01,-0.347045,-32.01,-0.366584,-32.01,-1.39979,-32.01,-0.347081,-32.01,-0.345155,-32.01,-0.347004,-32.01,-2.39417,-32.01,-0.346992,-32.01,-0.349217,-32.01,-0.345142,-32.01,-0.477346,-32.01,-0.450151,-32.01,-2.38086,-32.01,-0.346979,-32.01,-0.360729,-32.01,-0.347087,-32.01,-0.366602,-32.01,-2.68333,-32.01,-0.365684,-32.01,-0.983981
-30.01,-0.459301,-30.01,-0.33066,-30.01,-2.61036,-30.01,-0.32868,-30.01,-0.459301,-30.01,-0.326853,-30.01,-0.974577,-30.01,-0.459303,-30.01,-0.350772,-30.01,-0.332226,-30.01,-0.482869,-30.01,-2.70898,-30.01,-0.970746,-30.01,-0.349507,-30.01,-0.328681,-30.01,-0.33066,-30.01,-1.34693,-30.01,-0.615149,-30.01,-0.330571,-30.01,-0.349506,-30.01,-0.364459,-30.01,-0.330703,-30.01,-0.349491,-30.01,-1.34687,-30.01,-0.330743,-30.01,-0.32868,-30.01,-0.330671,-30.01,-2.33459,-30.01,-0.33066,-30.01,-0.332742,-30.01,-0.328668,-30.01,-0.459301,-30.01,-0.436679,-30.01,-2.32368,-30.01,-0.330648,-30.01,-0.343312,-30.01,-0.330749,-30.01,-0.349507,-30.01,-2.60915,-30.01,-0.348631,-30.01,-0.981697
-28.01,-0.441432,-28.01,-0.314631,-28.01,-2.5359,-28.01,-0.312504,-28.01,-0.441432,-28.01,-0.31047,-28.01,-0.927165,-28.01,-0.441433,-28.01,-0.333893,-28.01,-0.316065,-28.01,-0.459225,-28.01,-2.64089,-28.01,-0.945417,-28.01,-0.332722,-28.01,-0.312505,-28.01,-0.314631,-28.01,-1.29453,-28.01,-0.585511,-28.01,-0.314535,-28.01,-0.332721,-28.01,-0.34708,-28.01,-0.314663,-28.01,-0.332708,-28.01,-1.29447,-28.01,-0.314708,-28.01,-0.312504,-28.01,-0.314642,-28.01,-2.27503,-28.01,-0.314631,-28.01,-0.316573,-28.01,-0.312493,-28.01,-0.441432,-28.01,-0.423424,-28.01,-2.26659,-28.01,-0.31462,-28.01,-0.326215,-28.01,-0.314714,-28.01,-0.332722,-28.01,-2.53473,-28.01,-0.331887,-28.01,-0.979086
-26.01,-0.423752,-26.01,-0.298924,-26.01,-2.46121,-26.01,-0.296647,-26.01,-0.423752,-26.01,-0.294382,-26.01,-0.880705,-26.01,-0.423754,-26.01,-0.317345,-26.01,-0.300228,-26.01,-0.43605,-26.01,-2.57285,-26.01,-0.920069,-26.01,-0.316267,-26.01,-0.296648,-26.01,-0.298924,-26.01,-1.24268,-26.01,-0.55646,-26.01,-0.298821,-26.01,-0.316265,-26.01,-0.330036,-26.01,-0.298946,-26.01,-0.316254,-26.01,-1.24263,-26.01,-0.298995,-26.01,-0.296647,-26.01,-0.298935,-26.01,-2.2155,-26.01,-0.298924,-26.01,-0.300728,-26.01,-0.296637,-26.01,-0.423752,-26.01,-0.410388,-26.01,-2.2096,-26.01,-0.298915,-26.01,-0.309459,-26.01,-0.299002,-26.01,-0.316267,-26.01,-2.46007,-26.01,-0.315472,-26.01,-0.976103
-24.01,-0.406279,-24.01,-0.283559,-24.01,-2.38627,-24.01,-0.281126,-24.01,-0.406279,-24.01,-0.278603,-24.01,-0.835254,-24.01,-0.406281,-24.01,-0.301147,-24.01,-0.284735,-24.01,-0.413371,-24.01,-2.50487,-24.01,-0.894704,-24.01,-0.300159,-24.01,-0.281128,-24.01,-0.283559,-24.01,-1.19144,-24.01,-0.528028,-24.01,-0.283446,-24.01,-0.300158,-24.01,-0.313345,-24.01,-0.283569,-24.01,-0.300149,-24.01,-1.19139,-24.01,-0.283623,-24.01,-0.281126,-24.01,-0.283569,-24.01,-2.156,-24.01,-0.283559,-24.01,-0.285227,-24.01,-0.281118,-24.01,-0.406279,-24.01,-0.397575,-24.01,-2.15271,-24.01,-0.28355,-24.01,-0.293066,-24.01,-0.283631,-24.01,-0.300159,-24.01,-2.38517,-24.01,-0.299404,-24.01,-0.972694
-22.01,-0.389029,-22.01,-0.268553,-22.01,-2.31108,-22.01,-0.265962,-22.01,-0.389029,-22.01,-0.263151,-22.01,-0.790866,-22.01,-0.389031,-22.01,-0.285318,-22.01,-0.269605,-22.01,-0.391216,-22.01,-2.43697,-22.01,-0.869322,-22.01,-0.284418,-22.01,-0.265963,-22.01,-0.268553,-22.01,-1.14086,-22.01,-0.500249,-22.01,-0.26843,-22.01,-0.284416,-22.01,-0.297026,-22.01,-0.268552,-22.01,-0.28441,-22.01,-1.14081,-22.01,-0.268611,-22.01,-0.265962,-22.01,-0.268562,-22.01,-2.09655,-22.01,-0.268553,-22.01,-0.270088,-22.01,-0.265954,-22.01,-0.389029,-22.01,-0.384987,-22.01,-2.09595,-22.01,-0.268545,-22.01,-0.277058,-22.01,-0.26862,-22.01,-0.284418,-22.01,-2.31002,-22.01,-0.283701,-22.01,-0.9688
-20.01,-0.372019,-20.01,-0.253924,-20.01,-2.23566,-20.01,-0.25117,-20.01,-0.372019,-20.01,-0.248041,-20.01,-0.747596,-20.01,-0.372021,-20.01,-0.269875,-20.01,-0.254856,-20.01,-0.369609,-20.01,-2.36916,-20.01,-0.843926,-20.01,-0.269061,-20.01,-0.251172,-20.01,-0.253924,-20.01,-1.09097,-20.01,-0.473155,-20.01,-0.25379,-20.01,-0.269059,-20.01,-0.281097,-20.01,-0.253911,-20.01,-0.269055,-20.01,-1.09093,-20.01,-0.253976,-20.01,-0.25117,-20.01,-0.253932,-20.01,-2.03716,-20.01,-0.253924,-20.01,-0.255329,-20.01,-0.251163,-20.01,-0.372019,-20.01,-0.372629,-20.01,-2.03932,-20.01,-0.253917,-20.01,-0.261456,-20.01,-0.253986,-20.01,-0.269061,-20.01,-2.23464,-20.01,-0.268382,-20.01,-0.96435
-18.01,-0.355266,-18.01,-0.23969,-18.01,-2.16,-18.01,-0.236769,-18.01,-0.355266,-18.01,-0.233288,-18.01,-0.705496,-18.01,-0.355269,-18.01,-0.254837,-18.01,-0.240505,-18.01,-0.348577,-18.01,-2.30146,-18.01,-0.818519,-18.01,-0.254106,-18.01,-0.236771,-18.01,-0.23969,-18.01,-1.04185,-18.01,-0.446778,-18.01,-0.239544,-18.01,-0.254105,-18.01,-0.265575,-18.01,-0.239664,-18.01,-0.254102,-18.01,-1.04181,-18.01,-0.239736,-18.01,-0.236769,-18.01,-0.239697,-18.01,-1.97784,-18.01,-0.23969,-18.01,-0.240967,-18.01,-0.236763,-18.01,-0.355266,-18.01,-0.360502,-18.01,-1.98285,-18.01,-0.239684,-18.01,-0.246281,-18.01,-0.239747,-18.01,-0.254106,-18.01,-2.15901,-18.01,-0.253463,-18.01,-0.959265
-16.01,-0.338789,-16.01,-0.225867,-16.01,-2.0841,-16.01,-0.222775,-16.01,-0.338789,-16.01,-0.218907,-16.01,-0.664615,-16.01,-0.338792,-16.01,-0.24022,-16.01,-0.22657,-16.01,-0.328144,-16.01,-2.23387,-16.01,-0.793102,-16.01,-0.23957,-16.01,-0.222777,-16.01,-0.225867,-16.01,-0.993529,-16.01,-0.421146,-16.01,-0.225708,-16.01,-0.239568,-16.01,-0.250477,-16.01,-0.225829,-16.01,-0.239568,-16.01,-0.993493,-16.01,-0.225906,-16.01,-0.222775,-16.01,-0.225874,-16.01,-1.91861,-16.01,-0.225867,-16.01,-0.227021,-16.01,-0.22277,-16.01,-0.338789,-16.01,-0.348609,-16.01,-1.92655,-16.01,-0.225862,-16.01,-0.231552,-16.01,-0.225919,-16.01,-0.23957,-16.01,-2.08315,-16.01,-0.238963,-16.01,-0.953455
-14.01,-0.322606,-14.01,-0.21247,-14.01,-2.00797,-14.01,-0.209204,-14.01,-0.322606,-14.01,-0.204909,-14.01,-0.625,-14.01,-0.32261,-14.01,-0.226041,-14.01,-0.213066,-14.01,-0.308333,-14.01,-2.16641,-14.01,-0.767678,-14.01,-0.225468,-14.01,-0.209205,-14.01,-0.21247,-14.01,-0.946073,-14.01,-0.396289,-14.01,-0.212297,-14.01,-0.225466,-14.01,-0.23582,-14.01,-0.212419,-14.01,-0.225468,-14.01,-0.94604,-14.01,-0.212504,-14.01,-0.209204,-14.01,-0.212477,-14.01,-1.85947,-14.01,-0.21247,-14.01,-0.213505,-14.01,-0.209199,-14.01,-0.322606,-14.01,-0.336953,-14.01,-1.87043,-14.01,-0.212466,-14.01,-0.217288,-14.01,-0.212518,-14.01,-0.225468,-14.01,-2.00706,-14.01,-0.224895,-14.01,-0.946816
-12.01,-0.306736,-12.01,-0.199515,-12.01,-1.93162,-12.01,-0.196069,-12.01,-0.306736,-12.01,-0.191308,-12.01,-0.586693,-12.01,-0.30674,-12.01,-0.212314,-12.01,-0.200008,-12.01,-0.289164,-12.01,-2.09911,-12.01,-0.742252,-12.01,-0.211814,-12.01,-0.196071,-12.01,-0.199515,-12.01,-0.899536,-12.01,-0.372231,-12.01,-0.199325,-12.01,-0.211812,-12.01,-0.221616,-12.01,-0.19945,-12.01,-0.211817,-12.01,-0.899506,-12.01,-0.199542,-12.01,-0.196069,-12.01,-0.19952,-12.01,-1.80045,-12.01,-0.199515,-12.01,-0.200433,-12.01,-0.196065,-12.01,-0.306736,-12.01,-0.325534,-12.01,-1.81452,-12.01,-0.199511,-12.01,-0.203506,-12.01,-0.199558,-12.01,-0.211814,-12.01,-1.93075,-12.01,-0.211274,-12.01,-0.93923
-10.01,-0.291198,-10.01,-0.187013,-10.01,-1.85505,-10.01,-0.183384,-10.01,-0.291198,-10.01,-0.178114,-10.01,-0.549734,-10.01,-0.291202,-10.01,-0.199051,-10.01,-0.187409,-10.01,-0.270656,-10.01,-2.03198,-10.01,-0.716826,-10.01,-0.198622,-10.01,-0.183386,-10.01,-0.187013,-10.01,-0.853971,-10.01,-0.348995,-10.01,-0.186805,-10.01,-0.198619,-10.01,-0.207879,-10.01,-0.186935,-10.01,-0.198626,-10.01,-0.853944,-10.01,-0.187035,-10.01,-0.183384,-10.01,-0.187018,-10.01,-1.74158,-10.01,-0.187013,-10.01,-0.18782,-10.01,-0.183381,-10.01,-0.291198,-10.01,-0.314355,-10.01,-1.75885,-10.01,-0.18701,-10.01,-0.190222,-10.01,-0.187051,-10.01,-0.198622,-10.01,-1.85422,-10.01,-0.198114,-10.01,-0.930563
-8.01,-0.27601,-8.01,-0.174976,-8.01,-1.77827,-8.01,-0.171159,-8.01,-0.27601,-8.01,-0.165334,-8.01,-0.514155,-8.01,-0.276015,-8.01,-0.186264,-8.01,-0.175281,-8.01,-0.252826,-8.01,-1.96505,-8.01,-0.691406,-8.01,-0.185902,-8.01,-0.171161,-8.01,-0.174976,-8.01,-0.809432,-8.01,-0.326602,-8.01,-0.174749,-8.01,-0.185899,-8.01,-0.19462,-8.01,-0.174884,-8.01,-0.185909,-8.01,-0.809408,-8.01,-0.174992,-8.01,-0.171159,-8.01,-0.174981,-8.01,-1.68286,-8.01,-0.174976,-8.01,-0.175676,-8.01,-0.171157,-8.01,-0.27601,-8.01,-0.303418,-8.01,-1.70343,-8.01,-0.174974,-8.01,-0.177448,-8.01,-0.175011,-8.01,-0.185902,-8.01,-1.77749,-8.01,-0.185425,-8.01,-0.920659
-6.01,-0.26119,-6.01,-0.163413,-6.01,-1.7013,-6.01,-0.159405,-6.01,-0.26119,-6.01,-0.152978,-6.01,-0.479986,-6.01,-0.261195,-6.01,-0.173963,-6.01,-0.163633,-6.01,-0.235687,-6.01,-1.89835,-6.01,-0.665995,-6.01,-0.173664,-6.01,-0.159407,-6.01,-0.163413,-6.01,-0.765975,-6.01,-0.305069,-6.01,-0.163164,-6.01,-0.173661,-6.01,-0.181849,-6.01,-0.163306,-6.01,-0.173673,-6.01,-0.765953,-6.01,-0.163423,-6.01,-0.159405,-6.01,-0.163417,-6.01,-1.62432,-6.01,-0.163413,-6.01,-0.16401,-6.01,-0.159404,-6.01,-0.26119,-6.01,-0.292724,-6.01,-1.64829,-6.01,-0.163412,-6.01,-0.165198,-6.01,-0.163444,-6.01,-0.173664,-6.01,-1.70057,-6.01,-0.173217,-6.01,-0.909343
-4.01,-0.246756,-4.01,-0.152332,-4.01,-1.62416,-4.01,-0.148128,-4.01,-0.246756,-4.01,-0.14105,-4.01,-0.447248,-4.01,-0.246762,-4.01,-0.162156,-4.01,-0.152473,-4.01,-0.21925,-4.01,-1.83189,-4.01,-0.6406,-4.01,-0.161915,-4.01,-0.14813,-4.01,-0.152332,-4.01,-0.723649,-4.01,-0.284409,-4.01,-0.15206,-4.01,-0.161912,-4.01,-0.169573,-4.01,-0.152211,-4.01,-0.161927,-4.01,-0.723631,-4.01,-0.152336,-4.01,-0.148128,-4.01,-0.152336,-4.01,-1.566,-4.01,-0.152332,-4.01,-0.152831,-4.01,-0.148127,-4.01,-0.246756,-4.01,-0.282272,-4.01,-1.59346,-4.01,-0.152332,-4.01,-0.153478,-4.01,-0.15236,-4.01,-0.161915,-4.01,-1.62347,-4.01,-0.161497,-4.01,-0.896412
-2.01,-0.232726,-2.01,-0.141739,-2.01,-1.54685,-2.01,-0.137334,-2.01,-0.232726,-2.01,-0.129554,-2.01,-0.415958,-2.01,-0.232732,-2.01,-0.150847,-2.01,-0.141806,-2.01,-0.203524,-2.01,-1.76571,-2.01,-0.615227,-2.01,-0.150662,-2.01,-0.137336,-2.01,-0.141739,-2.01,-0.682506,-2.01,-0.264631,-2.01,-0.14144,-2.01,-0.150658,-2.01,-0.157797,-2.01,-0.141601,-2.01,-0.150675,-2.01,-0.68249,-2.01,-0.141736,-2.01,-0.137334,-2.01,-0.141742,-2.01,-1.50791,-2.01,-0.141739,-2.01,-0.142144,-2.01,-0.137334,-2.01,-0.232726,-2.01,-0.272066,-2.01,-1.53898,-2.01,-0.141739,-2.01,-0.142297,-2.01,-0.141762,-2.01,-0.150662,-2.01,-1.5462,-2.01,-0.150271,-2.01,-0.881637
-0.01,-0.219114,-0.01,-0.131636,-0.01,-1.4694,-0.01,-0.127026,-0.01,-0.219114,-0.01,-0.118492,-0.01,-0.386126,-0.01,-0.219121,-0.01,-0.140041,-0.01,-0.131587,-0.01,-0.188512,-0.01,-1.69985,-0.01,-0.589881,-0.01,-0.139906,-0.01,-0.127028,-0.01,-0.131636,-0.01,-0.642591,-0.01,-0.245742,-0.01,-0.131308,-0.01,-0.139903,-0.01,-0.146526,-0.01,-0.131482,-0.01,-0.139922,-0.01,-0.642578,-0.01,-0.131626,-0.01,-0.127026,-0.01,-0.131638,-0.01,-1.45009,-0.01,-0.131636,-0.01,-0.131952,-0.01,-0.127026,-0.01,-0.219114,-0.01,-0.262103,-0.01,-1.48487,-0.01,-0.131636,-0.01,-0.131659,-0.01,-0.131656,-0.01,-0.139906,-0.01,-1.4688,-0.01,-0.139542,-0.01,-0.864755
1.99,-0.205936,1.99,-0.122024,1.99,-1.39183,1.99,-0.117206,1.99,-0.205936,1.99,-0.107864,1.99,-0.357755,1.99,-0.205944,1.99,-0.129738,1.99,-0.121964,1.99,-0.174217,1.99,-1.63433,1.99,-0.564571,1.99,-0.12965,1.99,-0.117208,1.99,-0.122024,1.99,-0.60395,1.99,-0.227744,1.99,-0.121664,1.99,-0.129646,1.99,-0.135759,1.99,-0.121854,1.99,-0.129668,1.99,-0.603939,1.99,-0.122008,1.99,-0.117206,1.99,-0.122026,1.99,-1.39258,1.99,-0.122024,1.99,-0.122257,1.99,-0.117206,1.99,-0.205936,1.99,-0.252386,1.99,-1.43117,1.99,-0.122025,1.99,-0.121563,1.99,-0.122041,1.99,-0.12965,1.99,-1.39128,1.99,-0.129311,1.99,-0.845465
3.99,-0.193206,3.99,-0.112903,3.99,-1.31417,3.99,-0.107871,3.99,-0.193206,3.99,-0.0976679,3.99,-0.330842,3.99,-0.193215,3.99,-0.119937,3.99,-0.112789,3.99,-0.160637,3.99,-1.56918,3.99,-0.539303,3.99,-0.119892,3.99,-0.107874,3.99,-0.112903,3.99,-0.566621,3.99,-0.210634,3.99,-0.112508,3.99,-0.119888,3.99,-0.125496,3.99,-0.112717,3.99,-0.119913,3.99,-0.566612,3.99,-0.11288,3.99,-0.107871,3.99,-0.112905,3.99,-1.3354,3.99,-0.112903,3.99,-0.113056,3.99,-0.107873,3.99,-0.193206,3.99,-0.242913,3.99,-1.37792,3.99,-0.112904,3.99,-0.11201,3.99,-0.112918,3.99,-0.119892,3.99,-1.31366,3.99,-0.119577,3.99,-0.823423
5.99,-0.180936,5.99,-0.104269,5.99,-1.23644,5.99,-0.0990199,5.99,-0.180936,5.99,-0.0879003,5.99,-0.305377,5.99,-0.180945,5.99,-0.110636,5.99,-0.104107,5.99,-0.147767,5.99,-1.50446,5.99,-0.514087,5.99,-0.110629,5.99,-0.0990222,5.99,-0.104269,5.99,-0.530639,5.99,-0.194408,5.99,-0.103836,5.99,-0.110624,5.99,-0.115734,5.99,-0.104066,5.99,-0.110652,5.99,-0.530633,5.99,-0.104239,5.99,-0.0990199,5.99,-0.10427,5.99,-1.27859,5.99,-0.104269,5.99,-0.104348,5.99,-0.0990216,5.99,-0.180936,5.99,-0.233685,5.99,-1.32517,5.99,-0.10427,5.99,-0.102996,5.99,-0.104281,5.99,-0.110629,5.99,-1.23598,5.99,-0.110336,5.99,-0.798238
7.99,-0.169135,7.99,-0.0961166,7.99,-1.15866,7.99,-0.0906462,7.99,-0.169135,7.99,-0.0785561,7.99,-0.281344,7.99,-0.169145,7.99,-0.101828,7.99,-0.0959135,7.99,-0.1356,7.99,-1.4402,7.99,-0.488932,7.99,-0.101856,7.99,-0.0906484,7.99,-0.0961166,7.99,-0.496036,7.99,-0.179054,7.99,-0.0956408,7.99,-0.101851,7.99,-0.106467,7.99,-0.0958959,7.99,-0.101881,7.99,-0.496031,7.99,-0.0960791,7.99,-0.0906462,7.99,-0.096118,7.99,-1.2222,7.99,-0.0961166,7.99,-0.0961263,7.99,-0.0906482,7.99,-0.169135,7.99,-0.2247,7.99,-1.27294,7.99,-0.0961187,7.99,-0.0945127,7.99,-0.0961267,7.99,-0.101856,7.99,-1.15826,7.99,-0.101584,7.99,-0.769461
9.99,-0.157812,9.99,-0.0884389,9.99,-1.08088,9.99,-0.0827425,9.99,-0.157812,9.99,-0.0696284,9.99,-0.258721,9.99,-0.157823,9.99,-0.0935051,9.99,-0.0882,9.99,-0.124124,9.99,-1.37645,9.99,-0.463846,9.99,-0.0935643,9.99,-0.0827447,9.99,-0.0884389,9.99,-0.462835,9.99,-0.16456,9.99,-0.0879159,9.99,-0.0935588,9.99,-0.0976876,9.99,-0.0882002,9.99,-0.0935916,9.99,-0.462833,9.99,-0.0883932,9.99,-0.0827425,9.99,-0.08844,9.99,-1.16627,9.99,-0.0884389,9.99,-0.0883834,9.99,-0.0827449,9.99,-0.157812,9.99,-0.215957,9.99,-1.2213,9.99,-0.0884412,9.99,-0.0865523,9.99,-0.0884469,9.99,-0.0935643,9.99,-1.08053,9.99,-0.093313,9.99,-0.736579
11.99,-0.146974,11.99,-0.0812261,11.99,-1.00313,11.99,-0.0752997,11.99,-0.146974,11.99,-0.0611089,11.99,-0.237478,11.99,-0.146986,11.99,-0.085659,11.99,-0.0809571,11.99,-0.113326,11.99,-1.31325,11.99,-0.43884,11.99,-0.0857454,11.99,-0.0753019,11.99,-0.0812261,11.99,-0.431056,11.99,-0.150909,11.99,-0.0806509,11.99,-0.0857395,11.99,-0.0893865,11.99,-0.0809691,11.99,-0.0857751,11.99,-0.431055,11.99,-0.0811717,11.99,-0.0752997,11.99,-0.0812269,11.99,-1.11084,11.99,-0.0812261,11.99,-0.0811097,11.99,-0.0753023,11.99,-0.146974,11.99,-0.207456,11.99,-1.17028,11.99,-0.0812286,11.99,-0.0791031,11.99,-0.0812322,11.99,-0.0857454,11.99,-1.00283,11.99,-0.0855133,11.99,-0.699007
13.99,-0.136626,13.99,-0.0744672,13.99,-0.925444,13.99,-0.0683065,13.99,-0.136626,13.99,-0.0529881,13.99,-0.217583,13.99,-0.136638,13.99,-0.0782779,13.99,-0.0741735,13.99,-0.103189,13.99,-1.25064,13.99,-0.413926,13.99,-0.0783879,13.99,-0.0683086,13.99,-0.0744672,13.99,-0.400712,13.99,-0.13808,13.99,-0.073834,13.99,-0.0783817,13.99,-0.0815525,13.99,-0.0741914,13.99,-0.07842,13.99,-0.400712,13.99,-0.0744031,13.99,-0.0683065,13.99,-0.0744678,13.99,-1.05595,13.99,-0.0744672,13.99,-0.0742941,13.99,-0.0683093,13.99,-0.136626,13.99,-0.199195,13.99,-1.11994,13.99,-0.0744699,13.99,-0.0721516,13.99,-0.0744717,13.99,-0.0783879,13.99,-0.92519,13.99,-0.0781738,13.99,-0.656076
15.99,-0.126768,15.99,-0.0681493,15.99,-0.847857,15.99,-0.0617502,15.99,-0.126768,15.99,-0.0452551,15.99,-0.198997,15.99,-0.126781,15.99,-0.0713485,15.99,-0.0678359,15.99,-0.0936943,15.99,-1.18869,15.99,-0.389113,15.99,-0.071479,15.99,-0.0617522,15.99,-0.0681493,15.99,-0.371808,15.99,-0.126052,15.99,-0.0674518,15.99,-0.0714724,15.99,-0.0741726,15.99,-0.0678543,15.99,-0.0715135,15.99,-0.37181,15.99,-0.0680747,15.99,-0.0617502,15.99,-0.0681497,15.99,-1.00167,15.99,-0.0681493,15.99,-0.0679234,15.99,-0.0617531,15.99,-0.126768,15.99,-0.191172,15.99,-1.07032,15.99,-0.0681521,15.99,-0.0656823,15.99,-0.0681523,15.99,-0.071479,15.99,-0.847657,15.99,-0.0712817,15.99,-0.607021
17.99,-0.117402,17.99,-0.0622582,17.99,-0.770413,17.99,-0.0556165,17.99,-0.117402,17.99,-0.0378984,17.99,-0.181677,17.99,-0.117416,17.99,-0.0648566,17.99,-0.0619299,17.99,-0.0848218,17.99,-1.12743,17.99,-0.364414,17.99,-0.0650043,17.99,-0.0556185,17.99,-0.0622582,17.99,-0.344346,17.99,-0.114797,17.99,-0.061489,17.99,-0.0649973,17.99,-0.0672326,17.99,-0.0619437,17.99,-0.0650413,17.99,-0.344349,17.99,-0.062172,17.99,-0.0556165,17.99,-0.0622585,17.99,-0.948031,17.99,-0.0622582,17.99,-0.0619833,17.99,-0.0556196,17.99,-0.117402,17.99,-0.183386,17.99,-1.02148,17.99,-0.0622612,17.99,-0.0596781,17.99,-0.06226,17.99,-0.0650043,17.99,-0.770267,17.99,-0.0648229,17.99,-0.55097
19.99,-0.108525,19.99,-0.0567785,19.99,-0.693154,19.99,-0.0498901,19.99,-0.108525,19.99,-0.0309052,19.99,-0.165577,19.99,-0.10854,19.99,-0.0587863,19.99,-0.0564397,19.99,-0.0765484,19.99,-1.06692,19.99,-0.339841,19.99,-0.0589484,19.99,-0.0498921,19.99,-0.0567785,19.99,-0.318318,19.99,-0.104289,19.99,-0.0559293,19.99,-0.0589409,19.99,-0.0607168,19.99,-0.0564441,19.99,-0.0589878,19.99,-0.318322,19.99,-0.0566793,19.99,-0.0498901,19.99,-0.0567786,19.99,-0.89509,19.99,-0.0567785,19.99,-0.056458,19.99,-0.0498932,19.99,-0.108525,19.99,-0.175833,19.99,-0.97347,19.99,-0.0567815,19.99,-0.0541204,19.99,-0.0567791,19.99,-0.0589484,19.99,-0.693062,19.99,-0.0587817,19.99,-0.486925
21.99,-0.100133,21.99,-0.0516935,21.99,-0.616123,21.99,-0.0445545,21.99,-0.100133,21.99,-0.0242623,21.99,-0.150647,21.99,-0.100149,21.99,-0.0531208,21.99,-0.0513482,21.99,-0.0688499,21.99,-1.00722,21.99,-0.315406,21.99,-0.0532945,21.99,-0.0445564,21.99,-0.0516935,21.99,-0.293711,21.99,-0.0944975,21.99,-0.050755,21.99,-0.0532867,21.99,-0.0546087,21.99,-0.0513389,21.99,-0.0533364,21.99,-0.293717,21.99,-0.0515798,21.99,-0.0445545,21.99,-0.0516935,21.99,-0.842901,21.99,-0.0516935,21.99,-0.0513306,21.99,-0.0445577,21.99,-0.100133,21.99,-0.168512,21.99,-0.926349,21.99,-0.0516966,21.99,-0.0489895,21.99,-0.0516932,21.99,-0.0532945,21.99,-0.616087,21.99,-0.0531417,21.99,-0.413745
23.99,-0.092219,23.99,-0.0469861,23.99,-0.539364,23.99,-0.0395923,23.99,-0.092219,23.99,-0.0179557,23.99,-0.136836,23.99,-0.0922365,23.99,-0.0478423,23.99,-0.0466378,23.99,-0.061701,23.99,-0.948373,23.99,-0.29112,23.99,-0.0480254,23.99,-0.0395941,23.99,-0.0469861,23.99,-0.270508,23.99,-0.0853914,23.99,-0.0459474,23.99,-0.0480171,23.99,-0.0488908,23.99,-0.0466108,23.99,-0.0480698,23.99,-0.270514,23.99,-0.046856,23.99,-0.0395923,23.99,-0.0469859,23.99,-0.791514,23.99,-0.0469861,23.99,-0.0465837,23.99,-0.0395955,23.99,-0.092219,23.99,-0.16142,23.99,-0.880169,23.99,-0.0469891,23.99,-0.0442649,23.99,-0.0469849,23.99,-0.0480254,23.99,-0.539384,23.99,-0.0478854,23.99,-0.330127
25.99,-0.084775,25.99,-0.0426381,25.99,-0.462922,25.99,-0.0349857,25.99,-0.084775,25.99,-0.011971,25.99,-0.124089,25.99,-0.0847937,25.99,-0.0429327,25.99,-0.0422901,25.99,-0.0550753,25.99,-0.890439,25.99,-0.266998,25.99,-0.0431229,25.99,-0.0349874,25.99,-0.0426381,25.99,-0.248683,25.99,-0.0769384,25.99,-0.041487,25.99,-0.0431141,25.99,-0.043545,25.99,-0.0422419,25.99,-0.0431698,25.99,-0.24869,25.99,-0.0424894,25.99,-0.0349857,25.99,-0.0426378,25.99,-0.740982,25.99,-0.0426381,25.99,-0.042199,25.99,-0.0349889,25.99,-0.084775,25.99,-0.154553,25.99,-0.834985,25.99,-0.0426411,25.99,-0.0399252,25.99,-0.0426363,25.99,-0.0431229,25.99,-0.462999,25.99,-0.0429947,25.99,-0.234582
27.99,-0.0777907,27.99,-0.0386312,27.99,-0.386841,27.99,-0.0307163,27.99,-0.0777907,27.99,-0.00629369,27.99,-0.11235,27.99,-0.0778106,27.99,-0.0383732,27.99,-0.0382863,27.99,-0.048946,27.99,-0.833468,27.99,-0.243049,27.99,-0.0385685,27.99,-0.0307179,27.99,-0.0386312,27.99,-0.228206,27.99,-0.0691053,27.99,-0.0373535,27.99,-0.0385592,27.99,-0.0385526,27.99,-0.0382137,27.99,-0.0386179,27.99,-0.228214,27.99,-0.0384615,27.99,-0.0307163,27.99,-0.0386309,27.99,-0.691358,27.99,-0.0386312,27.99,-0.0381577,27.99,-0.0307194,27.99,-0.0777907,27.99,-0.14791,27.99,-0.790851,27.99,-0.0386342,27.99,-0.035949,27.99,-0.0386288,27.99,-0.0385685,27.99,-0.386976,27.99,-0.0384514,27.99,-0.12541
29.99,-0.071254,29.99,-0.0349467,29.99,-0.311165,29.99,-0.0267654,29.99,-0.071254,29.99,-0.000908747,29.99,-0.101565,29.99,-0.0712751,29.99,-0.0341448,29.99,-0.0346074,29.99,-0.0432856,29.99,-0.777512,29.99,-0.219288,29.99,-0.0343434,29.99,-0.026767,29.99,-0.0349467,29.99,-0.209042,29.99,-0.0618586,29.99,-0.0335263,29.99,-0.0343337,29.99,-0.033895,29.99,-0.0345077,29.99,-0.0343954,29.99,-0.20905,29.99,-0.034753,29.99,-0.0267654,29.99,-0.0349464,29.99,-0.642691,29.99,-0.0349467,29.99,-0.034441,29.99,-0.0267685,29.99,-0.071254,29.99,-0.141486,29.99,-0.747819,29.99,-0.0349497,29.99,-0.0323145,29.99,-0.0349439,29.99,-0.0343434,29.99,-0.311358,29.99,-0.0342365,29.99,-0.000666444
31.99,-0.0651514,31.99,-0.031566,31.99,-0.235937,31.99,-0.0231145,31.99,-0.0651514,31.99,0.00419876,31.99,-0.0916777,31.99,-0.0651738,31.99,-0.0302285,31.99,-0.0312344,31.99,-0.038067,31.99,-0.72262,31.99,-0.195725,31.99,-0.030429,31.99,-0.023116,31.99,-0.031566,31.99,-0.191151,31.99,-0.0551646,31.99,-0.0299843,31.99,-0.0304188,31.99,-0.0295532,31.99,-0.0311051,31.99,-0.0304836,31.99,-0.19116,31.99,-0.0313448,31.99,-0.0231145,31.99,-0.0315656,31.99,-0.595032,31.99,-0.031566,31.99,-0.03103,31.99,-0.0231176,31.99,-0.0651514,31.99,-0.135278,31.99,-0.705941,31.99,-0.0315689,31.99,-0.0289999,31.99,-0.0315629,31.99,-0.030429,31.99,-0.236188,31.99,-0.0303315,31.99,0.141869
33.99,-0.0594679,33.99,-0.0284705,33.99,-0.161197,33.99,-0.0197451,33.99,-0.0594679,33.99,0.00904383,33.99,-0.0826318,33.99,-0.0594918,33.99,-0.0266053,33.99,-0.0281483,33.99,-0.0332629,33.99,-0.66884,33.99,-0.172372,33.99,-0.0268064,33.99,-0.0197465,33.99,-0.0284705,33.99,-0.17449,33.99,-0.0489898,33.99,-0.026706,33.99,-0.0267957,33.99,-0.0255086,33.99,-0.0279873,33.99,-0.0268636,33.99,-0.174499,33.99,-0.0282177,33.99,-0.0197451,33.99,-0.02847,33.99,-0.548427,33.99,-0.0284705,33.99,-0.0279057,33.99,-0.0197481,33.99,-0.0594679,33.99,-0.129283,33.99,-0.665264,33.99,-0.0284733,33.99,-0.025984,33.99,-0.0284671,33.99,-0.0268064,33.99,-0.161507,33.99,-0.0267175,33.99,0.304735
35.99,-0.0541877,35.99,-0.0256418,35.99,-0.0869844,35.99,-0.0166388,35.99,-0.0541877,35.99,0.0136414,35.99,-0.0743729,35.99,-0.0542129,35.99,-0.0232566,35.99,-0.0253305,35.99,-0.0288464,35.99,-0.616217,35.99,-0.149238,35.99,-0.0234572,35.99,-0.0166401,35.99,-0.0256418,35.99,-0.159011,35.99,-0.0433013,35.99,-0.0236698,35.99,-0.023446,35.99,-0.0217424,35.99,-0.0251362,35.99,-0.023517,35.99,-0.15902,35.99,-0.0253528,35.99,-0.0166388,35.99,-0.0256413,35.99,-0.502919,35.99,-0.0256418,35.99,-0.0250497,35.99,-0.0166417,35.99,-0.0541877,35.99,-0.123496,35.99,-0.625835,35.99,-0.0256444,35.99,-0.0232457,35.99,-0.0256382,35.99,-0.0234572,35.99,-0.0873536,35.99,-0.0233763,35.99,0.49083
37.99,-0.0492937,37.99,-0.0230619,37.99,-0.0133342,37.99,-0.0137778,37.99,-0.0492937,37.99,0.0180061,37.99,-0.0668475,37.99,-0.0493204,37.99,-0.0201641,37.99,-0.0227626,37.99,-0.0247913,37.99,-0.564791,37.99,-0.126335,37.99,-0.0203633,37.99,-0.0137791,37.99,-0.0230619,37.99,-0.144665,37.99,-0.0380666,37.99,-0.0208539,37.99,-0.0203516,37.99,-0.0182367,37.99,-0.0225336,37.99,-0.0204258,37.99,-0.144674,37.99,-0.0227313,37.99,-0.0137778,37.99,-0.0230614,37.99,-0.45855,37.99,-0.0230619,37.99,-0.0224437,37.99,-0.0137806,37.99,-0.0492937,37.99,-0.117915,37.99,-0.587695,37.99,-0.0230645,37.99,-0.0207647,37.99,-0.0230582,37.99,-0.0203633,37.99,-0.013763,37.99,-0.0202897,37.99,0.703469
39.99,-0.0447683,39.99,-0.0207135,39.99,0.0597214,39.99,-0.0111447,39.99,-0.0447683,39.99,0.0221525,39.99,-0.0600036,39.99,-0.0447964,39.99,-0.0173102,39.99,-0.0204271,39.99,-0.0210722,39.99,-0.5146,39.99,-0.103669,39.99,-0.0175072,39.99,-0.0111459,39.99,-0.0207135,39.99,-0.1314,39.99,-0.0332544,39.99,-0.0182365,39.99,-0.017495,39.99,-0.0149737,39.99,-0.0201622,39.99,-0.0175724,39.99,-0.131409,39.99,-0.020335,39.99,-0.0111447,39.99,-0.020713,39.99,-0.415355,39.99,-0.0207135,39.99,-0.0200701,39.99,-0.0111474,39.99,-0.0447683,39.99,-0.112533,39.99,-0.550883,39.99,-0.0207159,39.99,-0.0185214,39.99,-0.0207097,39.99,-0.0175072,39.99,0.0592327,39.99,-0.0174403,39.99,0.946436
41.99,-0.0405932,41.99,-0.0185796,41.99,0.132154,41.99,-0.00872271,41.99,-0.0405932,41.99,0.0260948,41.99,-0.0537908,41.99,-0.0406228,41.99,-0.0146776,41.99,-0.0183067,41.99,-0.0176642,41.99,-0.465675,41.99,-0.0812496,41.99,-0.0148718,41.99,-0.00872382,41.99,-0.0185796,41.99,-0.119162,41.99,-0.0288342,41.99,-0.0157954,41.99,-0.0148591,41.99,-0.0119364,41.99,-0.0180051,41.99,-0.0149397,41.99,-0.119171,41.99,-0.0181458,41.99,-0.00872271,41.99,-0.0185791,41.99,-0.373366,41.99,-0.0185796,41.99,-0.0179118,41.99,-0.00872533,41.99,-0.0405932,41.99,-0.107349,41.99,-0.51543,41.99,-0.0185819,41.99,-0.0164969,41.99,-0.0185758,41.99,-0.0148718,41.99,0.131605,41.99,-0.014811,41.99,1.22406
43.99,-0.0367498,43.99,-0.016644,43.99,0.20394,43.99,-0.00649569,43.99,-0.0367498,43.99,0.0298467,43.99,-0.0481611,43.99,-0.036781,43.99,-0.0122498,43.99,-0.0163851,43.99,-0.0145438,43.99,-0.418043,43.99,-0.0590825,43.99,-0.0124408,43.99,-0.00649673,43.99,-0.016644,43.99,-0.107898,43.99,-0.0247769,43.99,-0.0135083,43.99,-0.0124276,43.99,-0.00910832,43.99,-0.0160461,43.99,-0.0125115,43.99,-0.107906,43.99,-0.0161466,43.99,-0.00649569,43.99,-0.0166435,43.99,-0.332611,43.99,-0.016644,43.99,-0.0159524,43.99,-0.00649821,43.99,-0.0367498,43.99,-0.102357,43.99,-0.481365,43.99,-0.0166463,43.99,-0.0146734,43.99,-0.0166403,43.99,-0.0124408,43.99,0.203331,43.99,-0.0123857,43.99,1.54128
45.99,-0.0332196,45.99,-0.0148914,45.99,0.27506,45.99,-0.00444825,45.99,-0.0332196,45.99,0.0334218,45.99,-0.0430684,45.99,-0.0332523,45.99,-0.0100112,45.99,-0.0146465,45.99,-0.0116883,45.99,-0.371726,45.99,-0.0371728,45.99,-0.0101987,45.99,-0.00444922,45.99,-0.0148914,45.99,-0.0975513,45.99,-0.0210544,45.99,-0.0113526,45.99,-0.010185,45.99,-0.00647376,45.99,-0.0142698,45.99,-0.0102721,45.99,-0.0975599,45.99,-0.0143203,45.99,-0.00444825,45.99,-0.0148909,45.99,-0.293109,45.99,-0.0148914,45.99,-0.0141763,45.99,-0.00445066,45.99,-0.0332196,45.99,-0.0975526,45.99,-0.44871,45.99,-0.0148935,45.99,-0.0130337,45.99,-0.0148877,45.99,-0.0101987,45.99,0.27439,45.99,-0.0101486,45.99,1.90374
47.99,-0.0299838,47.99,-0.0133069,47.99,0.345501,47.99,-0.00256576,47.99,-0.0299838,47.99,0.036833,47.99,-0.0384692,47.99,-0.0300181,47.99,-0.00794676,47.99,-0.0130762,47.99,-0.00907628,47.99,-0.326739,47.99,-0.0155242,47.99,-0.00813053,47.99,-0.00256667,47.99,-0.0133069,47.99,-0.0880686,47.99,-0.0176403,47.99,-0.00930519,47.99,-0.00811627,47.99,-0.00401779,47.99,-0.0126615,47.99,-0.00820671,47.99,-0.0880769,47.99,-0.0126507,47.99,-0.00256576,47.99,-0.0133064,47.99,-0.254878,47.99,-0.0133069,47.99,-0.0125687,47.99,-0.00256807,47.99,-0.0299838,47.99,-0.0929318,47.99,-0.417481,47.99,-0.0133089,47.99,-0.0115618,47.99,-0.0133033,47.99,-0.00813053,47.99,0.344771,47.99,-0.008085,47.99,2.3179
49.99,-0.0270239,49.99,-0.0118767,49.99,0.415254,49.99,-0.000834395,49.99,-0.0270239,49.99,0.0400926,49.99,-0.0343221,49.99,-0.0270598,49.99,-0.00604233,49.99,-0.01166,49.99,-0.00668739,49.99,-0.283092,49.99,0.00586099,49.99,-0.00622226,49.99,-0.000835243,49.99,-0.0118767,49.99,-0.0793953,49.99,-0.0145095,49.99,-0.00734212,49.99,-0.00620747,49.99,-0.00172625,49.99,-0.0112072,49.99,-0.00630124,49.99,-0.0794033,49.99,-0.011122,49.99,-0.000834395,49.99,-0.0118762,49.99,-0.217925,49.99,-0.0118767,49.99,-0.0111154,49.99,-0.000836607,49.99,-0.0270239,49.99,-0.0884899,49.99,-0.387688,49.99,-0.0118785,49.99,-0.0102428,49.99,-0.0118732,49.99,-0.00622226,49.99,0.414463,49.99,-0.00618091,49.99,2.79114
51.99,-0.0243218,51.99,-0.0105876,51.99,0.484316,51.99,0.000758859,51.99,-0.0243218,51.99,0.0432125,51.99,-0.0305884,51.99,-0.0243594,51.99,-0.00428461,51.99,-0.0103848,51.99,-0.0045025,51.99,-0.240789,51.99,0.026982,51.99,-0.00446067,51.99,0.00075807,51.99,-0.0105876,51.99,-0.071478,51.99,-0.0116383,51.99,-0.00543855,51.99,-0.00444534,51.99,0.000414193,51.99,-0.00989401,51.99,-0.00454247,51.99,-0.0714857,51.99,-0.00971902,51.99,0.000758859,51.99,-0.0105872,51.99,-0.182255,51.99,-0.0105876,51.99,-0.00980319,51.99,0.000756746,51.99,-0.0243218,51.99,-0.0842225,51.99,-0.359335,51.99,-0.0105894,51.99,-0.00906261,51.99,-0.0105843,51.99,-0.00446067,51.99,0.483464,51.99,-0.00442309,51.99,3.33187
53.99,-0.0218598,53.99,-0.00942748,53.99,0.552691,53.99,0.0022262,53.99,-0.0218598,53.99,0.0462042,53.99,-0.0272318,53.99,-0.0218991,53.99,-0.0026611,53.99,-0.00923811,53.99,-0.00250371,53.99,-0.199825,53.99,0.0478397,53.99,-0.00283334,53.99,0.00222547,53.99,-0.00942748,53.99,-0.0642648,53.99,-0.00900454,53.99,-0.00356821,53.99,-0.00281746,53.99,0.00241608,53.99,-0.00870951,53.99,-0.00291797,53.99,-0.0642722,53.99,-0.00842688,53.99,0.0022262,53.99,-0.00942706,53.99,-0.147864,53.99,-0.00942748,53.99,-0.00861971,53.99,0.00222418,53.99,-0.0218598,53.99,-0.0801248,53.99,-0.332418,53.99,-0.00942909,53.99,-0.00800819,53.99,-0.00942433,53.99,-0.00283334,53.99,0.551778,53.99,-0.00279917,53.99,3.94973
55.99,-0.0196207,55.99,-0.00838476,55.99,0.620386,55.99,0.00357901,55.99,-0.0196207,55.99,0.0490784,55.99,-0.0242184,55.99,-0.0196617,55.99,-0.00116013,55.99,-0.00820846,55.99,-0.000674265,55.99,-0.160192,55.99,0.0684362,55.99,-0.00132864,55.99,0.00357833,55.99,-0.00838476,55.99,-0.0577054,55.99,-0.00658746,55.99,-0.00170292,55.99,-0.00131222,55.99,0.00429113,55.99,-0.00764231,55.99,-0.00141613,55.99,-0.0577124,55.99,-0.00723116,55.99,0.00357901,55.99,-0.00838436,55.99,-0.114743,55.99,-0.00838476,55.99,-0.00755333,55.99,0.00357709,55.99,-0.0196207,55.99,-0.0761923,55.99,-0.306929,55.99,-0.00838626,55.99,-0.00706747,55.99,-0.00838177,55.99,-0.00132864,55.99,0.619412,55.99,-0.00129755,55.99,4.65572
57.99,-0.017588,57.99,-0.00744881,57.99,0.687415,57.99,0.00482788,57.99,-0.017588,57.99,0.0518451,57.99,-0.0215167,57.99,-0.0176306,57.99,0.000229159,57.99,-0.00728509,57.99,0.00100138,57.99,-0.121874,57.99,0.0887752,57.99,6.42E-05,57.99,0.00482724,57.99,-0.00744881,57.99,-0.0517513,57.99,-0.00436777,57.99,0.000188058,57.99,8.12E-05,57.99,0.00605026,57.99,-0.00668173,57.99,-2.61E-05,57.99,-0.0517579,57.99,-0.00611773,57.99,0.00482788,57.99,-0.00744843,57.99,-0.082876,57.99,-0.00744881,57.99,-0.00659323,57.99,0.00482604,57.99,-0.017588,57.99,-0.0724203,57.99,-0.282852,57.99,-0.0074502,57.99,-0.00622932,57.99,-0.00744597,57.99,6.42E-05,57.99,0.686379,57.99,9.25E-05,57.99,5.4624
59.99,-0.0157458,59.99,-0.00660973,59.99,0.753797,59.99,0.00598261,59.99,-0.0157458,59.99,0.0545141,59.99,-0.0190976,59.99,-0.0157902,59.99,0.00151684,59.99,-0.00645806,59.99,0.00253765,59.99,-0.0848489,59.99,0.108862,59.99,0.00135529,59.99,0.00598202,59.99,-0.00660973,59.99,-0.0463559,59.99,-0.00232758,59.99,0.00213888,59.99,0.00137282,59.99,0.00770363,59.99,-0.0058179,59.99,0.00126205,59.99,-0.0463622,59.99,-0.00507264,59.99,0.00598261,59.99,-0.00660938,59.99,-0.0522425,59.99,-0.00660973,59.99,-0.00572937,59.99,0.00598085,59.99,-0.0157458,59.99,-0.0688041,59.99,-0.260166,59.99,-0.00661102,59.99,-0.00548351,59.99,-0.00660706,59.99,0.00135529,59.99,0.7527,59.99,0.00138112,59.99,6.38413
61.99,-0.014079,61.99,-0.0058584,61.99,0.819556,61.99,0.00705226,61.99,-0.014079,61.99,0.0570942,61.99,-0.0169341,61.99,-0.0141251,61.99,0.00271223,61.99,-0.0057182,61.99,0.00394786,61.99,-0.049091,61.99,0.128702,61.99,0.00255385,61.99,0.00705171,61.99,-0.0058584,61.99,-0.0414751,61.99,-0.000450308,61.99,0.0041882,61.99,0.00257193,61.99,0.00926063,61.99,-0.0050417,61.99,0.0024577,61.99,-0.041481,61.99,-0.00408198,61.99,0.00705226,61.99,-0.00585806,61.99,-0.0228157,61.99,-0.0058584,61.99,-0.00495242,61.99,0.00705058,61.99,-0.014079,61.99,-0.0653392,61.99,-0.238842,61.99,-0.00585959,61.99,-0.00482067,61.99,-0.00585589,61.99,0.00255385,61.99,0.818397,61.99,0.00257744,61.99,7.43734
63.99,-0.0125733,63.99,-0.00518638,63.99,0.88472,63.99,0.00804517,63.99,-0.0125733,63.99,0.0595939,63.99,-0.0150015,63.99,-0.0126212,63.99,0.00382391,63.99,-0.00505707,63.99,0.00524429,63.99,-0.0145675,63.99,0.148305,63.99,0.00366846,63.99,0.00804466,63.99,-0.00518638,63.99,-0.0370668,63.99,0.00127931,63.99,0.00638072,63.99,0.00368711,63.99,0.0107299,63.99,-0.00434471,63.99,0.0035694,63.99,-0.0370724,63.99,-0.0031317,63.99,0.00804517,63.99,-0.00518607,63.99,0.0054363,63.99,-0.00518638,63.99,-0.00425375,63.99,0.00804356,63.99,-0.0125733,63.99,-0.0620208,63.99,-0.21885,63.99,-0.00518748,63.99,-0.00423224,63.99,-0.00518403,63.99,0.00366846,63.99,0.883499,63.99,0.00369006,63.99,8.64076
65.99,-0.0112153,65.99,-0.00458595,65.99,0.949321,65.99,0.00896899,65.99,-0.0112153,65.99,0.0620209,65.99,-0.013277,65.99,-0.0112649,65.99,0.00485979,65.99,-0.00446692,65.99,0.00643819,65.99,0.0187582,65.99,0.167677,65.99,0.00470702,65.99,0.00896852,65.99,-0.00458595,65.99,-0.0330915,65.99,0.0028753,65.99,0.00876914,65.99,0.00472622,65.99,0.0121196,65.99,-0.0037192,65.99,0.00460502,65.99,-0.0330967,65.99,-0.00220744,65.99,0.00896899,65.99,-0.00458566,65.99,0.0325497,65.99,-0.00458595,65.99,-0.00362533,65.99,0.00896745,65.99,-0.0112153,65.99,-0.0588443,65.99,-0.200151,65.99,-0.00458696,65.99,-0.00371043,65.99,-0.00458375,65.99,0.00470702,65.99,0.948038,65.99,0.00472682,65.99,10.0158
67.99,-0.00999218,67.99,-0.00405002,67.99,1.01339,67.99,0.00983072,67.99,-0.00999218,67.99,0.0643825,67.99,-0.0117399,67.99,-0.0100436,67.99,0.0058271,67.99,-0.00394066,67.99,0.00753986,67.99,0.050927,67.99,0.186829,67.99,0.00567673,67.99,0.00983028,67.99,-0.00405002,67.99,-0.0295119,67.99,0.00435056,67.99,0.011417,67.99,0.0056965,67.99,0.0134368,67.99,-0.00315811,67.99,0.0055718,67.99,-0.0295168,67.99,-0.00129426,67.99,0.00983072,67.99,-0.00404975,67.99,0.0585649,67.99,-0.00405002,67.99,-0.00305971,67.99,0.00982925,67.99,-0.00999218,67.99,-0.0558052,67.99,-0.182705,67.99,-0.00405095,67.99,-0.00324817,67.99,-0.00404798,67.99,0.00567673,67.99,1.01205,67.99,0.00569494,67.99,11.587
69.99,-0.00889212,69.99,-0.00357212,69.99,1.07698,69.99,0.0106368,69.99,-0.00889212,69.99,0.0666853,69.99,-0.0103712,69.99,-0.00894535,69.99,0.00673246,69.99,-0.00347183,69.99,0.00855874,69.99,0.0819833,69.99,0.205772,69.99,0.00658423,69.99,0.0106364,69.99,-0.00357212,69.99,-0.0262933,69.99,0.00571685,69.99,0.0144024,69.99,0.00660457,69.99,0.0146885,69.99,-0.00265496,69.99,0.00647634,69.99,-0.0262978,69.99,-0.000376372,69.99,0.0106368,69.99,-0.00357187,69.99,0.0835258,69.99,-0.00357212,69.99,-0.0025499,69.99,0.0106354,69.99,-0.00889212,69.99,-0.0528988,69.99,-0.166466,69.99,-0.00357297,69.99,-0.00283904,69.99,-0.00357022,69.99,0.00658423,69.99,1.07557,69.99,0.00660102,69.99,13.3823
71.99,-0.00790407,71.99,-0.00314635,71.99,1.14012,71.99,0.0113929,71.99,-0.00790407,71.99,0.0689355,71.99,-0.00915351,71.99,-0.00795911,71.99,0.00758192,71.99,-0.00305452,71.99,0.00950338,71.99,0.111974,71.99,0.224516,71.99,0.00743556,71.99,0.0113926,71.99,-0.00314635,71.99,-0.0234031,71.99,0.00698492,71.99,0.0178239,71.99,0.00745645,71.99,0.0158807,71.99,-0.00220386,71.99,0.0073247,71.99,-0.0234074,71.99,0.000563237,71.99,0.0113929,71.99,-0.00314611,71.99,0.107479,71.99,-0.00314635,71.99,-0.00208923,71.99,0.0113916,71.99,-0.00790407,71.99,-0.0501208,71.99,-0.151385,71.99,-0.00314713,71.99,-0.00247727,71.99,-0.00314459,71.99,0.00743556,71.99,1.13864,71.99,0.00745107,71.99,15.4337
73.99,-0.00701775,73.99,-0.00276734,73.99,1.20285,73.99,0.0121045,73.99,-0.00701775,73.99,0.0711388,73.99,-0.00807128,73.99,-0.0070746,73.99,0.00838098,73.99,-0.0026834,73.99,0.0103816,73.99,0.14095,73.99,0.243074,73.99,0.00823621,73.99,0.0121042,73.99,-0.00276734,73.99,-0.0208113,73.99,0.00816456,73.99,0.0218087,73.99,0.00825767,73.99,0.0170191,73.99,-0.00179945,73.99,0.00812238,73.99,-0.0208153,73.99,0.00154322,73.99,0.0121045,73.99,-0.00276712,73.99,0.130474,73.99,-0.00276734,73.99,-0.00167115,73.99,0.0121032,73.99,-0.00701775,73.99,-0.0474667,73.99,-0.137413,73.99,-0.00276805,73.99,-0.00215764,73.99,-0.00276571,73.99,0.00823621,73.99,1.20131,73.99,0.00825061,73.99,17.7776
75.99,-0.00622364,75.99,-0.00243022,75.99,1.26522,75.99,0.0127763,75.99,-0.00622364,75.99,0.0733004,75.99,-0.00711021,75.99,-0.00628232,75.99,0.00913464,75.99,-0.00235361,75.99,0.0112004,75.99,0.168962,75.99,0.261456,75.99,0.0089912,75.99,0.012776,75.99,-0.00243022,75.99,-0.01849,75.99,0.00926467,75.99,0.0265247,75.99,0.00901323,75.99,0.0181087,75.99,-0.00143687,75.99,0.00887438,75.99,-0.0184936,75.99,0.00258441,75.99,0.0127763,75.99,-0.00243002,75.99,0.152561,75.99,-0.00243022,75.99,-0.00128885,75.99,0.0127751,75.99,-0.00622364,75.99,-0.044932,75.99,-0.124496,75.99,-0.00243087,75.99,-0.00187544,75.99,-0.00242872,75.99,0.0089912,75.99,1.26362,75.99,0.0090046,75.99,20.4559
77.99,-0.00551297,77.99,-0.00213058,77.99,1.32727,77.99,0.0134127,77.99,-0.00551297,77.99,0.075425,77.99,-0.00625746,77.99,-0.00557349,77.99,0.00984744,77.99,-0.00206075,77.99,0.0119663,77.99,0.196063,77.99,0.279676,77.99,0.00970508,77.99,0.0134124,77.99,-0.00213058,77.99,-0.0164134,77.99,0.0102933,77.99,0.0322009,77.99,0.00972768,77.99,0.0191543,77.99,-0.00111171,77.99,0.00958527,77.99,-0.0164168,77.99,0.00371055,77.99,0.0134127,77.99,-0.0021304,77.99,0.173792,77.99,-0.00213058,77.99,-0.000934495,77.99,0.0134115,77.99,-0.00551297,77.99,-0.0425125,77.99,-0.112581,77.99,-0.00213118,77.99,-0.00162648,77.99,-0.0021292,77.99,0.00970508,77.99,1.3256,77.99,0.0097176,77.99,23.5162
79.99,-0.00487767,79.99,-0.00186444,79.99,1.38905,79.99,0.0140175,79.99,-0.00487767,79.99,0.0775169,79.99,-0.00550139,79.99,-0.00494003,79.99,0.0105235,79.99,-0.00180088,79.99,0.0126849,79.99,0.222305,79.99,0.297746,79.99,0.010382,79.99,0.0140172,79.99,-0.00186444,79.99,-0.0145579,79.99,0.0112578,79.99,0.0391586,79.99,0.0104051,79.99,0.02016,79.99,-0.000819994,79.99,0.0102591,79.99,-0.014561,79.99,0.00494912,79.99,0.0140175,79.99,-0.00186427,79.99,0.19422,79.99,-0.00186444,79.99,-0.000597347,79.99,0.0140163,79.99,-0.00487767,79.99,-0.0402039,79.99,-0.101613,79.99,-0.00186498,79.99,-0.00140696,79.99,-0.00186317,79.99,0.010382,79.99,1.38732,79.99,0.0103937,79.99,27.0129
81.99,-0.00431034,81.99,-0.0016282,81.99,1.4506,81.99,0.0145943,81.99,-0.00431034,81.99,0.07958,81.99,-0.00483153,81.99,-0.00437455,81.99,0.0111665,81.99,-0.00157041,81.99,0.0133616,81.99,0.247743,81.99,0.315677,81.99,0.0110256,81.99,0.014594,81.99,-0.0016282,81.99,-0.0129017,81.99,0.0121647,81.99,0.047866,81.99,0.0110493,81.99,0.0211298,81.99,-0.000558114,81.99,0.0108998,81.99,-0.0129045,81.99,0.00633253,81.99,0.0145943,81.99,-0.00162805,81.99,0.213897,81.99,-0.0016282,81.99,-0.000258555,81.99,0.0145931,81.99,-0.00431034,81.99,-0.0380021,81.99,-0.0915382,81.99,-0.00162869,81.99,-0.00121353,81.99,-0.00162704,81.99,0.0110256,81.99,1.4488,81.99,0.0110366,81.99,31.0085
83.99,-0.0038042,83.99,-0.00141862,83.99,1.51197,83.99,0.0151462,83.99,-0.0038042,83.99,0.0816178,83.99,-0.00423847,83.99,-0.00387026,83.99,0.0117799,83.99,-0.00136614,83.99,0.0140009,83.99,0.27243,83.99,0.333483,83.99,0.0116393,83.99,0.015146,83.99,-0.00141862,83.99,-0.0114249,83.99,0.01302,83.99,0.0590353,83.99,0.0116636,83.99,0.022067,83.99,-0.00032283,83.99,0.0115104,83.99,-0.0114275,83.99,0.00789963,83.99,0.0151462,83.99,-0.00141848,83.99,0.232875,83.99,-0.00141862,83.99,0.000128624,83.99,0.0151451,83.99,-0.0038042,83.99,-0.0359031,83.99,-0.0823011,83.99,-0.00141906,83.99,-0.00104316,83.99,-0.00141755,83.99,0.0116393,83.99,1.5101,83.99,0.0116498,83.99,35.5738
85.99,-0.00335306,85.99,-0.00123278,85.99,1.57319,85.99,0.0156762,85.99,-0.00335306,85.99,0.0836336,85.99,-0.00371373,85.99,-0.00342099,85.99,0.0123666,85.99,-0.00118517,85.99,0.0146071,85.99,0.296417,85.99,0.351175,85.99,0.0122261,85.99,0.0156759,85.99,-0.00123278,85.99,-0.0101095,85.99,0.0138291,85.99,0.0738083,85.99,0.012251,85.99,0.0229748,85.99,-0.000111212,85.99,0.0120943,85.99,-0.0101119,85.99,0.0096978,85.99,0.0156762,85.99,-0.00123265,85.99,0.251205,85.99,-0.00123278,85.99,0.000760407,85.99,0.015675,85.99,-0.00335306,85.99,-0.0339027,85.99,-0.0738484,85.99,-0.00123319,85.99,-0.000893174,85.99,-0.00123181,85.99,0.0122261,85.99,1.57125,85.99,0.0122361,85.99,40.7904
87.99,-0.00295131,87.99,-0.00106808,87.99,1.63431,87.99,0.0161866,87.99,-0.00295131,87.99,0.0855867,87.99,-0.00324973,87.99,-0.0030211,87.99,0.0129294,87.99,-0.00102493,87.99,0.0151839,87.99,0.319755,87.99,0.368765,87.99,0.0127889,87.99,0.0161864,87.99,-0.00106808,87.99,-0.00893897,87.99,0.0145969,87.99,0.0941437,87.99,0.0128143,87.99,0.0238561,87.99,7.94E-05,87.99,0.012654,87.99,-0.00894114,87.99,0.0117858,87.99,0.0161866,87.99,-0.00106796,87.99,0.268938,87.99,-0.00106808,87.99,0.00661587,87.99,0.0161855,87.99,-0.00295131,87.99,-0.0319971,87.99,-0.0661274,87.99,-0.00106844,87.99,-0.000761169,87.99,-0.00106718,87.99,0.0127889,87.99,1.63231,87.99,0.0127984,87.99,46.751
89.99,-0.00259383,89.99,-0.000922156,89.99,1.69537,89.99,0.0166799,89.99,-0.00259383,89.99,0.087468,89.99,-0.00283967,89.99,-0.00266549,89.99,0.0134707,89.99,-0.000883081,89.99,0.0157348,89.99,0.342495,89.99,0.386264,89.99,0.0133299,89.99,0.0166797,89.99,-0.000922156,89.99,-0.00789823,89.99,0.0153275,89.99,0.12371,89.99,0.013356,89.99,0.0247134,89.99,0.000251879,89.99,0.013192,89.99,-0.00790022,89.99,0.0142378,89.99,0.0166799,89.99,-0.000922047,89.99,0.286122,89.99,-0.000922156,89.99,-0.00107048,89.99,0.0166788,89.99,-0.00259383,89.99,-0.0301826,89.99,-0.059087,89.99,-0.000922488,89.99,-0.000645025,89.99,-0.00092134,89.99,0.0133299,89.99,1.69329,89.99,0.0133391,89.99,53.5618
91.99,-0.00227597,91.99,-0.000792919,91.99,1.7564,91.99,0.0171581,91.99,-0.00227597,91.99,0.0893407,91.99,-0.00247746,91.99,-0.00234951,91.99,0.0139928,91.99,-0.000757562,91.99,0.0162627,91.99,0.364683,91.99,0.403683,91.99,0.0138516,91.99,0.0171579,91.99,-0.000792919,91.99,-0.00697374,91.99,0.0160251,91.99,0.170287,91.99,0.0138782,91.99,0.025549,91.99,0.00040117,91.99,0.0137106,91.99,-0.00697555,91.99,0.0171492,91.99,0.0171581,91.99,-0.000792819,91.99,0.302804,91.99,-0.000792919,91.99,-0.000227961,91.99,0.017157,91.99,-0.00227597,91.99,-0.0284553,91.99,-0.0526777,91.99,-0.000793219,91.99,-0.000542853,91.99,-0.000792173,91.99,0.0138516,91.99,1.75425,91.99,0.0138604,91.99,61.344
93.99,-0.00199356,93.99,-0.000678487,93.99,1.81743,93.99,0.0176229,93.99,-0.00199356,93.99,0.0912062,93.99,-0.00215767,93.99,-0.00206897,93.99,0.0144976,93.99,-0.000646517,93.99,0.0167703,93.99,0.386366,93.99,0.421032,93.99,0.0143558,93.99,0.0176227,93.99,-0.000678487,93.99,-0.00615319,93.99,0.016693,93.99,0.253769,93.99,0.0143829,93.99,0.0263651,93.99,0.000544899,93.99,0.0142118,93.99,-0.00615483,93.99,0.0206451,93.99,0.0176229,93.99,-0.000678397,93.99,0.319027,93.99,-0.000678487,93.99,0.000113216,93.99,0.0176218,93.99,-0.00199356,93.99,-0.0268117,93.99,-0.0468519,93.99,-0.000678759,93.99,-0.000452981,93.99,-0.000677807,93.99,0.0143558,93.99,1.81521,93.99,0.0143643,93.99,70.2361
95.99,-0.00174279,95.99,-0.000577184,95.99,1.87851,95.99,0.018076,95.99,-0.00174279,95.99,0.0930661,95.99,-0.00187547,95.99,-0.00182009,95.99,0.0149869,95.99,-0.000548293,95.99,0.0172601,95.99,0.407586,95.99,0.43832,95.99,0.0148443,95.99,0.0180758,95.99,-0.000577184,95.99,-0.00542546,95.99,0.0173344,95.99,,95.99,0.014872,95.99,0.0271634,95.99,0.000672403,95.99,0.0146973,95.99,-0.00542696,95.99,0.0248936,95.99,0.018076,95.99,-0.000577101,95.99,0.334836,95.99,-0.000577184,95.99,0.000335123,95.99,0.0180749,95.99,-0.00174279,95.99,-0.0252483,95.99,-0.0415643,95.99,-0.000577429,95.99,-0.000373927,95.99,-0.000576563,95.99,0.0148443,95.99,1.87622,95.99,0.0148526,95.99,80.3966
97.99,-0.00152027,97.99,-0.000487512,97.99,1.93965,97.99,0.0185188,97.99,-0.00152027,97.99,0.0949214,97.99,-0.00162652,97.99,-0.00159944,97.99,0.0154623,97.99,-0.000461417,97.99,0.0177342,97.99,0.428387,97.99,0.455556,97.99,0.0153188,97.99,0.0185186,97.99,-0.000487512,97.99,-0.00478055,97.99,0.0179521,97.99,,97.99,0.0153471,97.99,0.0279457,97.99,0.000788062,97.99,0.0151687,97.99,-0.00478191,97.99,0.0301263,97.99,0.0185188,97.99,-0.000487437,97.99,0.350269,97.99,-0.000487512,97.99,0.000505165,97.99,0.0185178,97.99,-0.00152027,97.99,-0.0237617,97.99,-0.0367716,97.99,-0.000487734,97.99,-0.00030438,97.99,-0.000486946,97.99,0.0153188,97.99,1.93729,97.99,0.0153268,97.99,92.0062
# x axis: Test potential (mV); y axis: GHK Driving Term (mC_per_uL),,,,,,,,,,,,,,,,,,,,,,,,,,,,,,,,,,,,,,,,,,,,,,,,,,,,,,,,# x axis: Test potential (mV); y axis: GHK Driving Term (mC_per_uL),,,,,,,,,,,,,,,,,,,,,,,,,
