Test potential (mV),2020_Aslanidi_2009_purkinje,Test potential (mV),2020_Decker_2009,Test potential (mV),2020_DiFrancesco_1985,Test potential (mV),2020_Grandi_2010,Test potential (mV),2020_Hund_2004,Test potential (mV),2020_Iyer 2004,Test potential (mV),2020_Li_2010,Test potential (mV),2020_Livshitz_2007,Test potential (mV),2020_Luo_1994,Test potential (mV),2020_Mahajan_2008,Test potential (mV),2020_Matsuoka_2003,Test potential (mV),2020_Noble_1991,Test potential (mV),2020_Noble_1998,Test potential (mV),2020_ohara_2011,Test potential (mV),2020_Shannon_2004,Test potential (mV),2020_ten_Tusscher_2004,Test potential (mV),2020_ten_Tusscher_2006,Test potential (mV),2020_Tomek_2019,Test potential (mV),2020_Winslow_1999,Test potential (mV),Bartolucci 2020,Test potential (mV),Cabo 2003 (Non-infarcted) (ICaL),Test potential (mV),Cortassa 2006 (ICaL),Test potential (mV),Faber 2007 (ICaL),Test potential (mV),Fox 2002,Test potential (mV),Hilgemann 1987,Test potential (mV),Jafri 1998,Test potential (mV),Li 2011 (ICaL),Test potential (mV),Paci 2013 (atrial-like),Test potential (mV),Trovato 2020,Test potential (mV),Wilders 1991 (ICaL),Test potential (mV),Grandi 2011,Test potential (mV),Heijman 2011
-100.01,-1.13346,-100.01,-0.986004,-100.01,-5.10372,-100.01,-0.987316,-100.01,-1.13346,-100.01,-0.986192,-100.01,-2.91111,-100.01,-1.13346,,,-100.01,-0.992332,-100.01,-2.89269,-100.01,-5.09639,,,-100.01,-1.03465,-100.01,-0.444292,-100.01,-0.985956,-100.01,-3.32377,-100.01,-1.82555,-100.01,-0.985955,-100.01,-1.38118,-100.01,-1.07305,-100.01,-0.98631,-100.01,-1.03458,-100.01,-0.986311,-100.01,-5.09639,-100.01,-0.9933,-100.01,-1.13346,-100.01,-0.985956,-100.01,-1.03465,-100.01,-5.10148,-100.01,-0.987316,-100.01,-0.986045
-98.01,-1.11378,-98.01,-0.966374,-98.01,-5.03442,-98.01,-0.967626,-98.01,-1.11378,-98.01,-0.966557,-98.01,-2.85314,-98.01,-1.11378,-98.01,-1.01874,-98.01,-0.972571,-98.01,-2.83507,-98.01,-5.02829,-98.01,-5.02829,-98.01,-1.01411,-98.01,-0.435431,-98.01,-0.966326,-98.01,-3.26607,-98.01,-1.78927,-98.01,-0.966325,-98.01,-1.35374,-98.01,-1.05179,-98.01,-0.966673,-98.01,-1.01403,-98.01,-0.966674,-98.01,-5.02829,-98.01,-0.973522,-98.01,-1.11378,-98.01,-0.966326,-98.01,-1.01411,-98.01,-5.03221,-98.01,-0.967626,-98.01,-0.966414
-96.01,-1.09411,-96.01,-0.946753,-96.01,-4.96506,-96.01,-0.947945,-96.01,-1.09411,-96.01,-0.946933,-96.01,-2.7952,-96.01,-1.09411,-96.01,-0.998115,-96.01,-0.952821,-96.01,-2.77747,-96.01,-4.96018,-96.01,-4.96018,-96.01,-0.993574,-96.01,-0.426575,-96.01,-0.946707,-96.01,-3.20838,-96.01,-1.753,-96.01,-0.946706,-96.01,-1.32631,-96.01,-1.03054,-96.01,-0.947046,-96.01,-0.993502,-96.01,-0.947047,-96.01,-4.96018,-96.01,-0.953754,-96.01,-1.09411,-96.01,-0.946707,-96.01,-0.993574,-96.01,-4.96287,-96.01,-0.947945,-96.01,-0.946793
-94.01,-1.07444,-94.01,-0.927145,-94.01,-4.89563,-94.01,-0.928275,-94.01,-1.07444,-94.01,-0.92732,-94.01,-2.7373,-94.01,-1.07444,-94.01,-0.9775,-94.01,-0.933082,-94.01,-2.71991,-94.01,-4.89207,-94.01,-4.89207,-94.01,-0.973056,-94.01,-0.417723,-94.01,-0.927099,-94.01,-3.1507,-94.01,-1.71677,-94.01,-0.927098,-94.01,-1.29891,-94.01,-1.0093,-94.01,-0.927431,-94.01,-0.972985,-94.01,-0.927432,-94.01,-4.89207,-94.01,-0.933998,-94.01,-1.07444,-94.01,-0.927099,-94.01,-0.973056,-94.01,-4.89347,-94.01,-0.928275,-94.01,-0.927183
-92.01,-1.05478,-92.01,-0.907549,-92.01,-4.82613,-92.01,-0.908616,-92.01,-1.05478,-92.01,-0.90772,-92.01,-2.67943,-92.01,-1.05478,-92.01,-0.9569,-92.01,-0.913356,-92.01,-2.66239,-92.01,-4.82394,-92.01,-4.82394,-92.01,-0.952553,-92.01,-0.408877,-92.01,-0.907504,-92.01,-3.09303,-92.01,-1.68056,-92.01,-0.907503,-92.01,-1.27152,-92.01,-0.988084,-92.01,-0.907829,-92.01,-0.952484,-92.01,-0.90783,-92.01,-4.82394,-92.01,-0.914254,-92.01,-1.05478,-92.01,-0.907504,-92.01,-0.952553,-92.01,-4.824,-92.01,-0.908616,-92.01,-0.907586
-90.01,-1.03512,-90.01,-0.887968,-90.01,-4.75656,-90.01,-0.888971,-90.01,-1.03512,-90.01,-0.888136,-90.01,-2.6216,-90.01,-1.03512,-90.01,-0.936318,-90.01,-0.893645,-90.01,-2.6049,-90.01,-4.75581,-90.01,-4.75581,-90.01,-0.932068,-90.01,-0.400037,-90.01,-0.887924,-90.01,-3.03539,-90.01,-1.64438,-90.01,-0.887923,-90.01,-1.24416,-90.01,-0.966886,-90.01,-0.888242,-90.01,-0.932,-90.01,-0.888243,-90.01,-4.75581,-90.01,-0.894525,-90.01,-1.03512,-90.01,-0.887924,-90.01,-0.932068,-90.01,-4.75446,-90.01,-0.888971,-90.01,-0.888005
-88.01,-1.01547,-88.01,-0.868404,-88.01,-4.68691,-88.01,-0.869341,-88.01,-1.01547,-88.01,-0.868567,-88.01,-2.56382,-88.01,-1.01547,-88.01,-0.915755,-88.01,-0.873949,-88.01,-2.54747,-88.01,-4.68768,-88.01,-4.68768,-88.01,-0.911602,-88.01,-0.391203,-88.01,-0.868361,-88.01,-2.97776,-88.01,-1.60823,-88.01,-0.868359,-88.01,-1.21682,-88.01,-0.94571,-88.01,-0.868671,-88.01,-0.911536,-88.01,-0.868673,-88.01,-4.68768,-88.01,-0.874813,-88.01,-1.01547,-88.01,-0.868361,-88.01,-0.911602,-88.01,-4.68484,-88.01,-0.869341,-88.01,-0.86844
-86.01,-0.995823,-86.01,-0.848858,-86.01,-4.61718,-86.01,-0.849727,-86.01,-0.995823,-86.01,-0.849018,-86.01,-2.5061,-86.01,-0.995823,-86.01,-0.895213,-86.01,-0.854273,-86.01,-2.49008,-86.01,-4.61953,-86.01,-4.61953,-86.01,-0.891158,-86.01,-0.382377,-86.01,-0.848817,-86.01,-2.92016,-86.01,-1.57212,-86.01,-0.848815,-86.01,-1.18951,-86.01,-0.924557,-86.01,-0.849119,-86.01,-0.891094,-86.01,-0.849121,-86.01,-4.61953,-86.01,-0.855119,-86.01,-0.995823,-86.01,-0.848817,-86.01,-0.891158,-86.01,-4.61514,-86.01,-0.849727,-86.01,-0.848893
-84.01,-0.976188,-84.01,-0.829334,-84.01,-4.54736,-84.01,-0.830134,-84.01,-0.976188,-84.01,-0.829489,-84.01,-2.44843,-84.01,-0.976188,-84.01,-0.874696,-84.01,-0.834616,-84.01,-2.43276,-84.01,-4.55138,-84.01,-4.55138,-84.01,-0.870738,-84.01,-0.37356,-84.01,-0.829293,-84.01,-2.86258,-84.01,-1.53605,-84.01,-0.829291,-84.01,-1.16223,-84.01,-0.903432,-84.01,-0.829588,-84.01,-0.870675,-84.01,-0.82959,-84.01,-4.55138,-84.01,-0.835446,-84.01,-0.976188,-84.01,-0.829293,-84.01,-0.870738,-84.01,-4.54535,-84.01,-0.830134,-84.01,-0.829368
-82.01,-0.956562,-82.01,-0.809833,-82.01,-4.47746,-82.01,-0.810562,-82.01,-0.956562,-82.01,-0.809985,-82.01,-2.39084,-82.01,-0.956562,-82.01,-0.854204,-82.01,-0.814983,-82.01,-2.37551,-82.01,-4.48322,-82.01,-4.48322,-82.01,-0.850345,-82.01,-0.364753,-82.01,-0.809794,-82.01,-2.80503,-82.01,-1.50002,-82.01,-0.809791,-82.01,-1.13498,-82.01,-0.882335,-82.01,-0.810081,-82.01,-0.850283,-82.01,-0.810083,-82.01,-4.48322,-82.01,-0.815797,-82.01,-0.956562,-82.01,-0.809794,-82.01,-0.850345,-82.01,-4.47547,-82.01,-0.810562,-82.01,-0.809867
-80.01,-0.936947,-80.01,-0.79036,-80.01,-4.40745,-80.01,-0.791015,-80.01,-0.936947,-80.01,-0.790507,-80.01,-2.33332,-80.01,-0.936947,-80.01,-0.833743,-80.01,-0.795377,-80.01,-2.31833,-80.01,-4.41504,-80.01,-4.41504,-80.01,-0.829982,-80.01,-0.355957,-80.01,-0.790321,-80.01,-2.74751,-80.01,-1.46405,-80.01,-0.790318,-80.01,-1.10778,-80.01,-0.861271,-80.01,-0.790601,-80.01,-0.829922,-80.01,-0.790603,-80.01,-4.41504,-80.01,-0.796174,-80.01,-0.936947,-80.01,-0.790321,-80.01,-0.829982,-80.01,-4.4055,-80.01,-0.791015,-80.01,-0.790392
-78.01,-0.917345,-78.01,-0.770915,-78.01,-4.33736,-78.01,-0.771496,-78.01,-0.917345,-78.01,-0.771058,-78.01,-2.27588,-78.01,-0.917345,-78.01,-0.813315,-78.01,-0.775799,-78.01,-2.26124,-78.01,-4.34686,-78.01,-4.34686,-78.01,-0.809652,-78.01,-0.347173,-78.01,-0.770878,-78.01,-2.69003,-78.01,-1.42814,-78.01,-0.770875,-78.01,-1.08062,-78.01,-0.840244,-78.01,-0.77115,-78.01,-0.809593,-78.01,-0.771153,-78.01,-4.34686,-78.01,-0.776581,-78.01,-0.917345,-78.01,-0.770878,-78.01,-0.809652,-78.01,-4.33543,-78.01,-0.771496,-78.01,-0.770947
-76.01,-0.897757,-76.01,-0.751505,-76.01,-4.26715,-76.01,-0.752009,-76.01,-0.897757,-76.01,-0.751643,-76.01,-2.21855,-76.01,-0.897757,-76.01,-0.792923,-76.01,-0.756255,-76.01,-2.20424,-76.01,-4.27867,-76.01,-4.27867,-76.01,-0.789358,-76.01,-0.338404,-76.01,-0.751468,-76.01,-2.63259,-76.01,-1.39229,-76.01,-0.751464,-76.01,-1.05351,-76.01,-0.819256,-76.01,-0.751732,-76.01,-0.789302,-76.01,-0.751736,-76.01,-4.27867,-76.01,-0.757021,-76.01,-0.897757,-76.01,-0.751468,-76.01,-0.789358,-76.01,-4.26526,-76.01,-0.752009,-76.01,-0.751536
-74.01,-0.878184,-74.01,-0.732132,-74.01,-4.19684,-74.01,-0.732557,-74.01,-0.878184,-74.01,-0.732266,-74.01,-2.16132,-74.01,-0.878184,-74.01,-0.772572,-74.01,-0.736747,-74.01,-2.14736,-74.01,-4.21047,-74.01,-4.21047,-74.01,-0.769106,-74.01,-0.32965,-74.01,-0.732096,-74.01,-2.57519,-74.01,-1.35651,-74.01,-0.732092,-74.01,-1.02645,-74.01,-0.798312,-74.01,-0.732353,-74.01,-0.769051,-74.01,-0.732356,-74.01,-4.21047,-74.01,-0.737498,-74.01,-0.878184,-74.01,-0.732096,-74.01,-0.769106,-74.01,-4.19497,-74.01,-0.732557,-74.01,-0.732162
-72.01,-0.858629,-72.01,-0.7128,-72.01,-4.12641,-72.01,-0.713144,-72.01,-0.858629,-72.01,-0.71293,-72.01,-2.10421,-72.01,-0.858629,-72.01,-0.752266,-72.01,-0.717281,-72.01,-2.09059,-72.01,-4.14226,-72.01,-4.14226,-72.01,-0.7489,-72.01,-0.320915,-72.01,-0.712766,-72.01,-2.51785,-72.01,-1.32081,-72.01,-0.712761,-72.01,-0.999456,-72.01,-0.777416,-72.01,-0.713014,-72.01,-0.748846,-72.01,-0.713019,-72.01,-4.14226,-72.01,-0.718017,-72.01,-0.858629,-72.01,-0.712766,-72.01,-0.7489,-72.01,-4.12458,-72.01,-0.713144,-72.01,-0.712829
-70.01,-0.839093,-70.01,-0.693516,-70.01,-4.05586,-70.01,-0.693777,-70.01,-0.839093,-70.01,-0.693641,-70.01,-2.04724,-70.01,-0.839093,-70.01,-0.732011,-70.01,-0.697861,-70.01,-2.03396,-70.01,-4.07404,-70.01,-4.07404,-70.01,-0.728744,-70.01,-0.312199,-70.01,-0.693482,-70.01,-2.46056,-70.01,-1.2852,-70.01,-0.693477,-70.01,-0.972527,-70.01,-0.756575,-70.01,-0.693723,-70.01,-0.728692,-70.01,-0.693728,-70.01,-4.07404,-70.01,-0.698582,-70.01,-0.839093,-70.01,-0.693482,-70.01,-0.728744,-70.01,-4.05406,-70.01,-0.693777,-70.01,-0.693544
-68.01,-0.819581,-68.01,-0.674283,-68.01,-3.98519,-68.01,-0.674459,-68.01,-0.819581,-68.01,-0.674404,-68.01,-1.99042,-68.01,-0.819581,-68.01,-0.711812,-68.01,-0.678492,-68.01,-1.97747,-68.01,-4.00582,-68.01,-4.00582,-68.01,-0.708645,-68.01,-0.303506,-68.01,-0.674251,-68.01,-2.40334,-68.01,-1.24968,-68.01,-0.674245,-68.01,-0.945672,-68.01,-0.735792,-68.01,-0.674483,-68.01,-0.708594,-68.01,-0.674489,-68.01,-4.00582,-68.01,-0.679199,-68.01,-0.819581,-68.01,-0.674251,-68.01,-0.708645,-68.01,-3.98341,-68.01,-0.674459,-68.01,-0.674311
-66.01,-0.800093,-66.01,-0.655108,-66.01,-3.91438,-66.01,-0.655197,-66.01,-0.800093,-66.01,-0.655225,-66.01,-1.93377,-66.01,-0.800093,-66.01,-0.691674,-66.01,-0.659181,-66.01,-1.92116,-66.01,-3.93758,-66.01,-3.93758,-66.01,-0.688607,-66.01,-0.294838,-66.01,-0.655077,-66.01,-2.3462,-66.01,-1.21428,-66.01,-0.65507,-66.01,-0.9189,-66.01,-0.715076,-66.01,-0.655302,-66.01,-0.688558,-66.01,-0.655308,-66.01,-3.93758,-66.01,-0.659874,-66.01,-0.800093,-66.01,-0.655077,-66.01,-0.688607,-66.01,-3.91264,-66.01,-0.655197,-66.01,-0.655135
-64.01,-0.780634,-64.01,-0.635998,-64.01,-3.84344,-64.01,-0.635996,-64.01,-0.780634,-64.01,-0.63611,-64.01,-1.8773,-64.01,-0.780634,-64.01,-0.671606,-64.01,-0.639934,-64.01,-1.86503,-64.01,-3.86933,-64.01,-3.86933,-64.01,-0.668638,-64.01,-0.286198,-64.01,-0.635968,-64.01,-2.28914,-64.01,-1.179,-64.01,-0.63596,-64.01,-0.892219,-64.01,-0.694431,-64.01,-0.636184,-64.01,-0.668591,-64.01,-0.636191,-64.01,-3.86933,-64.01,-0.640614,-64.01,-0.780634,-64.01,-0.635968,-64.01,-0.668638,-64.01,-3.84172,-64.01,-0.635996,-64.01,-0.636024
-62.01,-0.761206,-62.01,-0.61696,-62.01,-3.77235,-62.01,-0.616865,-62.01,-0.761206,-62.01,-0.617067,-62.01,-1.82104,-62.01,-0.761206,-62.01,-0.651612,-62.01,-0.620757,-62.01,-1.80911,-62.01,-3.80108,-62.01,-3.80108,-62.01,-0.648746,-62.01,-0.277589,-62.01,-0.616931,-62.01,-2.23217,-62.01,-1.14385,-62.01,-0.616922,-62.01,-0.86564,-62.01,-0.673867,-62.01,-0.617139,-62.01,-0.6487,-62.01,-0.617146,-62.01,-3.80108,-62.01,-0.621424,-62.01,-0.761206,-62.01,-0.616931,-62.01,-0.648746,-62.01,-3.77067,-62.01,-0.616865,-62.01,-0.616985
-60.01,-0.741813,-60.01,-0.598,-60.01,-3.70112,-60.01,-0.597811,-60.01,-0.741813,-60.01,-0.598102,-60.01,-1.76502,-60.01,-0.741813,-60.01,-0.631703,-60.01,-0.601659,-60.01,-1.75342,-60.01,-3.73281,-60.01,-3.73281,-60.01,-0.628937,-60.01,-0.269015,-60.01,-0.597972,-60.01,-2.1753,-60.01,-1.10884,-60.01,-0.597962,-60.01,-0.839172,-60.01,-0.65339,-60.01,-0.598172,-60.01,-0.628892,-60.01,-0.59818,-60.01,-3.73281,-60.01,-0.602314,-60.01,-0.741813,-60.01,-0.597972,-60.01,-0.628937,-60.01,-3.69946,-60.01,-0.597811,-60.01,-0.598025
-58.01,-0.72246,-58.01,-0.579129,-58.01,-3.62972,-58.01,-0.578841,-58.01,-0.72246,-58.01,-0.579226,-58.01,-1.70924,-58.01,-0.72246,-58.01,-0.611885,-58.01,-0.582649,-58.01,-1.69799,-58.01,-3.66454,-58.01,-3.66454,-58.01,-0.609221,-58.01,-0.260478,-58.01,-0.579102,-58.01,-2.11855,-58.01,-1.074,-58.01,-0.579091,-58.01,-0.812828,-58.01,-0.633009,-58.01,-0.579293,-58.01,-0.609177,-58.01,-0.579302,-58.01,-3.66454,-58.01,-0.583291,-58.01,-0.72246,-58.01,-0.579102,-58.01,-0.609221,-58.01,-3.6281,-58.01,-0.578841,-58.01,-0.579152
-56.01,-0.703152,-56.01,-0.560354,-56.01,-3.55817,-56.01,-0.559965,-56.01,-0.703152,-56.01,-0.560446,-56.01,-1.65375,-56.01,-0.703152,-56.01,-0.59217,-56.01,-0.563734,-56.01,-1.64283,-56.01,-3.59626,-56.01,-3.59626,-56.01,-0.589606,-56.01,-0.251985,-56.01,-0.560328,-56.01,-2.06193,-56.01,-1.03934,-56.01,-0.560315,-56.01,-0.786619,-56.01,-0.612734,-56.01,-0.56051,-56.01,-0.589564,-56.01,-0.560521,-56.01,-3.59626,-56.01,-0.564365,-56.01,-0.703152,-56.01,-0.560328,-56.01,-0.589606,-56.01,-3.55658,-56.01,-0.559965,-56.01,-0.560376
-54.01,-0.683892,-54.01,-0.541686,-54.01,-3.48645,-54.01,-0.541194,-54.01,-0.683892,-54.01,-0.541772,-54.01,-1.59858,-54.01,-0.683892,-54.01,-0.572565,-54.01,-0.544926,-54.01,-1.58799,-54.01,-3.52798,-54.01,-3.52798,-54.01,-0.570103,-54.01,-0.243537,-54.01,-0.541661,-54.01,-2.00545,-54.01,-1.00488,-54.01,-0.541647,-54.01,-0.76056,-54.01,-0.592574,-54.01,-0.541834,-54.01,-0.570063,-54.01,-0.541846,-54.01,-3.52798,-54.01,-0.545545,-54.01,-0.683892,-54.01,-0.541661,-54.01,-0.570103,-54.01,-3.48489,-54.01,-0.541194,-54.01,-0.541707
-52.01,-0.664688,-52.01,-0.523135,-52.01,-3.41455,-52.01,-0.522537,-52.01,-0.664688,-52.01,-0.523216,-52.01,-1.54374,-52.01,-0.664688,-52.01,-0.553084,-52.01,-0.526235,-52.01,-1.53348,-52.01,-3.45969,-52.01,-3.45969,-52.01,-0.550722,-52.01,-0.235142,-52.01,-0.523111,-52.01,-1.94914,-52.01,-0.970633,-52.01,-0.523095,-52.01,-0.734665,-52.01,-0.572542,-52.01,-0.523275,-52.01,-0.550684,-52.01,-0.523289,-52.01,-3.45969,-52.01,-0.526843,-52.01,-0.664688,-52.01,-0.523111,-52.01,-0.550722,-52.01,-3.41302,-52.01,-0.522537,-52.01,-0.523156
-50.01,-0.645545,-50.01,-0.504713,-50.01,-3.34247,-50.01,-0.504005,-50.01,-0.645545,-50.01,-0.504788,-50.01,-1.48928,-50.01,-0.645545,-50.01,-0.533736,-50.01,-0.507672,-50.01,-1.47936,-50.01,-3.3914,-50.01,-3.3914,-50.01,-0.531476,-50.01,-0.226802,-50.01,-0.50469,-50.01,-1.893,-50.01,-0.936624,-50.01,-0.504672,-50.01,-0.708949,-50.01,-0.552648,-50.01,-0.504845,-50.01,-0.531439,-50.01,-0.50486,-50.01,-3.3914,-50.01,-0.50827,-50.01,-0.645545,-50.01,-0.50469,-50.01,-0.531476,-50.01,-3.34097,-50.01,-0.504005,-50.01,-0.504733
-48.01,-0.62647,-48.01,-0.486432,-48.01,-3.2702,-48.01,-0.485612,-48.01,-0.62647,-48.01,-0.486501,-48.01,-1.43524,-48.01,-0.62647,-48.01,-0.514535,-48.01,-0.48925,-48.01,-1.42564,-48.01,-3.32311,-48.01,-3.32311,-48.01,-0.512377,-48.01,-0.218525,-48.01,-0.48641,-48.01,-1.83707,-48.01,-0.902874,-48.01,-0.48639,-48.01,-0.683429,-48.01,-0.532905,-48.01,-0.486556,-48.01,-0.512341,-48.01,-0.486573,-48.01,-3.32311,-48.01,-0.489838,-48.01,-0.62647,-48.01,-0.48641,-48.01,-0.512377,-48.01,-3.26873,-48.01,-0.485612,-48.01,-0.486451
-46.01,-0.60747,-46.01,-0.468305,-46.01,-3.19774,-46.01,-0.467369,-46.01,-0.60747,-46.01,-0.468368,-46.01,-1.38164,-46.01,-0.60747,-46.01,-0.495494,-46.01,-0.470982,-46.01,-1.37237,-46.01,-3.25483,-46.01,-3.25483,-46.01,-0.493437,-46.01,-0.210316,-46.01,-0.468284,-46.01,-1.78135,-46.01,-0.869407,-46.01,-0.468262,-46.01,-0.658124,-46.01,-0.513326,-46.01,-0.46842,-46.01,-0.493403,-46.01,-0.46844,-46.01,-3.25483,-46.01,-0.47156,-46.01,-0.60747,-46.01,-0.468284,-46.01,-0.493437,-46.01,-3.19631,-46.01,-0.467369,-46.01,-0.468323
-44.01,-0.588553,-44.01,-0.450346,-44.01,-3.12508,-44.01,-0.449292,-44.01,-0.588553,-44.01,-0.450403,-44.01,-1.32854,-44.01,-0.588553,-44.01,-0.476627,-44.01,-0.452882,-44.01,-1.31959,-44.01,-3.18654,-44.01,-3.18654,-44.01,-0.474671,-44.01,-0.202181,-44.01,-0.450327,-44.01,-1.72588,-44.01,-0.836248,-44.01,-0.450302,-44.01,-0.633051,-44.01,-0.493926,-44.01,-0.450453,-44.01,-0.474639,-44.01,-0.450474,-44.01,-3.18654,-44.01,-0.453451,-44.01,-0.588553,-44.01,-0.450327,-44.01,-0.474671,-44.01,-3.12368,-44.01,-0.449292,-44.01,-0.450363
-42.01,-0.569729,-42.01,-0.43257,-42.01,-3.05221,-42.01,-0.431393,-42.01,-0.569729,-42.01,-0.43262,-42.01,-1.27598,-42.01,-0.569729,-42.01,-0.457948,-42.01,-0.434965,-42.01,-1.26734,-42.01,-3.11826,-42.01,-3.11826,-42.01,-0.456093,-42.01,-0.194127,-42.01,-0.432552,-42.01,-1.67068,-42.01,-0.803423,-42.01,-0.432524,-42.01,-0.608231,-42.01,-0.474719,-42.01,-0.432668,-42.01,-0.456063,-42.01,-0.432692,-42.01,-3.11826,-42.01,-0.435526,-42.01,-0.569729,-42.01,-0.432552,-42.01,-0.456093,-42.01,-3.05084,-42.01,-0.431393,-42.01,-0.432587
-40.01,-0.551006,-40.01,-0.414992,-40.01,-2.97913,-40.01,-0.41369,-40.01,-0.551006,-40.01,-0.415035,-40.01,-1.224,-40.01,-0.551006,-40.01,-0.439475,-40.01,-0.417246,-40.01,-1.21568,-40.01,-3.05,-40.01,-3.05,-40.01,-0.43772,-40.01,-0.186161,-40.01,-0.414975,-40.01,-1.61578,-40.01,-0.770962,-40.01,-0.414944,-40.01,-0.583685,-40.01,-0.455721,-40.01,-0.415081,-40.01,-0.437691,-40.01,-0.415107,-40.01,-3.05,-40.01,-0.417799,-40.01,-0.551006,-40.01,-0.414975,-40.01,-0.43772,-40.01,-2.97779,-40.01,-0.41369,-40.01,-0.415008
-38.01,-0.532395,-38.01,-0.397629,-38.01,-2.90584,-38.01,-0.396198,-38.01,-0.532395,-38.01,-0.397664,-38.01,-1.17265,-38.01,-0.532395,-38.01,-0.421223,-38.01,-0.399743,-38.01,-1.16463,-38.01,-2.98175,-38.01,-2.98175,-38.01,-0.419568,-38.01,-0.178289,-38.01,-0.397613,-38.01,-1.5612,-38.01,-0.738892,-38.01,-0.397579,-38.01,-0.559436,-38.01,-0.436949,-38.01,-0.397708,-38.01,-0.41954,-38.01,-0.397738,-38.01,-2.98175,-38.01,-0.400287,-38.01,-0.532395,-38.01,-0.397613,-38.01,-0.419568,-38.01,-2.90453,-38.01,-0.396198,-38.01,-0.397644
-36.01,-0.513907,-36.01,-0.380497,-36.01,-2.83232,-36.01,-0.378933,-36.01,-0.513907,-36.01,-0.380525,-36.01,-1.12198,-36.01,-0.513907,-36.01,-0.403209,-36.01,-0.382472,-36.01,-1.11426,-36.01,-2.91351,-36.01,-2.91351,-36.01,-0.401653,-36.01,-0.17052,-36.01,-0.380482,-36.01,-1.50699,-36.01,-0.707244,-36.01,-0.380444,-36.01,-0.535504,-36.01,-0.418419,-36.01,-0.380566,-36.01,-0.401627,-36.01,-0.380599,-36.01,-2.91351,-36.01,-0.383008,-36.01,-0.513907,-36.01,-0.380482,-36.01,-0.401653,-36.01,-2.83104,-36.01,-0.378933,-36.01,-0.380511
-34.01,-0.495554,-34.01,-0.363613,-34.01,-2.75857,-34.01,-0.361913,-34.01,-0.495554,-34.01,-0.363633,-34.01,-1.07204,-34.01,-0.495554,-34.01,-0.385451,-34.01,-0.365451,-34.01,-1.06462,-34.01,-2.84531,-34.01,-2.84531,-34.01,-0.383993,-34.01,-0.162861,-34.01,-0.363599,-34.01,-1.45317,-34.01,-0.67605,-34.01,-0.363557,-34.01,-0.511916,-34.01,-0.40015,-34.01,-0.363672,-34.01,-0.383969,-34.01,-0.363709,-34.01,-2.84531,-34.01,-0.365978,-34.01,-0.495554,-34.01,-0.363599,-34.01,-0.383993,-34.01,-2.75733,-34.01,-0.361913,-34.01,-0.363627
-32.01,-0.477348,-32.01,-0.346996,-32.01,-2.68459,-32.01,-0.345157,-32.01,-0.477348,-32.01,-0.347008,-32.01,-1.02289,-32.01,-0.477348,-32.01,-0.367968,-32.01,-0.348697,-32.01,-1.01576,-32.01,-2.77713,-32.01,-2.77713,-32.01,-0.366607,-32.01,-0.155321,-32.01,-0.346984,-32.01,-1.39979,-32.01,-0.645341,-32.01,-0.346937,-32.01,-0.488694,-32.01,-0.382159,-32.01,-0.347045,-32.01,-0.366584,-32.01,-0.347086,-32.01,-2.77713,-32.01,-0.349217,-32.01,-0.477348,-32.01,-0.346984,-32.01,-0.366607,-32.01,-2.68338,-32.01,-0.345157,-32.01,-0.347009
-30.01,-0.459303,-30.01,-0.330665,-30.01,-2.61037,-30.01,-0.328681,-30.01,-0.459303,-30.01,-0.330668,-30.01,-0.974582,-30.01,-0.459303,-30.01,-0.350778,-30.01,-0.332231,-30.01,-0.967726,-30.01,-2.70899,-30.01,-2.70899,-30.01,-0.349512,-30.01,-0.147907,-30.01,-0.330653,-30.01,-1.34687,-30.01,-0.615152,-30.01,-0.330602,-30.01,-0.465864,-30.01,-0.364464,-30.01,-0.330703,-30.01,-0.349491,-30.01,-0.330748,-30.01,-2.70899,-30.01,-0.332742,-30.01,-0.459303,-30.01,-0.330653,-30.01,-0.349512,-30.01,-2.6092,-30.01,-0.328681,-30.01,-0.330677
-28.01,-0.441434,-28.01,-0.314637,-28.01,-2.53592,-28.01,-0.312506,-28.01,-0.441434,-28.01,-0.31463,-28.01,-0.92717,-28.01,-0.441434,-28.01,-0.333899,-28.01,-0.31607,-28.01,-0.92058,-28.01,-2.6409,-28.01,-2.6409,-28.01,-0.332728,-28.01,-0.140628,-28.01,-0.314626,-28.01,-1.29447,-28.01,-0.585515,-28.01,-0.314569,-28.01,-0.443452,-28.01,-0.347086,-28.01,-0.314663,-28.01,-0.332708,-28.01,-0.314714,-28.01,-2.6409,-28.01,-0.316573,-28.01,-0.441434,-28.01,-0.314626,-28.01,-0.332728,-28.01,-2.53478,-28.01,-0.312506,-28.01,-0.314648
-26.01,-0.423755,-26.01,-0.298931,-26.01,-2.46122,-26.01,-0.296649,-26.01,-0.423755,-26.01,-0.298915,-26.01,-0.880711,-26.01,-0.423755,-26.01,-0.317352,-26.01,-0.300234,-26.01,-0.874377,-26.01,-2.57286,-26.01,-2.57286,-26.01,-0.316273,-26.01,-0.133493,-26.01,-0.298921,-26.01,-1.24263,-26.01,-0.556464,-26.01,-0.298858,-26.01,-0.421481,-26.01,-0.330042,-26.01,-0.298946,-26.01,-0.316254,-26.01,-0.299002,-26.01,-2.57286,-26.01,-0.300728,-26.01,-0.423755,-26.01,-0.298921,-26.01,-0.316273,-26.01,-2.46012,-26.01,-0.296649,-26.01,-0.298941
-24.01,-0.406283,-24.01,-0.283566,-24.01,-2.38628,-24.01,-0.281129,-24.01,-0.406283,-24.01,-0.28354,-24.01,-0.835261,-24.01,-0.406283,-24.01,-0.301154,-24.01,-0.284742,-24.01,-0.829169,-24.01,-2.50489,-24.01,-2.50489,-24.01,-0.300166,-24.01,-0.126509,-24.01,-0.283557,-24.01,-1.1914,-24.01,-0.528033,-24.01,-0.283488,-24.01,-0.399978,-24.01,-0.313352,-24.01,-0.283569,-24.01,-0.300149,-24.01,-0.283631,-24.01,-2.50489,-24.01,-0.285227,-24.01,-0.406283,-24.01,-0.283557,-24.01,-0.300166,-24.01,-2.38522,-24.01,-0.281129,-24.01,-0.283576
-22.01,-0.389033,-22.01,-0.26856,-22.01,-2.3111,-22.01,-0.265964,-22.01,-0.389033,-22.01,-0.268524,-22.01,-0.790874,-22.01,-0.389033,-22.01,-0.285325,-22.01,-0.269613,-22.01,-0.785011,-22.01,-2.43699,-22.01,-2.43699,-22.01,-0.284425,-22.01,-0.119685,-22.01,-0.268553,-22.01,-1.14081,-22.01,-0.500254,-22.01,-0.268477,-22.01,-0.378968,-22.01,-0.297033,-22.01,-0.268552,-22.01,-0.28441,-22.01,-0.268619,-22.01,-2.43699,-22.01,-0.270088,-22.01,-0.389033,-22.01,-0.268553,-22.01,-0.284425,-22.01,-2.31007,-22.01,-0.265964,-22.01,-0.268569
-20.01,-0.372023,-20.01,-0.253932,-20.01,-2.23568,-20.01,-0.251173,-20.01,-0.372023,-20.01,-0.253884,-20.01,-0.747604,-20.01,-0.372023,-20.01,-0.269883,-20.01,-0.254864,-20.01,-0.741956,-20.01,-2.36919,-20.01,-2.36919,-20.01,-0.269069,-20.01,-0.113029,-20.01,-0.253925,-20.01,-1.09093,-20.01,-0.473161,-20.01,-0.253842,-20.01,-0.358475,-20.01,-0.281105,-20.01,-0.253911,-20.01,-0.269055,-20.01,-0.253985,-20.01,-2.36919,-20.01,-0.255329,-20.01,-0.372023,-20.01,-0.253925,-20.01,-0.269069,-20.01,-2.23469,-20.01,-0.251173,-20.01,-0.253941
-18.01,-0.35527,-18.01,-0.239699,-18.01,-2.16002,-18.01,-0.236772,-18.01,-0.35527,-18.01,-0.239639,-18.01,-0.705505,-18.01,-0.35527,-18.01,-0.254846,-18.01,-0.240514,-18.01,-0.700054,-18.01,-2.30148,-18.01,-2.30148,-18.01,-0.254115,-18.01,-0.106548,-18.01,-0.239693,-18.01,-1.04181,-18.01,-0.446784,-18.01,-0.239602,-18.01,-0.338522,-18.01,-0.265584,-18.01,-0.239664,-18.01,-0.254102,-18.01,-0.239745,-18.01,-2.30148,-18.01,-0.240967,-18.01,-0.35527,-18.01,-0.239693,-18.01,-0.254115,-18.01,-2.15907,-18.01,-0.236772,-18.01,-0.239706
-16.01,-0.338794,-16.01,-0.225877,-16.01,-2.08413,-16.01,-0.222778,-16.01,-0.338794,-16.01,-0.225804,-16.01,-0.664625,-16.01,-0.338794,-16.01,-0.24023,-16.01,-0.22658,-16.01,-0.659354,-16.01,-2.23389,-16.01,-2.23389,-16.01,-0.23958,-16.01,-0.100251,-16.01,-0.225872,-16.01,-0.993494,-16.01,-0.421153,-16.01,-0.225772,-16.01,-0.319132,-16.01,-0.250487,-16.01,-0.225829,-16.01,-0.239568,-16.01,-0.225917,-16.01,-2.23389,-16.01,-0.227021,-16.01,-0.338794,-16.01,-0.225872,-16.01,-0.23958,-16.01,-2.08321,-16.01,-0.222778,-16.01,-0.225884
-14.01,-0.322611,-14.01,-0.212481,-14.01,-2.008,-14.01,-0.209207,-14.01,-0.322611,-14.01,-0.212395,-14.01,-0.62501,-14.01,-0.322611,-14.01,-0.226052,-14.01,-0.213077,-14.01,-0.619902,-14.01,-2.16644,-14.01,-2.16644,-14.01,-0.225479,-14.01,-0.0941441,-14.01,-0.212477,-14.01,-0.946042,-14.01,-0.396296,-14.01,-0.212368,-14.01,-0.300326,-14.01,-0.23583,-14.01,-0.212419,-14.01,-0.225468,-14.01,-0.212516,-14.01,-2.16644,-14.01,-0.213505,-14.01,-0.322611,-14.01,-0.212477,-14.01,-0.225479,-14.01,-2.00713,-14.01,-0.209207,-14.01,-0.212487
-12.01,-0.306742,-12.01,-0.199527,-12.01,-1.93165,-12.01,-0.196073,-12.01,-0.306742,-12.01,-0.199427,-12.01,-0.586705,-12.01,-0.306742,-12.01,-0.212326,-12.01,-0.20002,-12.01,-0.581738,-12.01,-2.09915,-12.01,-2.09915,-12.01,-0.211826,-12.01,-0.0882337,-12.01,-0.199523,-12.01,-0.899507,-12.01,-0.372239,-12.01,-0.199404,-12.01,-0.282123,-12.01,-0.221628,-12.01,-0.19945,-12.01,-0.211817,-12.01,-0.199555,-12.01,-2.09915,-12.01,-0.200433,-12.01,-0.306742,-12.01,-0.199523,-12.01,-0.211826,-12.01,-1.93082,-12.01,-0.196073,-12.01,-0.199532
-10.01,-0.291205,-10.01,-0.187026,-10.01,-1.85509,-10.01,-0.183388,-10.01,-0.291205,-10.01,-0.186911,-10.01,-0.549747,-10.01,-0.291205,-10.01,-0.199064,-10.01,-0.187422,-10.01,-0.544901,-10.01,-2.03202,-10.01,-2.03202,-10.01,-0.198635,-10.01,-0.0825256,-10.01,-0.187023,-10.01,-0.853945,-10.01,-0.349004,-10.01,-0.186894,-10.01,-0.26454,-10.01,-0.207892,-10.01,-0.186935,-10.01,-0.198627,-10.01,-0.187048,-10.01,-2.03202,-10.01,-0.18782,-10.01,-0.291205,-10.01,-0.187023,-10.01,-0.198635,-10.01,-1.85429,-10.01,-0.183388,-10.01,-0.187031
-8.01,-0.276017,-8.01,-0.17499,-8.01,-1.77832,-8.01,-0.171164,-8.01,-0.276017,-8.01,-0.17486,-8.01,-0.514169,-8.01,-0.276017,-8.01,-0.186278,-8.01,-0.175295,-8.01,-0.509423,-8.01,-1.9651,-8.01,-1.9651,-8.01,-0.185916,-8.01,-0.0770248,-8.01,-0.174988,-8.01,-0.80941,-8.01,-0.326612,-8.01,-0.174847,-8.01,-0.247593,-8.01,-0.194634,-8.01,-0.174884,-8.01,-0.185909,-8.01,-0.175007,-8.01,-1.9651,-8.01,-0.175676,-8.01,-0.276017,-8.01,-0.174988,-8.01,-0.185916,-8.01,-1.77756,-8.01,-0.171164,-8.01,-0.174995
-6.01,-0.261198,-6.01,-0.163429,-6.01,-1.70136,-6.01,-0.15941,-6.01,-0.261198,-6.01,-0.163282,-6.01,-0.480001,-6.01,-0.261198,-6.01,-0.173979,-6.01,-0.163648,-6.01,-0.475333,-6.01,-1.8984,-6.01,-1.8984,-6.01,-0.173679,-6.01,-0.0717355,-6.01,-0.163427,-6.01,-0.765955,-6.01,-0.305079,-6.01,-0.163274,-6.01,-0.231295,-6.01,-0.181864,-6.01,-0.163306,-6.01,-0.173673,-6.01,-0.16344,-6.01,-1.8984,-6.01,-0.16401,-6.01,-0.261198,-6.01,-0.163427,-6.01,-0.173679,-6.01,-1.70064,-6.01,-0.15941,-6.01,-0.163433
-4.01,-0.246765,-4.01,-0.152349,-4.01,-1.62422,-4.01,-0.148133,-4.01,-0.246765,-4.01,-0.152186,-4.01,-0.447265,-4.01,-0.246765,-4.01,-0.162172,-4.01,-0.15249,-4.01,-0.442651,-4.01,-1.83195,-4.01,-1.83195,-4.01,-0.161932,-4.01,-0.0666611,-4.01,-0.152348,-4.01,-0.723633,-4.01,-0.28442,-4.01,-0.152183,-4.01,-0.215655,-4.01,-0.169589,-4.01,-0.152211,-4.01,-0.161927,-4.01,-0.152354,-4.01,-1.83195,-4.01,-0.152831,-4.01,-0.246765,-4.01,-0.152348,-4.01,-0.161932,-4.01,-1.62355,-4.01,-0.148133,-4.01,-0.152353
-2.01,-0.232735,-2.01,-0.141757,-2.01,-1.54692,-2.01,-0.13734,-2.01,-0.232735,-2.01,-0.141575,-2.01,-0.415976,-2.01,-0.232735,-2.01,-0.150865,-2.01,-0.141824,-2.01,-0.411393,-2.01,-1.76578,-2.01,-1.76578,-2.01,-0.15068,-2.01,-0.061804,-2.01,-0.141757,-2.01,-0.682492,-2.01,-0.264643,-2.01,-0.141578,-2.01,-0.200681,-2.01,-0.157815,-2.01,-0.141601,-2.01,-0.150675,-2.01,-0.141756,-2.01,-1.76578,-2.01,-0.142144,-2.01,-0.232735,-2.01,-0.141757,-2.01,-0.15068,-2.01,-1.54629,-2.01,-0.13734,-2.01,-0.14176
-0.01,-0.219125,-0.01,-0.131655,-0.01,-1.46948,-0.01,-0.127033,-0.01,-0.219125,-0.01,-0.131454,-0.01,-0.386145,-0.01,-0.219125,-0.01,-0.14006,-0.01,-0.131606,-0.01,-0.38157,-0.01,-1.69992,-0.01,-1.69992,-0.01,-0.139926,-0.01,-0.0571657,-0.01,-0.131655,-0.01,-0.642581,-0.01,-0.245755,-0.01,-0.131462,-0.01,-0.186377,-0.01,-0.146545,-0.01,-0.131482,-0.01,-0.139922,-0.01,-0.131648,-0.01,-1.69992,-0.01,-0.131952,-0.01,-0.219125,-0.01,-0.131655,-0.01,-0.139926,-0.01,-1.4689,-0.01,-0.127033,-0.01,-0.131658
1.99,-0.205948,1.99,-0.122045,1.99,-1.39192,1.99,-0.117213,1.99,-0.205948,1.99,-0.121824,1.99,-0.357776,1.99,-0.205948,1.99,-0.129759,1.99,-0.121985,1.99,-0.353184,1.99,-1.63441,1.99,-1.63441,1.99,-0.129671,1.99,-0.0527467,1.99,-0.122046,1.99,-0.603942,1.99,-0.227758,1.99,-0.121838,1.99,-0.172745,1.99,-0.13578,1.99,-0.121854,1.99,-0.129668,1.99,-0.122032,1.99,-1.63441,1.99,-0.122257,1.99,-0.205948,1.99,-0.122046,1.99,-0.129671,1.99,-1.39138,1.99,-0.117213,1.99,-0.122047
3.99,-0.193219,3.99,-0.112925,3.99,-1.31426,3.99,-0.107879,3.99,-0.193219,3.99,-0.112683,3.99,-0.330865,3.99,-0.193219,3.99,-0.11996,3.99,-0.112811,3.99,-0.326233,3.99,-1.56928,3.99,-1.56928,3.99,-0.119915,3.99,-0.0485465,3.99,-0.112926,3.99,-0.566615,3.99,-0.210649,3.99,-0.112703,3.99,-0.159783,3.99,-0.125518,3.99,-0.112717,3.99,-0.119913,3.99,-0.112906,3.99,-1.56928,3.99,-0.113056,3.99,-0.193219,3.99,-0.112926,3.99,-0.119915,3.99,-1.31377,3.99,-0.107879,3.99,-0.112927
5.99,-0.180949,5.99,-0.104293,5.99,-1.23654,5.99,-0.0990281,5.99,-0.180949,5.99,-0.104029,5.99,-0.305401,5.99,-0.180949,5.99,-0.11066,5.99,-0.104131,5.99,-0.300707,5.99,-1.50457,5.99,-1.50457,5.99,-0.110653,5.99,-0.0445637,5.99,-0.104294,5.99,-0.530636,5.99,-0.194423,5.99,-0.104055,5.99,-0.147488,5.99,-0.115758,5.99,-0.104066,5.99,-0.110652,5.99,-0.104267,5.99,-1.50457,5.99,-0.104348,5.99,-0.180949,5.99,-0.104294,5.99,-0.110653,5.99,-1.2361,5.99,-0.0990281,5.99,-0.104294
7.99,-0.16915,7.99,-0.0961423,7.99,-1.15878,7.99,-0.0906549,7.99,-0.16915,7.99,-0.0958547,7.99,-0.28137,7.99,-0.16915,7.99,-0.101853,7.99,-0.0959392,7.99,-0.276589,7.99,-1.44032,7.99,-1.44032,7.99,-0.101881,7.99,-0.0407957,7.99,-0.0961443,7.99,-0.496035,7.99,-0.179071,7.99,-0.0958877,7.99,-0.13585,7.99,-0.106493,7.99,-0.0958959,7.99,-0.101881,7.99,-0.0961099,7.99,-1.44032,7.99,-0.0961263,7.99,-0.16915,7.99,-0.0961443,7.99,-0.101881,7.99,-1.15839,7.99,-0.0906549,7.99,-0.0961436
9.99,-0.157828,9.99,-0.0884663,9.99,-1.08101,9.99,-0.0827519,9.99,-0.157828,9.99,-0.0881539,9.99,-0.258748,9.99,-0.157828,9.99,-0.0935327,9.99,-0.0882275,9.99,-0.253859,9.99,-1.37658,9.99,-1.37658,9.99,-0.0935917,9.99,-0.0372393,9.99,-0.0884686,9.99,-0.462837,9.99,-0.164578,9.99,-0.0881943,9.99,-0.124862,9.99,-0.097715,9.99,-0.0882002,9.99,-0.0935919,9.99,-0.0884269,9.99,-1.37658,9.99,-0.0883834,9.99,-0.157828,9.99,-0.0884686,9.99,-0.0935917,9.99,-1.08067,9.99,-0.0827519,9.99,-0.0884674
11.99,-0.146992,11.99,-0.0812554,11.99,-1.00328,11.99,-0.0753097,11.99,-0.146992,11.99,-0.0809167,11.99,-0.237507,11.99,-0.146992,11.99,-0.0856884,11.99,-0.0809864,11.99,-0.232488,11.99,-1.31339,11.99,-1.31339,11.99,-0.0857746,11.99,-0.0338903,11.99,-0.0812579,11.99,-0.43106,11.99,-0.150928,11.99,-0.0809652,11.99,-0.114509,11.99,-0.0894157,11.99,-0.0809691,11.99,-0.0857754,11.99,-0.0812086,11.99,-1.31339,11.99,-0.0811097,11.99,-0.146992,11.99,-0.0812579,11.99,-0.0857746,11.99,-1.00298,11.99,-0.0753097,11.99,-0.0812562
13.99,-0.136644,13.99,-0.0744983,13.99,-0.925603,13.99,-0.0683171,13.99,-0.136644,13.99,-0.074132,13.99,-0.217614,13.99,-0.136644,13.99,-0.0783092,13.99,-0.0742047,13.99,-0.212444,13.99,-1.2508,13.99,-1.2508,13.99,-0.078419,13.99,-0.0307436,13.99,-0.074501,13.99,-0.400717,13.99,-0.138101,13.99,-0.0741893,13.99,-0.104777,13.99,-0.0815836,13.99,-0.0741914,13.99,-0.0784203,13.99,-0.0744436,13.99,-1.2508,13.99,-0.0742941,13.99,-0.136644,13.99,-0.074501,13.99,-0.078419,13.99,-0.925362,13.99,-0.0683171,13.99,-0.0744989
15.99,-0.126788,15.99,-0.0681824,15.99,-0.848033,15.99,-0.0617615,15.99,-0.126788,15.99,-0.0677867,15.99,-0.19903,15.99,-0.126788,15.99,-0.0713818,15.99,-0.0678691,15.99,-0.19369,15.99,-1.18886,15.99,-1.18886,15.99,-0.0715121,15.99,-0.0277936,15.99,-0.0681852,15.99,-0.371815,15.99,-0.126073,15.99,-0.0678539,15.99,-0.0956477,15.99,-0.0742057,15.99,-0.0678543,15.99,-0.0715138,15.99,-0.0681192,15.99,-1.18886,15.99,-0.0679234,15.99,-0.126788,15.99,-0.0681852,15.99,-0.0715121,15.99,-0.847845,15.99,-0.0617615,15.99,-0.0681828
17.99,-0.117424,17.99,-0.0622933,17.99,-0.770609,17.99,-0.0556285,17.99,-0.117424,17.99,-0.0618665,17.99,-0.181712,17.99,-0.117424,17.99,-0.0648919,17.99,-0.0619652,17.99,-0.176183,17.99,-1.12762,17.99,-1.12762,17.99,-0.0650394,17.99,-0.0250337,17.99,-0.0622963,17.99,-0.344354,17.99,-0.11482,17.99,-0.0619446,17.99,-0.0871029,17.99,-0.0672677,17.99,-0.0619437,17.99,-0.0650416,17.99,-0.0622211,17.99,-1.12762,17.99,-0.0619833,17.99,-0.117424,17.99,-0.0622963,17.99,-0.0650394,17.99,-0.770473,17.99,-0.0556285,17.99,-0.0622936
19.99,-0.108548,19.99,-0.0568157,19.99,-0.69337,19.99,-0.0499028,19.99,-0.108548,19.99,-0.0563558,19.99,-0.165615,19.99,-0.108548,19.99,-0.0588237,19.99,-0.056477,19.99,-0.159878,19.99,-1.06714,19.99,-1.06714,19.99,-0.0589856,19.99,-0.0224571,19.99,-0.0568187,19.99,-0.318328,19.99,-0.104313,19.99,-0.0564461,19.99,-0.0791212,19.99,-0.060754,19.99,-0.0564441,19.99,-0.0589881,19.99,-0.0567336,19.99,-1.06714,19.99,-0.056458,19.99,-0.108548,19.99,-0.0568187,19.99,-0.0589856,19.99,-0.693288,19.99,-0.0499028,19.99,-0.0568158
21.99,-0.100158,21.99,-0.0517329,21.99,-0.616362,21.99,-0.0445679,21.99,-0.100158,21.99,-0.0512378,21.99,-0.150687,21.99,-0.100158,21.99,-0.0531604,21.99,-0.0513877,21.99,-0.144728,21.99,-1.00746,21.99,-1.00746,21.99,-0.0533339,21.99,-0.0200564,21.99,-0.0517359,21.99,-0.293723,21.99,-0.0945233,21.99,-0.0513418,21.99,-0.0716802,21.99,-0.0546481,21.99,-0.0513389,21.99,-0.0533368,21.99,-0.0516402,21.99,-1.00746,21.99,-0.0513306,21.99,-0.100158,21.99,-0.0517359,21.99,-0.0533339,21.99,-0.616334,21.99,-0.0445679,21.99,-0.0517328
23.99,-0.0922455,23.99,-0.0470276,23.99,-0.539628,23.99,-0.0396065,23.99,-0.0922455,23.99,-0.0464949,23.99,-0.136878,23.99,-0.0922455,23.99,-0.0478842,23.99,-0.0466795,23.99,-0.130681,23.99,-0.948637,23.99,-0.948637,23.99,-0.0480669,23.99,-0.0178237,23.99,-0.0470307,23.99,-0.270521,23.99,-0.0854187,23.99,-0.0466145,23.99,-0.0647563,23.99,-0.0489324,23.99,-0.0466108,23.99,-0.0480702,23.99,-0.0469233,23.99,-0.948637,23.99,-0.0465837,23.99,-0.0922455,23.99,-0.0470307,23.99,-0.0480669,23.99,-0.539656,23.99,-0.0396065,23.99,-0.0470275
25.99,-0.0848034,25.99,-0.0426819,25.99,-0.463213,25.99,-0.0350006,25.99,-0.0848034,25.99,-0.0421088,25.99,-0.124133,25.99,-0.0848034,25.99,-0.0429768,25.99,-0.0423341,25.99,-0.117684,25.99,-0.89073,25.99,-0.89073,25.99,-0.0431667,25.99,-0.0157511,25.99,-0.0426849,25.99,-0.248697,25.99,-0.0769671,25.99,-0.0422461,25.99,-0.0583254,25.99,-0.0435888,25.99,-0.0422419,25.99,-0.0431702,25.99,-0.042565,25.99,-0.89073,25.99,-0.042199,25.99,-0.0848034,25.99,-0.0426849,25.99,-0.0431667,25.99,-0.463296,25.99,-0.0350006,25.99,-0.0426817
27.99,-0.0778209,27.99,-0.0386773,27.99,-0.387161,27.99,-0.030732,27.99,-0.0778209,27.99,-0.0380609,27.99,-0.112397,27.99,-0.0778209,27.99,-0.0384196,27.99,-0.0383326,27.99,-0.105684,27.99,-0.833788,27.99,-0.833788,27.99,-0.0386146,27.99,-0.0138301,27.99,-0.0386803,27.99,-0.228221,27.99,-0.0691355,27.99,-0.0382183,27.99,-0.0523623,27.99,-0.0385987,27.99,-0.0382137,27.99,-0.0386184,27.99,-0.0385466,27.99,-0.833788,27.99,-0.0381577,27.99,-0.0778209,27.99,-0.0386803,27.99,-0.0386146,27.99,-0.387301,27.99,-0.030732,27.99,-0.038677
29.99,-0.0712861,29.99,-0.0349952,29.99,-0.311517,29.99,-0.0267819,29.99,-0.0712861,29.99,-0.034332,29.99,-0.101614,29.99,-0.0712861,29.99,-0.0341936,29.99,-0.0346561,29.99,-0.0946254,29.99,-0.777863,29.99,-0.777863,29.99,-0.0343919,29.99,-0.0120526,29.99,-0.0349981,29.99,-0.209058,29.99,-0.0618903,29.99,-0.0345126,29.99,-0.0468418,29.99,-0.0339435,29.99,-0.0345077,29.99,-0.0343959,29.99,-0.0348495,29.99,-0.777863,29.99,-0.034441,29.99,-0.0712861,29.99,-0.0349981,29.99,-0.0343919,29.99,-0.311713,29.99,-0.0267819,29.99,-0.0349948
31.99,-0.0651855,31.99,-0.0316169,31.99,-0.236323,31.99,-0.0231319,31.99,-0.0651855,31.99,-0.030903,31.99,-0.0917288,31.99,-0.0651855,31.99,-0.0302796,31.99,-0.0312855,31.99,-0.0844543,31.99,-0.723005,31.99,-0.723005,31.99,-0.0304798,31.99,-0.01041,31.99,-0.0316198,31.99,-0.191168,31.99,-0.0551979,31.99,-0.0311101,31.99,-0.0417385,31.99,-0.0296041,31.99,-0.0311051,31.99,-0.0304841,31.99,-0.0314548,31.99,-0.723005,31.99,-0.03103,31.99,-0.0651855,31.99,-0.0316198,31.99,-0.0304798,31.99,-0.236576,31.99,-0.0231319,31.99,-0.0316165
33.99,-0.0595041,33.99,-0.0285238,33.99,-0.161619,33.99,-0.0197633,33.99,-0.0595041,33.99,-0.0277548,33.99,-0.0826854,33.99,-0.0595041,33.99,-0.0266589,33.99,-0.0282019,33.99,-0.0751158,33.99,-0.669262,33.99,-0.669262,33.99,-0.0268596,33.99,-0.0088941,33.99,-0.0285266,33.99,-0.174508,33.99,-0.0490247,33.99,-0.0279924,33.99,-0.0370273,33.99,-0.0255618,33.99,-0.0279873,33.99,-0.0268641,33.99,-0.0283439,33.99,-0.669262,33.99,-0.0279057,33.99,-0.0595041,33.99,-0.0285266,33.99,-0.0268596,33.99,-0.161931,33.99,-0.0197633,33.99,-0.0285233
35.99,-0.054226,35.99,-0.0256975,35.99,-0.0874455,35.99,-0.0166578,35.99,-0.054226,35.99,-0.0248684,35.99,-0.074429,35.99,-0.054226,35.99,-0.0233127,35.99,-0.0253865,35.99,-0.0665563,35.99,-0.616678,35.99,-0.616678,35.99,-0.0235129,35.99,-0.00749662,35.99,-0.0257002,35.99,-0.159029,35.99,-0.0433378,35.99,-0.0251411,35.99,-0.0326832,35.99,-0.0217982,35.99,-0.0251362,35.99,-0.0235176,35.99,-0.0254983,35.99,-0.616678,35.99,-0.0250497,35.99,-0.054226,35.99,-0.0257002,35.99,-0.0235129,35.99,-0.0878153,35.99,-0.0166578,35.99,-0.0256971
37.99,-0.0493342,37.99,-0.0231202,37.99,-0.013837,37.99,-0.0137977,37.99,-0.0493342,37.99,-0.022225,37.99,-0.0669061,37.99,-0.0493342,37.99,-0.0202228,37.99,-0.0228212,37.99,-0.0587233,37.99,-0.565294,37.99,-0.565294,37.99,-0.0204216,37.99,-0.00620952,37.99,-0.0231228,37.99,-0.144684,37.99,-0.0381048,37.99,-0.0225383,37.99,-0.0286819,37.99,-0.018295,37.99,-0.0225336,37.99,-0.0204264,37.99,-0.0229001,37.99,-0.565294,37.99,-0.0224437,37.99,-0.0493342,37.99,-0.0231228,37.99,-0.0204216,37.99,-0.0142653,37.99,-0.0137977,37.99,-0.0231197
39.99,-0.044811,39.99,-0.0207743,39.99,0.0591739,39.99,-0.0111654,39.99,-0.044811,39.99,-0.0198063,39.99,-0.0600647,39.99,-0.044811,39.99,-0.0173714,39.99,-0.0204882,39.99,-0.0515654,39.99,-0.515147,39.99,-0.515147,39.99,-0.017568,39.99,-0.00502498,39.99,-0.0207767,39.99,-0.131419,39.99,-0.0332943,39.99,-0.0201666,39.99,-0.0249996,39.99,-0.0150345,39.99,-0.0201622,39.99,-0.017573,39.99,-0.0205316,39.99,-0.515147,39.99,-0.0200701,39.99,-0.044811,39.99,-0.0207767,39.99,-0.017568,39.99,0.0586868,39.99,-0.0111654,39.99,-0.0207738
41.99,-0.0406381,41.99,-0.018643,41.99,0.131559,41.99,-0.00874433,41.99,-0.0406381,41.99,-0.0175942,41.99,-0.0538546,41.99,-0.0406381,41.99,-0.0147414,41.99,-0.0183705,41.99,-0.0450335,41.99,-0.46627,41.99,-0.46627,41.99,-0.0149352,41.99,-0.00393544,41.99,-0.0186453,41.99,-0.119182,41.99,-0.0288758,41.99,-0.0180091,41.99,-0.0216135,41.99,-0.0119998,41.99,-0.0180051,41.99,-0.0149403,41.99,-0.018376,41.99,-0.46627,41.99,-0.0179118,41.99,-0.0406381,41.99,-0.0186453,41.99,-0.0149352,41.99,0.131013,41.99,-0.00874433,41.99,-0.0186425
43.99,-0.0367971,43.99,-0.01671,43.99,0.203294,43.99,-0.0065182,43.99,-0.0367971,43.99,-0.0155713,43.99,-0.0482275,43.99,-0.0367971,43.99,-0.0123163,43.99,-0.0164514,43.99,-0.0390801,43.99,-0.418688,43.99,-0.418688,43.99,-0.0125069,43.99,-0.00293365,43.99,-0.0167123,43.99,-0.107918,43.99,-0.0248201,43.99,-0.0160497,43.99,-0.0185016,43.99,-0.0091743,43.99,-0.0160461,43.99,-0.0125122,43.99,-0.0164172,43.99,-0.418688,43.99,-0.0159524,43.99,-0.0367971,43.99,-0.0167123,43.99,-0.0125069,43.99,0.202689,43.99,-0.0065182,43.99,-0.0167096
45.99,-0.0332692,45.99,-0.01496,45.99,0.274361,45.99,-0.00447165,45.99,-0.0332692,45.99,-0.0137204,45.99,-0.0431375,45.99,-0.0332692,45.99,-0.0100803,45.99,-0.0147156,45.99,-0.0336597,45.99,-0.372425,45.99,-0.372425,45.99,-0.0102673,45.99,-0.00201268,45.99,-0.0149621,45.99,-0.0975723,45.99,-0.0210994,45.99,-0.0142728,45.99,-0.0156428,45.99,-0.00654237,45.99,-0.0142698,45.99,-0.0102728,45.99,-0.0146395,45.99,-0.372425,45.99,-0.0141763,45.99,-0.0332692,45.99,-0.0149621,45.99,-0.0102673,45.99,0.273697,45.99,-0.00447165,45.99,-0.0149595
47.99,-0.0300358,47.99,-0.0133782,47.99,0.344746,47.99,-0.00259007,47.99,-0.0300358,47.99,-0.0120249,47.99,-0.0385409,47.99,-0.0300358,47.99,-0.00801856,47.99,-0.0131479,47.99,-0.0287295,47.99,-0.327494,47.99,-0.327494,47.99,-0.00820183,47.99,-0.00116594,47.99,-0.0133802,47.99,-0.0880899,47.99,-0.0176871,47.99,-0.0126639,47.99,-0.0130171,47.99,-0.00408906,47.99,-0.0126615,47.99,-0.00820742,47.99,-0.0130284,47.99,-0.327494,47.99,-0.0125687,47.99,-0.0300358,47.99,-0.0133802,47.99,-0.00820183,47.99,0.344021,47.99,-0.00259007,47.99,-0.0133777
49.99,-0.0270784,49.99,-0.0119507,49.99,0.414439,49.99,-0.000859622,49.99,-0.0270784,49.99,-0.0104686,49.99,-0.0343965,49.99,-0.0270784,49.99,-0.00611683,49.99,-0.0117344,49.99,-0.0242486,49.99,-0.283907,49.99,-0.283907,49.99,-0.00629624,49.99,-0.000387207,49.99,-0.0119525,49.99,-0.0794169,49.99,-0.014558,49.99,-0.0112089,49.99,-0.0106057,49.99,-0.0018002,49.99,-0.0112072,49.99,-0.00630198,49.99,-0.0115701,49.99,-0.283907,49.99,-0.0111154,49.99,-0.0270784,49.99,-0.0119525,49.99,-0.00629624,49.99,0.413655,49.99,-0.000859622,49.99,-0.0119502
51.99,-0.0243789,51.99,-0.0106643,51.99,0.483439,51.99,0.000732711,51.99,-0.0243789,51.99,-0.00903543,51.99,-0.0306656,51.99,-0.0243789,51.99,-0.00436183,51.99,-0.0104619,51.99,-0.0201789,51.99,-0.241666,51.99,-0.241666,51.99,-0.00453735,51.99,0.00032937,51.99,-0.010666,51.99,-0.0714999,51.99,-0.0116886,51.99,-0.00989482,51.99,-0.00839053,51.99,0.000337549,51.99,-0.00989401,51.99,-0.00454323,51.99,-0.0102515,51.99,-0.241666,51.99,-0.00980319,51.99,-0.0243789,51.99,-0.010666,51.99,-0.00453735,51.99,0.482595,51.99,0.000732711,51.99,-0.0106639
53.99,-0.0219194,53.99,-0.00950688,53.99,0.551748,53.99,0.00219912,53.99,-0.0219194,53.99,-0.00770951,53.99,-0.0273117,53.99,-0.0219194,53.99,-0.00274106,53.99,-0.00931799,53.99,-0.0164842,53.99,-0.200768,53.99,-0.200768,53.99,-0.00291274,53.99,0.000989281,53.99,-0.00950849,53.99,-0.0642871,53.99,-0.00905657,53.99,-0.00870939,53.99,-0.00635503,53.99,0.00233672,53.99,-0.00870951,53.99,-0.00291876,53.99,-0.0090604,53.99,-0.200768,53.99,-0.00861971,53.99,-0.0219194,53.99,-0.00950849,53.99,-0.00291274,53.99,0.550844,53.99,0.00219912,53.99,-0.00950646
55.99,-0.0196828,55.99,-0.00846689,55.99,0.619374,55.99,0.003551,55.99,-0.0196828,55.99,-0.00647492,55.99,-0.0243011,55.99,-0.0196828,55.99,-0.00124285,55.99,-0.00829109,55.99,-0.0131311,55.99,-0.161203,55.99,-0.161203,55.99,-0.00141078,55.99,0.00159765,55.99,-0.00846839,55.99,-0.057728,55.99,-0.00664128,55.99,-0.00764113,55.99,-0.00448354,55.99,0.00420903,55.99,-0.00764231,55.99,-0.00141695,55.99,-0.00798558,55.99,-0.161203,55.99,-0.00755333,55.99,-0.0196828,55.99,-0.00846839,55.99,-0.00141078,55.99,0.618411,55.99,0.003551,55.99,-0.0084665
57.99,-0.0176527,57.99,-0.0075337,57.99,0.686332,57.99,0.00479893,57.99,-0.0176527,57.99,-0.00531532,57.99,-0.0216022,57.99,-0.0176527,57.99,0.000143659,57.99,-0.00737049,57.99,-0.0100884,57.99,-0.122957,57.99,-0.122957,57.99,-2.07E-05,57.99,0.00215924,57.99,-0.00753509,57.99,-0.0517741,57.99,-0.0044234,57.99,-0.00667937,57.99,-0.00276149,57.99,0.00596541,57.99,-0.00668173,57.99,-0.000026985,57.99,-0.00701648,57.99,-0.122957,57.99,-0.00659323,57.99,-0.0176527,57.99,-0.00753509,57.99,-2.07E-05,57.99,0.685308,57.99,0.00479893,57.99,-0.00753332
59.99,-0.0158131,59.99,-0.00669739,59.99,0.752639,59.99,0.00595272,59.99,-0.0158131,59.99,-0.00421357,59.99,-0.0191858,59.99,-0.0158131,59.99,0.00142855,59.99,-0.00654625,59.99,-0.00732718,59.99,-0.0860065,59.99,-0.0860065,59.99,0.00126763,59.99,0.00267846,59.99,-0.00669867,59.99,-0.0463791,59.99,-0.00238502,59.99,-0.0058142,59.99,-0.00117539,59.99,0.00761601,59.99,-0.0058179,59.99,0.00126117,59.99,-0.0061434,59.99,-0.0860065,59.99,-0.00572937,59.99,-0.0158131,59.99,-0.00669867,59.99,0.00126763,59.99,0.751555,59.99,0.00595272,59.99,-0.00669703
61.99,-0.014149,61.99,-0.00594883,61.99,0.818321,61.99,0.00702142,61.99,-0.014149,61.99,-0.00315112,61.99,-0.0170251,61.99,-0.014149,61.99,0.00262114,61.99,-0.00580919,61.99,-0.00482067,61.99,-0.0503259,61.99,-0.0503259,61.99,0.00246341,61.99,0.0031594,61.99,-0.00595002,61.99,-0.0414985,61.99,-0.000509574,61.99,-0.00503648,61.99,0.000287265,61.99,0.00917023,61.99,-0.0050417,61.99,0.0024568,61.99,-0.00535736,61.99,-0.0503259,61.99,-0.00495242,61.99,-0.014149,61.99,-0.00595002,61.99,0.00246341,61.99,0.817176,61.99,0.00702142,61.99,-0.0059485
63.99,-0.012646,63.99,-0.00527961,63.99,0.883405,63.99,0.00801338,63.99,-0.012646,63.99,-0.00210711,63.99,-0.0150953,63.99,-0.012646,63.99,0.00373001,63.99,-0.00515087,63.99,-0.00254429,63.99,-0.0158827,63.99,-0.0158827,63.99,0.00357524,63.99,0.0036058,63.99,-0.0052807,63.99,-0.0370906,63.99,0.00121821,63.99,-0.00433775,63.99,0.00163799,63.99,0.0106368,63.99,-0.00434471,63.99,0.00356847,63.99,-0.00465013,63.99,-0.0158827,63.99,-0.00425375,63.99,-0.012646,63.99,-0.0052807,63.99,0.00357524,63.99,0.882199,63.99,0.00801338,63.99,-0.0052793
65.99,-0.0112906,65.99,-0.00468198,65.99,0.947923,65.99,0.00893624,65.99,-0.0112906,65.99,-0.00105701,65.99,-0.0133737,65.99,-0.0112906,65.99,0.00476306,65.99,-0.00456354,65.99,-0.000475433,65.99,0.0173601,65.99,0.0173601,65.99,0.00461099,65.99,0.0040211,65.99,-0.00468298,65.99,-0.0331155,65.99,0.00281237,65.99,-0.00371025,65.99,0.00288738,65.99,0.0120236,65.99,-0.0037192,65.99,0.00460406,65.99,-0.00401416,65.99,0.0173601,65.99,-0.00362533,65.99,-0.0112906,65.99,-0.00468298,65.99,0.00461099,65.99,0.946656,65.99,0.00893624,65.99,-0.00468169
67.99,-0.0100702,67.99,-0.00414886,67.99,1.01191,67.99,0.00979702,67.99,-0.0100702,67.99,2.95E-05,67.99,-0.0118394,67.99,-0.0100702,67.99,0.00572754,67.99,-0.00404012,67.99,0.00140661,67.99,0.0494433,67.99,0.0494433,67.99,0.0055779,67.99,0.00440847,67.99,-0.00414978,67.99,-0.0295363,67.99,0.00428578,67.99,-0.00314685,67.99,0.00404515,67.99,0.013338,67.99,-0.00315811,67.99,0.00557081,67.99,-0.00344253,67.99,0.0494433,67.99,-0.00305971,67.99,-0.0100702,67.99,-0.00414978,67.99,0.0055779,67.99,1.01058,67.99,0.00979702,67.99,-0.00414859
69.99,-0.00897289,69.99,-0.00367378,69.99,1.07541,69.99,0.0106021,69.99,-0.00897289,69.99,0.00119182,69.99,-0.0104735,69.99,-0.00897289,69.99,0.00663006,69.99,-0.00357412,69.99,0.00312073,69.99,0.0804114,69.99,0.0804114,69.99,0.00648257,69.99,0.00477077,69.99,-0.00367463,69.99,-0.026318,69.99,0.00565022,69.99,-0.00264101,69.99,0.0051202,69.99,0.0145869,69.99,-0.00265496,69.99,0.00647533,69.99,-0.00292893,69.99,0.0804114,69.99,-0.0025499,69.99,-0.00897289,69.99,-0.00367463,69.99,0.00648257,69.99,1.07402,69.99,0.0106021,69.99,-0.00367353
71.99,-0.00798758,71.99,-0.00325083,71.99,1.13845,71.99,0.0113573,71.99,-0.00798758,71.99,0.00248461,71.99,-0.00925869,71.99,-0.00798758,71.99,0.00747667,71.99,-0.00315967,71.99,0.00468418,71.99,0.110312,71.99,0.110312,71.99,0.00733107,71.99,0.00511063,71.99,-0.00325161,71.99,-0.0234282,71.99,0.00691644,71.99,-0.00218675,71.99,0.00612063,71.99,0.0157763,71.99,-0.00220386,71.99,0.00732366,71.99,-0.00246759,71.99,0.110312,71.99,-0.00208923,71.99,-0.00798758,71.99,-0.00325161,71.99,0.00733107,71.99,1.137,71.99,0.0113573,71.99,-0.0032506
73.99,-0.00710402,73.99,-0.00287466,73.99,1.20109,73.99,0.0120679,73.99,-0.00710402,73.99,0.00398799,73.99,-0.00817931,73.99,-0.00710402,73.99,0.00827287,73.99,-0.0027914,73.99,0.0061126,73.99,0.139195,73.99,0.139195,73.99,0.00812889,73.99,0.00543042,73.99,-0.00287537,73.99,-0.0208368,73.99,0.00809423,73.99,-0.00177858,73.99,0.00705384,73.99,0.0169118,73.99,-0.00179945,73.99,0.0081213,73.99,-0.00205328,73.99,0.139195,73.99,-0.00167115,73.99,-0.00710402,73.99,-0.00287537,73.99,0.00812889,73.99,1.19958,73.99,0.0120679,73.99,-0.00287445
75.99,-0.00631268,75.99,-0.00254038,75.99,1.26337,75.99,0.0127388,75.99,-0.00631268,75.99,0.00582803,75.99,-0.00722111,75.99,-0.00631268,75.99,0.00902367,75.99,-0.00246446,75.99,0.00742021,75.99,0.167112,75.99,0.167112,75.99,0.00888104,75.99,0.00573231,75.99,-0.00254103,75.99,-0.0185159,75.99,0.00919248,75.99,-0.00141149,75.99,0.00792654,75.99,0.0179986,75.99,-0.00143687,75.99,0.00887328,75.99,-0.00168125,75.99,0.167112,75.99,-0.00128885,75.99,-0.00631268,75.99,-0.00254103,75.99,0.00888104,75.99,1.26179,75.99,0.0127388,75.99,-0.00254018
77.99,-0.0056048,77.99,-0.00224359,77.99,1.32532,77.99,0.0133742,77.99,-0.0056048,77.99,0.00821959,77.99,-0.00637122,77.99,-0.0056048,77.99,0.0097336,77.99,-0.00217448,77.99,0.00861986,77.99,0.194115,77.99,0.194115,77.99,0.00959207,77.99,0.00601824,77.99,-0.00224418,77.99,-0.0164397,77.99,0.0102193,77.99,-0.00108083,77.99,0.00874484,77.99,0.0190413,77.99,-0.00111171,77.99,0.00958414,77.99,-0.00134716,77.99,0.194115,77.99,-0.000934495,77.99,-0.0056048,77.99,-0.00224418,77.99,0.00959207,77.99,1.32368,77.99,0.0133742,77.99,-0.00224341
79.99,-0.0049723,79.99,-0.0019803,79.99,1.387,79.99,0.013978,79.99,-0.0049723,79.99,0.0115671,79.99,-0.00561803,79.99,-0.0049723,79.99,0.0104068,79.99,-0.00191747,79.99,0.00972318,79.99,0.220258,79.99,0.220258,79.99,0.0102661,79.99,0.00628997,79.99,-0.00198083,79.99,-0.0145846,79.99,0.0111819,79.99,-0.000782312,79.99,0.00951426,79.99,0.0200442,79.99,-0.000819994,79.99,0.010258,79.99,-0.0010471,79.99,0.220258,79.99,-0.000597347,79.99,-0.0049723,79.99,-0.00198083,79.99,0.0102661,79.99,1.38529,79.99,0.013978,79.99,-0.00198014
81.99,-0.00440777,81.99,-0.00174691,81.99,1.44845,81.99,0.0145538,81.99,-0.00440777,81.99,0.0167416,81.99,-0.00495105,81.99,-0.00440777,81.99,0.0110469,81.99,-0.00168988,81.99,0.0107406,81.99,0.245595,81.99,0.245595,81.99,0.0109069,81.99,0.0065491,81.99,-0.0017474,81.99,-0.0129289,81.99,0.0120869,81.99,-0.000511879,81.99,0.0102398,81.99,0.0210111,81.99,-0.000558114,81.99,0.0108986,81.99,-0.00077753,81.99,0.245595,81.99,-0.000258555,81.99,-0.00440777,81.99,-0.0017474,81.99,0.0109069,81.99,1.44668,81.99,0.0145538,81.99,-0.00174676
83.99,-0.00390445,83.99,-0.00154019,83.99,1.50972,83.99,0.0151048,83.99,-0.00390445,83.99,0.0260439,83.99,-0.00436086,83.99,-0.00390445,83.99,0.0116574,83.99,-0.00148848,83.99,0.0116817,83.99,0.270179,83.99,0.270179,83.99,0.0115177,83.99,0.00679704,83.99,-0.00154063,83.99,-0.0114526,83.99,0.0129404,83.99,-0.000265587,83.99,0.0109259,83.99,0.0219455,83.99,-0.00032283,83.99,0.0115092,83.99,-0.000535242,83.99,0.270179,83.99,0.000128624,83.99,-0.00390445,83.99,-0.00154063,83.99,0.0115177,83.99,1.50788,83.99,0.0151048,83.99,-0.00154005
85.99,-0.00345614,85.99,-0.00135722,85.99,1.57084,85.99,0.0156337,85.99,-0.00345614,85.99,0.0482164,85.99,-0.00383901,85.99,-0.00345614,85.99,0.0122412,85.99,-0.0013104,85.99,0.0125548,85.99,0.294061,85.99,0.294061,85.99,0.0121017,85.99,0.00703508,85.99,-0.00135762,85.99,-0.0101377,85.99,0.0137476,85.99,-3.94E-05,85.99,0.0115768,85.99,0.0228504,85.99,-0.000111212,85.99,0.012093,85.99,-0.000317344,85.99,0.294061,85.99,0.000760407,85.99,-0.00345614,85.99,-0.00135762,85.99,0.0121017,85.99,1.56893,85.99,0.0156337,85.99,-0.00135709
87.99,-0.00305721,87.99,-0.00119538,87.99,1.63185,87.99,0.0161432,87.99,-0.00305721,87.99,0.0855867,87.99,-0.00337789,87.99,-0.00305721,87.99,0.0128012,87.99,-0.00115304,87.99,0.0133675,87.99,0.317294,87.99,0.317294,87.99,0.0126616,87.99,0.00726436,87.99,-0.00119574,87.99,-0.00896762,87.99,0.0145134,87.99,0.000171295,87.99,0.0121959,87.99,0.0237288,87.99,7.94E-05,87.99,0.0126527,87.99,-0.000121228,87.99,0.317294,87.99,0.00661587,87.99,-0.00305721,87.99,-0.00119574,87.99,0.0126616,87.99,1.62987,87.99,0.0161432,87.99,-0.00119527
89.99,-0.00270257,89.99,-0.00105233,89.99,1.6928,89.99,0.0166356,89.99,-0.00270257,89.99,0.087468,89.99,-0.00297072,89.99,-0.00270257,89.99,0.0133396,89.99,-0.00101408,89.99,0.0141267,89.99,0.339925,89.99,0.339925,89.99,0.0131998,89.99,0.00748591,89.99,-0.00105265,89.99,-0.0079274,89.99,0.0152422,89.99,0.000372462,89.99,0.0127867,89.99,0.0245833,89.99,0.000251879,89.99,0.0131907,89.99,5.55E-05,89.99,0.339925,89.99,-0.00107048,89.99,-0.00270257,89.99,-0.00105265,89.99,0.0131998,89.99,1.69075,89.99,0.0166356,89.99,-0.00105222
91.99,-0.00238756,91.99,-0.000925961,91.99,1.75372,91.99,0.0171127,91.99,-0.00238756,91.99,0.0893407,91.99,-0.0026114,91.99,-0.00238756,91.99,0.0138588,91.99,-0.000891455,91.99,0.0148385,91.99,0.362005,91.99,0.362005,91.99,0.0137185,91.99,0.00770064,91.99,-0.000926254,91.99,-0.00700344,91.99,0.0159379,91.99,0.000573991,91.99,0.0133521,91.99,0.025416,91.99,0.00040117,91.99,0.0137093,91.99,0.00021482,91.99,0.362005,91.99,-0.000227961,91.99,-0.00238756,91.99,-0.000926254,91.99,0.0137185,91.99,1.7516,91.99,0.0171127,91.99,-0.000925867
93.99,-0.00210799,93.99,-0.000814402,93.99,1.81464,93.99,0.0175766,93.99,-0.00210799,93.99,0.0912062,93.99,-0.00229451,93.99,-0.00210799,93.99,0.0143607,93.99,-0.000783303,93.99,0.0155083,93.99,0.383578,93.99,0.383578,93.99,0.0142198,93.99,0.00790937,93.99,-0.000814667,93.99,-0.00618344,93.99,0.0166039,93.99,0.000797652,93.99,0.0138948,93.99,0.0262292,93.99,0.000544899,93.99,0.0142104,93.99,0.000358764,93.99,0.383578,93.99,0.000113216,93.99,-0.00210799,93.99,-0.000814667,93.99,0.0142198,93.99,1.81246,93.99,0.0175766,93.99,-0.000814317
95.99,-0.00186008,95.99,-0.000715974,95.99,1.87561,95.99,0.0180287,95.99,-0.00186008,95.99,0.0930661,95.99,-0.0020152,95.99,-0.00186008,95.99,0.0148471,95.99,-0.000687973,95.99,0.016141,95.99,0.404687,95.99,0.404687,95.99,0.0147055,95.99,0.00811283,95.99,-0.000716213,95.99,-0.00545628,95.99,0.0172434,95.99,0.00111582,95.99,0.0144171,95.99,0.0270247,95.99,0.000672403,95.99,0.0146959,95.99,0.000488989,95.99,0.404687,95.99,0.000335123,95.99,-0.00186008,95.99,-0.000716213,95.99,0.0147055,95.99,1.87335,95.99,0.0180287,95.99,-0.000715897
97.99,-0.00164041,97.99,-0.000629179,97.99,1.93664,97.99,0.0184705,97.99,-0.00164041,97.99,0.0949214,97.99,-0.00176915,97.99,-0.00164041,97.99,0.0153196,97.99,-0.000603992,97.99,0.0167409,97.99,0.425375,97.99,0.425375,97.99,0.0151771,97.99,0.00831166,97.99,-0.000629394,97.99,-0.00481194,97.99,0.0178592,97.99,0.00210036,97.99,0.0149211,97.99,0.0278041,97.99,0.000788062,97.99,0.0151673,97.99,0.000607022,97.99,0.425375,97.99,0.000505165,97.99,-0.00164041,97.99,-0.000629394,97.99,0.0151771,97.99,1.93431,97.99,0.0184705,97.99,-0.00062911
# x axis: Test potential (mV); y axis: GHK Driving Term (mC_per_uL),,,,,,,,,,,,,,,,,,,,,,,,,,,,,,,,,,,,,,,,,,,,,,,,,,,,,,,,,,,,# x axis: Test potential (mV); y axis: GHK Driving Term (mC_per_uL),,,
